paraula,frequencia_absoluta,frequencia_relativa_per_milio
l,33455,21290.4067
d,25040,15935.1901
valencià,10158,6464.4433
és,9959,6337.8018
o,9850,6268.4354
s,9456,6017.698
llengua,6612,4207.8066
se,5234,3330.862
valenciana,4533,2884.7531
ús,3967,2524.5567
entre,3192,2031.3549
altres,3049,1940.3512
paraula,3015,1918.714
este,2869,1825.8011
seua,2640,1680.068
esta,2450,1559.154
són,2431,1547.0626
hi,2420,1540.0623
sobre,2358,1500.6062
als,2322,1477.6961
valència,2317,1474.5142
forma,2190,1393.6927
què,2107,1340.8724
pel,2107,1340.8724
lingüística,2103,1338.3269
acadèmia,2071,1317.9624
des,2061,1311.5985
així,2035,1295.0524
llengües,2026,1289.3249
fa,1994,1268.9604
informació,1876,1193.8665
avl,1769,1125.7728
ara,1746,1111.1359
fer,1718,1093.317
castellà,1714,1090.7714
té,1700,1081.8619
ens,1698,1080.5892
y,1669,1062.1339
això,1660,1056.4064
part,1653,1051.9516
anys,1638,1042.4058
dos,1635,1040.4966
col,1632,1038.5875
quan,1616,1028.4052
pot,1582,1006.768
ex,1580,1005.4952
paraules,1579,1004.8588
any,1528,972.403
on,1514,963.4935
fet,1473,937.4016
cas,1456,926.5829
article,1454,925.3102
tots,1430,910.0368
qual,1406,894.7635
tant,1404,893.4907
nom,1403,892.8543
valencians,1397,889.036
comunitat,1385,881.3993
social,1376,875.6718
cal,1367,869.9443
cap,1365,868.6715
encara,1358,864.2168
fins,1355,862.3076
los,1345,855.9437
manera,1335,849.5798
perquè,1328,845.1251
general,1292,822.2151
lloc,1286,818.3967
mateix,1284,817.124
està,1259,801.2142
m,1255,798.6687
llei,1251,796.1231
ho,1250,795.4867
sense,1225,779.577
lingüístic,1201,764.3036
e,1197,761.7581
temps,1196,761.1217
població,1159,737.5753
estat,1136,722.9383
cada,1128,717.8472
sentit,1117,710.8469
li,1114,708.9378
segle,1111,707.0286
nostra,1110,706.3922
cultura,1081,687.9369
altra,1075,684.1186
lo,1063,676.4819
significat,1054,670.7544
seus,1016,646.5716
tenen,1011,643.3897
the,1000,636.3894
universitat,998,635.1166
referència,994,632.571
t,993,631.9347
gran,990,630.0255
primera,988,628.7527
dir,979,623.0252
van,966,614.7521
bé,957,609.0246
verb,942,599.4788
ensenyament,939,597.5696
després,939,597.5696
comunicació,938,596.9332
llatí,937,596.2969
generalitat,930,591.8421
n,927,589.933
institució,919,584.8418
referir,916,582.9327
primer,913,581.0235
només,912,580.3871
diferents,904,575.296
llibre,900,572.7504
àmbit,898,571.4777
persones,880,560.0227
havia,879,559.3863
segons,875,556.8407
valor,864,549.8404
partir,855,544.1129
ni,850,540.931
cosa,845,537.749
hem,844,537.1126
durant,837,532.6579
sempre,836,532.0215
política,823,523.7485
qualsevol,821,522.4757
joan,820,521.8393
totes,818,520.5665
alguns,815,518.6573
pròpia,812,516.7482
casos,807,513.5662
punt,804,511.6571
societat,802,510.3843
cultural,799,508.4751
formes,791,503.384
mateixa,786,500.2021
persona,782,497.6565
dins,779,495.7473
vida,776,493.8382
respecte,776,493.8382
exemple,773,491.929
b,769,489.3834
poden,767,488.1107
aquest,765,486.8379
seues,761,484.2923
las,761,484.2923
administració,760,483.6559
acord,754,479.8376
obra,753,479.2012
etc,750,477.292
siga,735,467.7462
oficial,734,467.1098
situació,733,466.4734
prové,731,465.2006
estos,726,462.0187
dia,719,457.564
treball,718,456.9276
davant,716,455.6548
consell,715,455.0184
sol,715,455.0184
valencianes,711,452.4729
josep,707,449.9273
normativa,700,445.4726
maria,696,442.927
vicent,694,441.6542
molts,693,441.0178
aquesta,690,439.1087
c,688,437.8359
sant,680,432.7448
poc,680,432.7448
tres,680,432.7448
coneixement,678,431.472
usa,678,431.472
estudis,677,430.8356
educació,676,430.1992
relació,671,427.0173
canvi,670,426.3809
món,666,423.8353
usar,663,421.9262
altre,656,417.4714
uns,655,416.835
lingüístics,651,414.2895
procés,650,413.6531
of,646,411.1075
banda,640,407.2892
conjunt,637,405.38
ben,636,404.7436
català,633,402.8345
estes,628,399.6525
nostre,627,399.0161
tal,626,398.3798
sinó,626,398.3798
passat,626,398.3798
sobretot,618,393.2886
especialment,616,392.0159
caràcter,613,390.1067
ciutat,610,388.1975
realitat,609,387.5611
través,609,387.5611
algunes,607,386.2884
f,600,381.8336
alacant,596,379.2881
francés,594,378.0153
lengua,593,377.3789
institucions,591,376.1061
govern,591,376.1061
projecte,588,374.197
terme,585,372.2878
tracta,585,372.2878
país,576,366.5603
zona,574,365.2875
quals,572,364.0147
promoció,570,362.7419
noms,570,362.7419
alguna,569,362.1056
moltes,569,362.1056
casa,566,360.1964
parlar,566,360.1964
sovint,565,359.56
taula,562,357.6508
dret,556,353.8325
actual,552,351.2869
origen,550,350.0142
mitjans,549,349.3778
futur,547,348.105
tan,547,348.105
expressió,545,346.8322
història,542,344.923
qui,541,344.2867
actualment,541,344.2867
nou,540,343.6503
tindre,539,343.0139
moment,535,340.4683
dades,534,339.8319
anglés,533,339.1955
diverses,531,337.9228
següents,531,337.9228
àmbits,527,335.3772
socials,523,332.8316
sigut,523,332.8316
president,522,332.1953
decret,522,332.1953
pels,521,331.5589
unes,518,329.6497
habitual,515,327.7405
pública,515,327.7405
grup,515,327.7405
gt,513,326.4678
text,504,320.7402
diversos,499,317.5583
oral,494,314.3764
parla,491,312.4672
diccionari,491,312.4672
diu,488,310.558
castelló,487,309.9216
llarg,483,307.3761
present,483,307.3761
sistema,483,307.3761
fou,482,306.7397
creació,481,306.1033
fan,479,304.8305
nivell,472,300.3758
algú,472,300.3758
apareix,472,300.3758
tota,471,299.7394
funció,470,299.103
catalana,469,298.4666
mot,469,298.4666
poder,465,295.9211
nostres,465,295.9211
programa,465,295.9211
menys,465,295.9211
usos,463,294.6483
final,463,294.6483
nova,461,293.3755
laboració,460,292.7391
públics,460,292.7391
edició,458,291.4663
predomini,458,291.4663
abans,457,290.8299
poble,455,289.5572
oficials,454,288.9208
ple,451,287.0116
donar,449,285.7388
ii,449,285.7388
in,447,284.4661
literatura,445,283.1933
catalunya,444,282.5569
traducció,443,281.9205
substantiu,441,280.6477
tipus,440,280.0113
llibres,439,279.3749
institut,439,279.3749
drets,438,278.7385
il,437,278.1022
compte,436,277.4658
estan,432,274.9202
major,432,274.9202
lingüístiques,431,274.2838
por,431,274.2838
públic,427,271.7383
vegades,426,271.1019
estudi,425,270.4655
barcelona,421,267.9199
ne,420,267.2835
acció,420,267.2835
centre,418,266.0108
evolució,418,266.0108
vegada,414,263.4652
competència,413,262.8288
personal,412,262.1924
espai,410,260.9196
podem,410,260.9196
publicacions,409,260.2833
and,409,260.2833
ferrer,408,259.6469
acadèmics,408,259.6469
v,406,258.3741
sí,406,258.3741
membres,404,257.1013
tradició,403,256.4649
territori,401,255.1921
activitats,399,253.9194
vocal,399,253.9194
segon,398,253.283
adjectiu,398,253.283
estatut,397,252.6466
vol,397,252.6466
centres,397,252.6466
gènere,397,252.6466
contra,396,252.0102
plural,396,252.0102
format,395,251.3738
criteris,394,250.7374
j,394,250.7374
juny,392,249.4646
dona,392,249.4646
significa,392,249.4646
nombre,390,248.1919
eixe,389,247.5555
idea,386,245.6463
objectiu,385,245.0099
tenia,383,243.7371
unió,381,242.4644
toponímia,380,241.828
resta,380,241.828
aquells,380,241.828
grans,377,239.9188
lletres,376,239.2824
jornada,376,239.2824
formació,375,238.646
comunitats,375,238.646
punts,375,238.646
nos,374,238.0096
escriure,372,236.7368
millor,368,234.1913
model,368,234.1913
normalització,367,233.5549
sols,366,232.9185
europea,366,232.9185
segona,365,232.2821
relacions,364,231.6457
textos,364,231.6457
presidenta,363,231.0093
utilitza,363,231.0093
veu,362,230.373
ramon,359,228.4638
important,359,228.4638
preposició,359,228.4638
parlants,358,227.8274
servir,358,227.8274
con,358,227.8274
edat,357,227.191
literària,355,225.9182
possible,355,225.9182
nosaltres,355,225.9182
art,355,225.9182
inicial,353,224.6455
serà,352,224.0091
verbs,351,223.3727
autor,350,222.7363
diversitat,350,222.7363
programes,349,222.0999
lectura,349,222.0999
pronunciació,349,222.0999
ací,347,220.8271
elements,347,220.8271
resultat,347,220.8271
escola,347,220.8271
grups,347,220.8271
escriptors,345,219.5543
premi,345,219.5543
terra,345,219.5543
conselleria,345,219.5543
mitjà,344,218.9179
designar,343,218.2816
activitat,343,218.2816
públiques,343,218.2816
presència,342,217.6452
comissió,342,217.6452
municipis,342,217.6452
obres,341,217.0088
fuster,340,216.3724
grec,340,216.3724
indicar,339,215.736
normes,339,215.736
idioma,338,215.0996
finalment,336,213.8268
senyor,336,213.8268
majoria,335,213.1904
jaume,334,212.5541
estats,334,212.5541
p,331,210.6449
avaluació,331,210.6449
càrrec,330,210.0085
global,330,210.0085
utilitzar,329,209.3721
miquel,327,208.0993
cantó,327,208.0993
denominació,327,208.0993
hui,327,208.0993
nous,326,207.4629
culturals,326,207.4629
autonomia,326,207.4629
ajuntament,325,206.8265
europa,325,206.8265
llegir,323,205.5538
aquell,322,204.9174
anar,321,204.281
to,321,204.281
polítiques,321,204.281
he,320,203.6446
algun,320,203.6446
entendre,318,202.3718
haver,318,202.3718
manuel,317,201.7354
identitat,313,199.1899
escriptor,313,199.1899
antic,313,199.1899
ciutadans,313,199.1899
acte,312,198.5535
actualitat,312,198.5535
para,312,198.5535
conéixer,311,197.9171
presenta,311,197.9171
estar,310,197.2807
aplicació,310,197.2807
vista,309,196.6443
principal,308,196.0079
noves,308,196.0079
igual,308,196.0079
teatre,308,196.0079
real,307,195.3715
junta,307,195.3715
matèria,304,193.4624
popular,304,193.4624
local,304,193.4624
prou,304,193.4624
fora,303,192.826
xx,303,192.826
francesc,303,192.826
coses,303,192.826
eixa,302,192.1896
normatiu,301,191.5532
suport,301,191.5532
quatre,300,190.9168
membre,299,190.2804
foment,299,190.2804
proposta,299,190.2804
període,298,189.644
context,297,189.0076
tenim,297,189.0076
marc,296,188.3713
aigua,296,188.3713
dit,296,188.3713
posar,295,187.7349
curs,295,187.7349
generals,295,187.7349
filologia,294,187.0985
secció,294,187.0985
novel,293,186.4621
u,293,186.4621
vp,293,186.4621
acadèmica,292,185.8257
base,292,185.8257
camp,292,185.8257
festa,291,185.1893
publicat,291,185.1893
gramàtica,290,184.5529
arribar,290,184.5529
anat,289,183.9165
acadèmic,288,183.2801
indica,288,183.2801
voluntat,287,182.6438
novembre,286,182.0074
mostra,286,182.0074
total,286,182.0074
entitats,285,181.371
apartat,285,181.371
valenciano,285,181.371
següent,285,181.371
significava,284,180.7346
pronoms,284,180.7346
lletra,283,180.0982
aquestes,283,180.0982
passà,282,179.4618
capacitat,281,178.8254
documentació,281,178.8254
fi,279,177.5526
termes,279,177.5526
informe,278,176.9162
grau,278,176.9162
professor,277,176.2799
hauria,277,176.2799
núm,277,176.2799
como,276,175.6435
anterior,275,175.0071
eren,275,175.0071
normal,275,175.0071
femení,275,175.0071
potser,275,175.0071
enquesta,275,175.0071
aspectes,274,174.3707
recursos,274,174.3707
corts,274,174.3707
pronom,274,174.3707
generalment,273,173.7343
element,272,173.0979
res,272,173.0979
actes,271,172.4615
lluís,271,172.4615
comarques,271,172.4615
escriptora,271,172.4615
regió,271,172.4615
família,270,171.8251
territoris,270,171.8251
conveni,269,171.1887
locals,269,171.1887
música,269,171.1887
vocable,269,171.1887
orde,268,170.5524
prefix,268,170.5524
certs,267,169.916
beneyto,267,169.916
carrer,267,169.916
vint,266,169.2796
cinc,265,168.6432
especial,265,168.6432
pla,264,168.0068
quasi,264,168.0068
xix,264,168.0068
presenten,263,167.3704
onomàstica,262,166.734
pas,262,166.734
gent,262,166.734
formen,262,166.734
italià,261,166.0976
cursos,260,165.4612
administracions,260,165.4612
aquests,260,165.4612
permet,259,164.8248
autors,259,164.8248
llenguatge,259,164.8248
sufix,259,164.8248
mar,258,164.1885
bona,257,163.5521
investigació,257,163.5521
publicació,257,163.5521
propi,257,163.5521
expressar,257,163.5521
norma,256,162.9157
variant,256,162.9157
revista,255,162.2793
redacció,255,162.2793
nord,255,162.2793
tercera,255,162.2793
espanyol,255,162.2793
associació,254,161.6429
antoni,254,161.6429
camí,254,161.6429
àrea,253,161.0065
institucional,252,160.3701
passa,252,160.3701
ell,251,159.7337
reconeixement,250,159.0973
havien,250,159.0973
adjectius,250,159.0973
objecte,249,158.461
escrita,249,158.461
escrit,249,158.461
adverbis,249,158.461
balears,249,158.461
aprenentatge,249,158.461
dues,249,158.461
sociolingüística,248,157.8246
em,247,157.1882
obstant,247,157.1882
març,247,157.1882
cos,247,157.1882
últim,246,156.5518
espanya,246,156.5518
escriuen,246,156.5518
necessitat,245,155.9154
característiques,245,155.9154
substantius,245,155.9154
xarxa,244,155.279
allò,243,154.6426
qüestió,243,154.6426
color,243,154.6426
originàriament,243,154.6426
lèxic,242,154.0062
documents,242,154.0062
figura,242,154.0062
producció,242,154.0062
mentre,242,154.0062
hora,241,153.3698
sector,241,153.3698
funcions,241,153.3698
mare,241,153.3698
saber,240,152.7335
antiga,239,152.0971
su,239,152.0971
déu,239,152.0971
concretament,239,152.0971
recuperació,238,151.4607
veure,238,151.4607
carles,237,150.8243
ells,237,150.8243
exposició,237,150.8243
juliol,237,150.8243
usen,237,150.8243
presentació,236,150.1879
usava,236,150.1879
castellano,235,149.5515
posició,234,148.9151
pares,234,148.9151
nascuts,234,148.9151
coneixements,233,148.2787
desembre,233,148.2787
topònims,233,148.2787
oració,233,148.2787
pràctica,232,147.6423
mitjana,232,147.6423
extensió,231,147.0059
garantir,230,146.3696
direcció,230,146.3696
primers,230,146.3696
poesia,230,146.3696
tingut,229,145.7332
r,228,145.0968
dies,228,145.0968
fills,228,145.0968
escriu,228,145.0968
considera,227,144.4604
articles,227,144.4604
font,227,144.4604
data,227,144.4604
intel,225,143.1876
universitats,225,143.1876
singular,225,143.1876
sembla,225,143.1876
complement,225,143.1876
ef,225,143.1876
paper,224,142.5512
abril,224,142.5512
constitució,224,142.5512
feia,224,142.5512
classe,224,142.5512
http,223,141.9148
certes,222,141.2784
ràdio,222,141.2784
títol,222,141.2784
dones,222,141.2784
evitar,222,141.2784
mesures,221,140.6421
patrimoni,220,140.0057
motiu,220,140.0057
alt,220,140.0057
declaració,220,140.0057
massa,220,140.0057
comú,219,139.3693
actuació,219,139.3693
sèrie,219,139.3693
trobar,219,139.3693
mesura,218,138.7329
països,218,138.7329
mai,218,138.7329
baix,218,138.7329
document,218,138.7329
cv,218,138.7329
crear,217,138.0965
històrica,216,137.4601
professionals,216,137.4601
donat,216,137.4601
internacional,216,137.4601
línia,215,136.8237
alumnat,215,136.8237
conseqüència,215,136.8237
deu,215,136.8237
habitants,215,136.8237
superior,215,136.8237
difusió,214,136.1873
cert,214,136.1873
alumnes,214,136.1873
almenys,214,136.1873
protecció,214,136.1873
règim,214,136.1873
contingut,214,136.1873
blanc,214,136.1873
combinació,214,136.1873
pobles,213,135.5509
estructura,213,135.5509
sud,213,135.5509
elaboració,213,135.5509
regions,213,135.5509
alta,212,134.9145
verònica,211,134.2782
precisament,211,134.2782
iniciatives,211,134.2782
entitat,211,134.2782
associacions,211,134.2782
web,210,133.6418
llocs,210,133.6418
fent,209,133.0054
presentar,209,133.0054
pròpies,208,132.369
majúscula,208,132.369
vila,207,131.7326
estil,207,131.7326
pp,207,131.7326
aconseguir,207,131.7326
masculí,207,131.7326
aquelles,206,131.0962
última,206,131.0962
estàndard,206,131.0962
propis,206,131.0962
tampoc,206,131.0962
jo,205,130.4598
efecte,205,130.4598
maig,205,130.4598
diferent,205,130.4598
televisió,204,129.8234
gràcies,204,129.8234
setembre,204,129.8234
església,204,129.8234
variants,204,129.8234
tradicional,203,129.187
director,203,129.187
pare,202,128.5507
seguit,202,128.5507
vives,202,128.5507
hores,202,128.5507
et,202,128.5507
importància,201,127.9143
educatiu,201,127.9143
editorial,200,127.2779
alcoi,200,127.2779
única,199,126.6415
www,199,126.6415
enric,198,126.0051
disposició,198,126.0051
actuacions,198,126.0051
accés,198,126.0051
natural,198,126.0051
contacte,198,126.0051
voltant,197,125.3687
registres,197,125.3687
època,197,125.3687
manté,197,125.3687
procediment,197,125.3687
formals,197,125.3687
dubte,196,124.7323
principals,196,124.7323
concret,196,124.7323
fruit,195,124.0959
baixa,195,124.0959
designa,195,124.0959
anteriors,194,123.4595
estava,194,123.4595
enllà,193,122.8232
establix,193,122.8232
carme,193,122.8232
causa,193,122.8232
nacional,193,122.8232
oracions,193,122.8232
construcció,192,122.1868
participació,192,122.1868
festes,192,122.1868
g,192,122.1868
igualment,192,122.1868
plana,191,121.5504
haja,191,121.5504
unitat,191,121.5504
mort,191,121.5504
tractament,191,121.5504
trobem,190,120.914
propostes,190,120.914
qualitat,189,120.2776
número,189,120.2776
clar,189,120.2776
tractat,189,120.2776
resultats,188,119.6412
lenguas,188,119.6412
siguen,187,119.0048
corresponent,187,119.0048
guerra,187,119.0048
aquella,187,119.0048
plena,186,118.3684
aprovació,186,118.3684
luev,186,118.3684
derivat,186,118.3684
professional,185,117.732
zones,185,117.732
percentatge,184,117.0956
qüestions,184,117.0956
semblant,184,117.0956
personals,184,117.0956
valencianoparlant,184,117.0956
tasca,183,116.4593
quant,183,116.4593
llatina,183,116.4593
creat,183,116.4593
ibars,183,116.4593
tema,183,116.4593
î,183,116.4593
actituds,182,115.8229
interés,182,115.8229
establir,182,115.8229
celebració,182,115.8229
conegut,182,115.8229
usat,182,115.8229
rei,182,115.8229
pron,182,115.8229
familiar,181,115.1865
parts,181,115.1865
principi,181,115.1865
exili,181,115.1865
castellana,181,115.1865
compromís,180,114.5501
resulta,180,114.5501
estudiants,180,114.5501
jurídic,180,114.5501
últims,180,114.5501
igualtat,180,114.5501
excel,180,114.5501
registre,180,114.5501
discurs,179,113.9137
catalans,179,113.9137
polítics,179,113.9137
formada,179,113.9137
passar,179,113.9137
octubre,179,113.9137
autònomes,179,113.9137
importants,179,113.9137
menor,179,113.9137
destacar,178,113.2773
representa,178,113.2773
legal,178,113.2773
biblioteca,178,113.2773
servicis,178,113.2773
favor,177,112.6409
recent,177,112.6409
polític,176,112.0045
alhora,176,112.0045
gandia,176,112.0045
amics,176,112.0045
fenomen,176,112.0045
justícia,176,112.0045
raó,175,111.3681
sessió,175,111.3681
pere,175,111.3681
lecció,175,111.3681
seria,175,111.3681
torn,175,111.3681
expressions,175,111.3681
viu,174,110.7318
literari,174,110.7318
segles,174,110.7318
atenció,174,110.7318
ella,174,110.7318
proporció,174,110.7318
síl,174,110.7318
preposicions,174,110.7318
isabel,173,110.0954
elx,173,110.0954
escolar,173,110.0954
so,173,110.0954
corpus,172,109.459
h,172,109.459
efectivament,172,109.459
premis,171,108.8226
materials,170,108.1862
parlars,170,108.1862
treballs,169,107.5498
febrer,169,107.5498
considerar,169,107.5498
introducció,169,107.5498
central,169,107.5498
representació,169,107.5498
son,169,107.5498
còmic,168,106.9134
principis,168,106.9134
econòmic,168,106.9134
fons,168,106.9134
portugués,168,106.9134
entrevistats,168,106.9134
finals,167,106.277
bon,167,106.277
primeres,167,106.277
valencia,167,106.277
formal,167,106.277
educativa,167,106.277
escriptura,167,106.277
sectors,166,105.6406
diccionaris,166,105.6406
mercat,166,105.6406
carta,166,105.6406
premsa,166,105.6406
signes,166,105.6406
consonant,166,105.6406
recordar,165,105.0042
servici,165,105.0042
sent,165,105.0042
terminologia,165,105.0042
mantindre,165,105.0042
puguen,165,105.0042
consulta,165,105.0042
doncs,165,105.0042
civil,165,105.0042
probablement,165,105.0042
arrel,165,105.0042
ed,165,105.0042
curial,165,105.0042
acabats,165,105.0042
más,165,105.0042
classes,164,104.3679
perspectiva,164,104.3679
anàlisi,164,104.3679
secundària,164,104.3679
espanyola,164,104.3679
rafael,164,104.3679
regne,164,104.3679
antigament,164,104.3679
instrument,163,103.7315
canvis,163,103.7315
podria,163,103.7315
municipi,163,103.7315
rebre,163,103.7315
madrid,163,103.7315
raons,163,103.7315
coneguda,163,103.7315
terreny,163,103.7315
accions,162,103.0951
setmana,162,103.0951
topònim,162,103.0951
empreses,162,103.0951
reglament,162,103.0951
certa,162,103.0951
equivalent,162,103.0951
canal,161,102.4587
mal,161,102.4587
jordi,160,101.8223
puga,160,101.8223
acords,160,101.8223
objectius,160,101.8223
àrab,160,101.8223
ciència,160,101.8223
actuals,160,101.8223
condició,160,101.8223
via,160,101.8223
valors,159,101.1859
llarga,159,101.1859
exemples,159,101.1859
àngels,159,101.1859
convé,159,101.1859
necessari,158,100.5495
clara,158,100.5495
defensa,158,100.5495
sap,158,100.5495
accent,158,100.5495
condicions,157,99.9131
domini,157,99.9131
ciutats,157,99.9131
simple,157,99.9131
sintagma,157,99.9131
vocabulari,156,99.2767
versió,156,99.2767
entrada,156,99.2767
nivells,156,99.2767
esa,156,99.2767
presa,155,98.6404
paral,155,98.6404
resposta,155,98.6404
moviment,155,98.6404
aplicar,155,98.6404
monestir,154,98.004
bilingüe,154,98.004
home,154,98.004
adaptació,153,97.3676
entorn,153,97.3676
etimologia,153,97.3676
mas,153,97.3676
estem,153,97.3676
animals,153,97.3676
residents,153,97.3676
language,153,97.3676
formar,152,96.7312
falta,152,96.7312
oberta,152,96.7312
recurs,152,96.7312
solen,152,96.7312
me,152,96.7312
derivació,152,96.7312
set,151,96.0948
fonamental,151,96.0948
criteri,151,96.0948
arribat,151,96.0948
deixar,151,96.0948
nit,151,96.0948
uso,151,96.0948
posa,150,95.4584
alemany,150,95.4584
iii,150,95.4584
força,150,95.4584
grafia,150,95.4584
influència,150,95.4584
ana,150,95.4584
reunió,150,95.4584
dóna,150,95.4584
expressa,149,94.822
doble,149,94.822
mil,149,94.822
ningú,149,94.822
processos,149,94.822
mateixos,149,94.822
diferències,149,94.822
bàsica,149,94.822
reis,148,94.1856
competències,148,94.1856
memòria,148,94.1856
determinats,148,94.1856
efectes,148,94.1856
mots,148,94.1856
deriva,148,94.1856
laba,148,94.1856
incorporació,147,93.5492
variació,147,93.5492
ajuda,147,93.5492
inclou,147,93.5492
pérez,147,93.5492
crítica,147,93.5492
salvador,147,93.5492
vocals,147,93.5492
utilitzen,147,93.5492
viure,146,92.9128
troba,146,92.9128
projectes,146,92.9128
usuaris,146,92.9128
mira,146,92.9128
comença,146,92.9128
infinitiu,146,92.9128
tenir,146,92.9128
dur,145,92.2765
fundació,145,92.2765
professorat,145,92.2765
termini,145,92.2765
facilitar,145,92.2765
tercer,145,92.2765
jurídica,145,92.2765
europeu,145,92.2765
mà,144,91.6401
creu,144,91.6401
edicions,144,91.6401
sis,144,91.6401
audiovisual,144,91.6401
queda,144,91.6401
malgrat,144,91.6401
diferència,144,91.6401
realitzar,144,91.6401
capital,144,91.6401
territorial,144,91.6401
continua,144,91.6401
jesús,144,91.6401
contrari,144,91.6401
usada,144,91.6401
alfons,143,91.0037
lectiu,143,91.0037
autònoma,143,91.0037
locucions,143,91.0037
increment,143,91.0037
situacions,143,91.0037
val,143,91.0037
autonòmica,143,91.0037
promoure,142,90.3673
plenament,142,90.3673
enguany,142,90.3673
municipal,142,90.3673
conté,142,90.3673
tradicionals,142,90.3673
marina,142,90.3673
economia,142,90.3673
originari,142,90.3673
subjecte,142,90.3673
damunt,141,89.7309
ajuntaments,141,89.7309
primària,141,89.7309
seran,141,89.7309
opinió,141,89.7309
possibilitat,141,89.7309
naixement,141,89.7309
roig,141,89.7309
te,141,89.7309
organització,140,89.0945
escrits,140,89.0945
vall,140,89.0945
marca,140,89.0945
foren,140,89.0945
rosa,140,89.0945
diari,140,89.0945
porta,140,89.0945
estatal,140,89.0945
internet,140,89.0945
relatiu,140,89.0945
audiència,140,89.0945
pres,140,89.0945
aprovat,139,88.4581
finalitat,139,88.4581
costat,139,88.4581
minoritàries,139,88.4581
trajectòria,138,87.8217
infantil,138,87.8217
significats,138,87.8217
interior,138,87.8217
clarament,138,87.8217
vist,137,87.1853
aspecte,137,87.1853
tindrà,137,87.1853
publicar,137,87.1853
illes,137,87.1853
varietat,137,87.1853
exclusivament,137,87.1853
determinat,137,87.1853
oficialitat,137,87.1853
mentres,137,87.1853
contextos,136,86.549
volem,136,86.549
administratiu,136,86.549
secretari,136,86.549
particular,136,86.549
existència,136,86.549
introduir,136,86.549
podrà,136,86.549
desenvolupament,136,86.549
normalment,136,86.549
evident,136,86.549
bàsic,136,86.549
estatus,135,85.9126
quantitat,135,85.9126
material,135,85.9126
habitualment,135,85.9126
sa,135,85.9126
deixa,135,85.9126
has,135,85.9126
signe,135,85.9126
possessió,134,85.2762
poeta,134,85.2762
definició,134,85.2762
revistes,134,85.2762
servix,134,85.2762
alzira,134,85.2762
parlen,134,85.2762
models,134,85.2762
español,134,85.2762
correspon,133,84.6398
rep,133,84.6398
explica,133,84.6398
fomentar,133,84.6398
quedat,133,84.6398
òrgans,133,84.6398
or,133,84.6398
iniciativa,133,84.6398
definitiva,132,84.0034
exercici,132,84.0034
debat,132,84.0034
gens,132,84.0034
riu,132,84.0034
posteriorment,132,84.0034
treballar,131,83.367
fem,131,83.367
xv,131,83.367
denominacions,131,83.367
feta,131,83.367
dificultats,131,83.367
poders,131,83.367
µ,131,83.367
abast,130,82.7306
municipals,130,82.7306
etapa,130,82.7306
genèric,129,82.0942
recull,129,82.0942
terres,129,82.0942
tenint,129,82.0942
sanchis,129,82.0942
martí,129,82.0942
deia,129,82.0942
gener,129,82.0942
diuen,129,82.0942
respectivament,129,82.0942
provinent,129,82.0942
participi,129,82.0942
renovació,128,81.4578
som,128,81.4578
dècada,128,81.4578
ve,128,81.4578
falles,128,81.4578
pensar,128,81.4578
sens,128,81.4578
vaig,128,81.4578
legislació,128,81.4578
departament,127,80.8215
autora,127,80.8215
república,127,80.8215
habituals,127,80.8215
directe,127,80.8215
permeten,127,80.8215
econòmica,127,80.8215
productes,127,80.8215
organismes,127,80.8215
resolució,127,80.8215
legals,127,80.8215
quin,127,80.8215
tancada,127,80.8215
recerca,126,80.1851
antics,126,80.1851
santa,126,80.1851
tenien,126,80.1851
distribució,126,80.1851
estranger,126,80.1851
jove,126,80.1851
problemes,126,80.1851
barranc,126,80.1851
imatge,126,80.1851
humans,126,80.1851
espais,125,79.5487
xarxes,125,79.5487
ciències,125,79.5487
locució,125,79.5487
hòmens,125,79.5487
tanmateix,125,79.5487
dénia,125,79.5487
vos,125,79.5487
llibertat,125,79.5487
darrere,125,79.5487
conjunció,125,79.5487
campanya,125,79.5487
començà,125,79.5487
segurament,125,79.5487
valencian,124,78.9123
andrés,124,78.9123
perfectament,124,78.9123
treballadors,124,78.9123
transmissió,124,78.9123
vigent,124,78.9123
adverbi,124,78.9123
sus,124,78.9123
projecció,123,78.2759
viva,123,78.2759
positiva,123,78.2759
gestió,123,78.2759
convocatòria,123,78.2759
tendència,123,78.2759
planta,123,78.2759
produïx,123,78.2759
estellés,123,78.2759
factors,123,78.2759
tinga,122,77.6395
pràcticament,122,77.6395
històric,122,77.6395
lleis,122,77.6395
fets,122,77.6395
aleshores,122,77.6395
haurà,122,77.6395
útil,121,77.0031
opinions,121,77.0031
haurien,121,77.0031
mesos,121,77.0031
actitud,121,77.0031
llum,121,77.0031
consideració,121,77.0031
adoptar,121,77.0031
caldria,121,77.0031
manifesta,121,77.0031
personatges,121,77.0031
vulgar,121,77.0031
compostos,121,77.0031
didàctica,120,76.3667
elecció,120,76.3667
parlant,120,76.3667
quina,120,76.3667
apareixen,120,76.3667
procedent,120,76.3667
problema,120,76.3667
valencianoparlants,119,75.7303
difondre,119,75.7303
bases,119,75.7303
tècnica,119,75.7303
nadal,119,75.7303
vasca,119,75.7303
facultat,118,75.0939
títols,118,75.0939
possibles,118,75.0939
aprova,118,75.0939
tradicionalment,118,75.0939
administratius,118,75.0939
regula,118,75.0939
indicatiu,118,75.0939
experiència,117,74.4576
congrés,117,74.4576
plurilingüisme,117,74.4576
is,117,74.4576
lliure,116,73.8212
obligació,116,73.8212
consciència,116,73.8212
participar,116,73.8212
motius,116,73.8212
determinada,116,73.8212
trenta,116,73.8212
serveis,116,73.8212
tu,116,73.8212
normalitat,115,73.1848
pesar,115,73.1848
explicar,115,73.1848
almela,115,73.1848
seguint,115,73.1848
pogut,115,73.1848
ferrando,115,73.1848
indiquen,115,73.1848
diminutiu,115,73.1848
poblacions,115,73.1848
utilitzat,115,73.1848
precedit,115,73.1848
arriba,114,72.5484
concepte,114,72.5484
professora,114,72.5484
celebrar,114,72.5484
destaca,114,72.5484
directament,114,72.5484
portal,114,72.5484
científica,114,72.5484
teresa,114,72.5484
garcia,114,72.5484
xiquets,114,72.5484
produït,114,72.5484
navarra,114,72.5484
codi,114,72.5484
comunidad,114,72.5484
continuar,113,71.912
dedicat,113,71.912
regulació,113,71.912
esforç,113,71.912
euros,113,71.912
ajudes,113,71.912
pons,113,71.912
prendre,113,71.912
entén,113,71.912
mitjançant,113,71.912
bàsicament,113,71.912
constitucional,113,71.912
modernament,113,71.912
hàbitat,113,71.912
palomero,112,71.2756
línies,112,71.2756
homenatge,112,71.2756
x,112,71.2756
començar,112,71.2756
representants,112,71.2756
lluny,112,71.2756
capítol,112,71.2756
enquestes,112,71.2756
xvi,112,71.2756
inicialment,112,71.2756
conjuncions,112,71.2756
mb,112,71.2756
forta,111,70.6392
tornar,111,70.6392
percepció,111,70.6392
integració,111,70.6392
difícil,111,70.6392
butlletí,111,70.6392
afirma,111,70.6392
nominal,111,70.6392
cultures,111,70.6392
mantenen,111,70.6392
regionals,111,70.6392
impuls,110,70.0028
seguretat,110,70.0028
aporta,110,70.0028
acaba,110,70.0028
desitjable,110,70.0028
original,110,70.0028
constar,110,70.0028
terminació,110,70.0028
marge,110,70.0028
relacionats,109,69.3664
organisme,109,69.3664
aniversari,109,69.3664
necessitats,109,69.3664
òrgan,109,69.3664
preveu,109,69.3664
lectius,109,69.3664
aprendre,109,69.3664
cançó,109,69.3664
distinció,109,69.3664
construccions,109,69.3664
segura,108,68.7301
ajudar,108,68.7301
matèries,108,68.7301
jóvens,108,68.7301
educatius,108,68.7301
troben,108,68.7301
poemes,108,68.7301
idiomes,108,68.7301
tinguen,108,68.7301
molta,108,68.7301
afegir,108,68.7301
naturalesa,108,68.7301
aprovar,108,68.7301
podia,108,68.7301
prompte,108,68.7301
continguts,107,68.0937
orígens,107,68.0937
escoles,107,68.0937
diners,107,68.0937
diputació,107,68.0937
agost,107,68.0937
determinades,107,68.0937
castellanoparlant,107,68.0937
arreu,107,68.0937
lèxica,107,68.0937
cara,107,68.0937
esport,107,68.0937
cat,107,68.0937
salut,106,67.4573
prestigi,106,67.4573
medieval,106,67.4573
secretària,106,67.4573
lectors,106,67.4573
continuació,106,67.4573
temes,106,67.4573
determinar,106,67.4573
aragó,106,67.4573
fàcil,106,67.4573
hagen,106,67.4573
sentir,106,67.4573
ribera,106,67.4573
opció,106,67.4573
vehicular,106,67.4573
comprensió,106,67.4573
aire,105,66.8209
partida,105,66.8209
pàgina,105,66.8209
juntament,105,66.8209
juan,105,66.8209
musical,105,66.8209
fill,105,66.8209
expressen,105,66.8209
editorials,105,66.8209
professors,105,66.8209
sota,105,66.8209
amor,105,66.8209
documenta,105,66.8209
semàntica,104,66.1845
prop,104,66.1845
funcionaris,104,66.1845
pròxim,104,66.1845
àrees,104,66.1845
dogv,104,66.1845
for,104,66.1845
vi,104,66.1845
tònica,104,66.1845
ce,104,66.1845
é,103,65.5481
jornades,103,65.5481
cent,103,65.5481
horta,103,65.5481
funcionament,103,65.5481
inferior,103,65.5481
manual,103,65.5481
intenció,103,65.5481
seguida,103,65.5481
comportament,103,65.5481
específic,103,65.5481
martínez,103,65.5481
desig,103,65.5481
reial,103,65.5481
mínim,103,65.5481
màxim,102,64.9117
normatives,102,64.9117
cerdà,102,64.9117
camps,102,64.9117
novetats,102,64.9117
elaborar,102,64.9117
gallego,102,64.9117
representar,102,64.9117
dictamen,102,64.9117
avantprojecte,102,64.9117
xviii,102,64.9117
pes,102,64.9117
minúscula,102,64.9117
feu,102,64.9117
partint,102,64.9117
complements,102,64.9117
hauran,102,64.9117
parlament,101,64.2753
conflicte,101,64.2753
amunt,101,64.2753
pràctiques,101,64.2753
dedicada,101,64.2753
referències,101,64.2753
corresponents,101,64.2753
selecció,101,64.2753
manifest,101,64.2753
comissions,101,64.2753
intervenció,101,64.2753
abreviatures,101,64.2753
plurilingüe,101,64.2753
perspectives,100,63.6389
mi,100,63.6389
valoració,100,63.6389
comarca,100,63.6389
digital,100,63.6389
realització,100,63.6389
assegurar,100,63.6389
loquial,100,63.6389
donen,100,63.6389
le,100,63.6389
sigles,100,63.6389
diumenge,100,63.6389
compost,100,63.6389
immigrants,100,63.6389
it,100,63.6389
compliment,99,63.0025
necessàriament,99,63.0025
famílies,99,63.0025
atés,99,63.0025
guarner,99,63.0025
ls,99,63.0025
mig,99,63.0025
idees,99,63.0025
tribunal,99,63.0025
coma,99,63.0025
presidència,98,62.3662
lectual,98,62.3662
cura,98,62.3662
poètica,98,62.3662
únic,98,62.3662
esperit,98,62.3662
mans,98,62.3662
nascuda,98,62.3662
paràgraf,98,62.3662
wbmfodjh,98,62.3662
independència,97,61.7298
superar,97,61.7298
mostren,97,61.7298
composició,97,61.7298
quart,97,61.7298
gràfica,97,61.7298
emili,97,61.7298
seguir,97,61.7298
laboral,97,61.7298
joc,97,61.7298
gva,97,61.7298
mitat,97,61.7298
dimensió,97,61.7298
volta,97,61.7298
tècnics,97,61.7298
alternativa,97,61.7298
annex,97,61.7298
demostratius,97,61.7298
fort,96,61.0934
meu,96,61.0934
trets,96,61.0934
catalanes,96,61.0934
elaborat,96,61.0934
licitud,96,61.0934
dnv,96,61.0934
traduir,96,61.0934
cant,96,61.0934
frança,96,61.0934
fórmula,96,61.0934
considerat,96,61.0934
referent,95,60.457
meua,95,60.457
adequat,95,60.457
cel,95,60.457
pretén,95,60.457
conferència,95,60.457
marxa,95,60.457
definit,95,60.457
gramatical,95,60.457
podran,95,60.457
potenciar,95,60.457
anna,95,60.457
academia,95,60.457
cicle,95,60.457
possiblement,95,60.457
foc,95,60.457
afegint,95,60.457
comuna,95,60.457
ètim,95,60.457
variacions,95,60.457
suposa,94,59.8206
implica,94,59.8206
obertura,94,59.8206
dècades,94,59.8206
literàries,94,59.8206
batxillerat,94,59.8206
tècnic,94,59.8206
parlem,94,59.8206
visita,94,59.8206
èxit,94,59.8206
sentits,94,59.8206
espècie,94,59.8206
càrrecs,94,59.8206
volum,93,59.1842
oposició,93,59.1842
populars,93,59.1842
anomenat,93,59.1842
evidentment,93,59.1842
capaç,93,59.1842
derivada,93,59.1842
nomenament,92,58.5478
mostrar,92,58.5478
representen,92,58.5478
universitaris,92,58.5478
costa,92,58.5478
tard,92,58.5478
multilingüisme,92,58.5478
gràfic,92,58.5478
pa,92,58.5478
ulls,92,58.5478
mateixes,92,58.5478
clau,92,58.5478
funciona,92,58.5478
separar,92,58.5478
febles,92,58.5478
ley,92,58.5478
efm,92,58.5478
comprendre,91,57.9114
aula,91,57.9114
vies,91,57.9114
bromera,91,57.9114
presentat,91,57.9114
generació,91,57.9114
mallorca,91,57.9114
destacat,91,57.9114
publicada,91,57.9114
augment,91,57.9114
relativament,91,57.9114
poca,91,57.9114
güelfa,91,57.9114
referit,91,57.9114
celebrat,90,57.275
ortografia,90,57.275
sala,90,57.275
magnànim,90,57.275
recuperar,90,57.275
farà,90,57.275
march,90,57.275
tirant,90,57.275
iniciar,90,57.275
darrers,90,57.275
aplica,90,57.275
proves,90,57.275
medi,90,57.275
manifestacions,90,57.275
disposa,90,57.275
simples,90,57.275
conclusions,90,57.275
requisit,90,57.275
nucli,89,56.6387
planificació,89,56.6387
cognoms,89,56.6387
incorporar,89,56.6387
circumstàncies,89,56.6387
onze,89,56.6387
española,89,56.6387
orgànica,89,56.6387
històrics,89,56.6387
positiu,89,56.6387
conceptes,89,56.6387
peu,89,56.6387
tractar,89,56.6387
ns,89,56.6387
cort,89,56.6387
derivats,89,56.6387
oferta,89,56.6387
servei,89,56.6387
españa,89,56.6387
doctor,88,56.0023
lectiva,88,56.0023
màxima,88,56.0023
escolars,88,56.0023
específics,88,56.0023
oferir,88,56.0023
guia,88,56.0023
específica,88,56.0023
categoria,88,56.0023
exterior,88,56.0023
inclús,88,56.0023
observa,88,56.0023
serra,88,56.0023
creixement,88,56.0023
actua,88,56.0023
dimensions,88,56.0023
breu,88,56.0023
lingüístico,88,56.0023
comercials,88,56.0023
designen,88,56.0023
relacionat,88,56.0023
vent,88,56.0023
feien,88,56.0023
cultisme,88,56.0023
conjugació,88,56.0023
administrativa,88,56.0023
oﬁcial,88,56.0023
humà,87,55.3659
inici,87,55.3659
universitari,87,55.3659
ciutadania,87,55.3659
programació,87,55.3659
completa,87,55.3659
ocasió,87,55.3659
bernat,87,55.3659
dita,87,55.3659
informes,87,55.3659
demà,87,55.3659
arbre,87,55.3659
alteració,87,55.3659
metropolitana,87,55.3659
rebut,86,54.7295
vitalitat,86,54.7295
literaris,86,54.7295
objectes,86,54.7295
immaculada,86,54.7295
generacions,86,54.7295
moreno,86,54.7295
incorporat,86,54.7295
sentiment,86,54.7295
solucions,86,54.7295
estiu,86,54.7295
gregori,86,54.7295
lópez,86,54.7295
soler,86,54.7295
quedar,86,54.7295
allà,86,54.7295
realment,86,54.7295
ab,86,54.7295
salt,86,54.7295
consideren,86,54.7295
genèrica,86,54.7295
minories,86,54.7295
diàleg,85,54.0931
resultar,85,54.0931
relacionades,85,54.0931
propòsit,85,54.0931
alcalde,85,54.0931
responsable,85,54.0931
iv,85,54.0931
obert,85,54.0931
documentada,85,54.0931
mena,85,54.0931
plaça,85,54.0931
comporta,85,54.0931
san,85,54.0931
associada,85,54.0931
varietats,85,54.0931
moderna,85,54.0931
figurat,85,54.0931
religioses,85,54.0931
diem,85,54.0931
començaments,85,54.0931
texts,85,54.0931
tvv,85,54.0931
mirada,84,53.4567
responsabilitat,84,53.4567
millorar,84,53.4567
vetlar,84,53.4567
du,84,53.4567
conjuntament,84,53.4567
reforma,84,53.4567
mestre,84,53.4567
elles,84,53.4567
riquesa,84,53.4567
utilització,84,53.4567
eixir,84,53.4567
procedents,84,53.4567
universal,84,53.4567
analogia,84,53.4567
aparéixer,84,53.4567
açò,84,53.4567
anomenar,84,53.4567
bilingües,84,53.4567
observar,84,53.4567
eu,84,53.4567
ue,84,53.4567
josé,83,52.8203
contribuir,83,52.8203
xiii,83,52.8203
necessària,83,52.8203
garcía,83,52.8203
demanar,83,52.8203
clàssics,83,52.8203
re,83,52.8203
borja,83,52.8203
portar,83,52.8203
lentíssim,83,52.8203
remarcar,83,52.8203
corresponen,83,52.8203
eixos,83,52.8203
muntanya,83,52.8203
volia,83,52.8203
absència,83,52.8203
síntesi,83,52.8203
comerç,83,52.8203
sola,83,52.8203
terç,82,52.1839
preàmbul,82,52.1839
moments,82,52.1839
assessorament,82,52.1839
constant,82,52.1839
vigència,82,52.1839
trobada,82,52.1839
eso,82,52.1839
cinquanta,82,52.1839
històriques,82,52.1839
instal,82,52.1839
propietat,82,52.1839
béns,82,52.1839
empresa,82,52.1839
fonamentals,82,52.1839
recentment,82,52.1839
pau,82,52.1839
perdre,82,52.1839
publicitat,82,52.1839
milions,82,52.1839
perdut,82,52.1839
sueca,82,52.1839
exactament,82,52.1839
comprovar,82,52.1839
vegeu,82,52.1839
indústria,82,52.1839
materna,82,52.1839
menjar,82,52.1839
animal,82,52.1839
enfront,82,52.1839
grafies,82,52.1839
radical,82,52.1839
fonètica,81,51.5475
entrar,81,51.5475
treballa,81,51.5475
concurs,81,51.5475
únicament,81,51.5475
units,81,51.5475
buscar,81,51.5475
pàgines,81,51.5475
veus,81,51.5475
clàssic,81,51.5475
pilota,81,51.5475
vigor,81,51.5475
boca,81,51.5475
acabades,81,51.5475
indefinit,81,51.5475
botigues,81,51.5475
desde,81,51.5475
ccaa,81,51.5475
autoritat,80,50.9112
visió,80,50.9112
comunicacions,80,50.9112
seixanta,80,50.9112
xifres,80,50.9112
dotze,80,50.9112
solament,80,50.9112
fàcilment,80,50.9112
destaquen,80,50.9112
sin,80,50.9112
castellanoparlants,80,50.9112
xiquet,80,50.9112
components,80,50.9112
cursiva,80,50.9112
partit,80,50.9112
todos,80,50.9112
di,80,50.9112
tv,80,50.9112
arribada,79,50.2748
busca,79,50.2748
reflexió,79,50.2748
campanyes,79,50.2748
directa,79,50.2748
universitària,79,50.2748
anomenada,79,50.2748
consideracions,79,50.2748
citacions,79,50.2748
teatral,79,50.2748
vora,79,50.2748
acabar,79,50.2748
davall,79,50.2748
naturals,79,50.2748
llavors,79,50.2748
utilitzava,79,50.2748
nominals,79,50.2748
sies,79,50.2748
veritat,78,49.6384
pell,78,49.6384
creixent,78,49.6384
nàixer,78,49.6384
modern,78,49.6384
filosofia,78,49.6384
constatar,78,49.6384
exercir,78,49.6384
institucionals,78,49.6384
jocs,78,49.6384
intentar,78,49.6384
governs,78,49.6384
associat,78,49.6384
malaltia,78,49.6384
preferentment,78,49.6384
bal,78,49.6384
àngel,77,49.002
oportunitat,77,49.002
competent,77,49.002
legi,77,49.002
convertir,77,49.002
quarta,77,49.002
solució,77,49.002
quinze,77,49.002
ocupa,77,49.002
ballester,77,49.002
estrictament,77,49.002
xavier,77,49.002
francisco,77,49.002
parlava,77,49.002
escala,77,49.002
sexe,77,49.002
fronteres,77,49.002
demanda,77,49.002
celebracions,77,49.002
basc,77,49.002
divendres,77,49.002
militar,77,49.002
estableix,77,49.002
podríem,76,48.3656
traure,76,48.3656
honor,76,48.3656
presents,76,48.3656
editors,76,48.3656
frase,76,48.3656
adequada,76,48.3656
internacionals,76,48.3656
correcció,76,48.3656
sessions,76,48.3656
cor,76,48.3656
albert,76,48.3656
europees,76,48.3656
roma,76,48.3656
arts,76,48.3656
números,76,48.3656
petició,76,48.3656
originària,76,48.3656
xvii,76,48.3656
europeus,76,48.3656
senyora,76,48.3656
greu,76,48.3656
ordre,76,48.3656
producte,76,48.3656
carn,76,48.3656
ment,76,48.3656
religiosa,76,48.3656
adopten,76,48.3656
ensenyança,76,48.3656
expressat,76,48.3656
guardiola,75,47.7292
valorar,75,47.7292
interessos,75,47.7292
catedràtic,75,47.7292
disposicions,75,47.7292
econòmics,75,47.7292
pacte,75,47.7292
sagunt,75,47.7292
guió,75,47.7292
aparició,75,47.7292
consultar,75,47.7292
univers,75,47.7292
compartir,75,47.7292
incloure,75,47.7292
llull,75,47.7292
compartides,75,47.7292
conseqüències,75,47.7292
arreplega,75,47.7292
relativa,75,47.7292
llista,75,47.7292
assenyala,75,47.7292
nacionals,75,47.7292
itàlia,75,47.7292
pareix,75,47.7292
tradicions,75,47.7292
interpretació,75,47.7292
joves,75,47.7292
mundial,75,47.7292
avui,75,47.7292
mantingut,75,47.7292
posat,75,47.7292
pena,75,47.7292
deure,75,47.7292
semàntic,75,47.7292
coordinació,75,47.7292
finlàndia,75,47.7292
editat,74,47.0928
carrers,74,47.0928
satisfacció,74,47.0928
analitzar,74,47.0928
usuari,74,47.0928
urbana,74,47.0928
pèrdua,74,47.0928
vull,74,47.0928
decisió,74,47.0928
produir,74,47.0928
justament,74,47.0928
gramaticals,74,47.0928
constància,74,47.0928
fetes,74,47.0928
corrent,74,47.0928
símbol,74,47.0928
lluna,74,47.0928
ausiàs,74,47.0928
verbal,74,47.0928
francesa,74,47.0928
percentatges,74,47.0928
guionet,74,47.0928
organitzacions,74,47.0928
immigració,74,47.0928
caldrà,73,46.4564
crec,73,46.4564
pensament,73,46.4564
simplement,73,46.4564
ministeri,73,46.4564
museu,73,46.4564
apunta,73,46.4564
audiovisuals,73,46.4564
viuen,73,46.4564
consens,73,46.4564
puig,73,46.4564
disposar,73,46.4564
ocasions,73,46.4564
germans,73,46.4564
autoritats,73,46.4564
últimes,73,46.4564
adopta,73,46.4564
bo,73,46.4564
regles,73,46.4564
substitució,73,46.4564
majoritàriament,73,46.4564
that,73,46.4564
sons,73,46.4564
moral,73,46.4564
antecedent,73,46.4564
ahir,73,46.4564
subjuntiu,73,46.4564
be,73,46.4564
cometes,73,46.4564
estado,73,46.4564
años,73,46.4564
situación,73,46.4564
enseñanza,73,46.4564
oferix,72,45.82
totalment,72,45.82
estima,72,45.82
firma,72,45.82
sánchez,72,45.82
docents,72,45.82
privats,72,45.82
primitiu,72,45.82
fixar,72,45.82
cristiana,72,45.82
poetes,72,45.82
ros,72,45.82
medalla,72,45.82
vital,72,45.82
escrites,72,45.82
matí,72,45.82
vocables,72,45.82
depén,72,45.82
associats,72,45.82
gómez,72,45.82
majors,72,45.82
torre,72,45.82
bàsics,72,45.82
villena,72,45.82
voltes,72,45.82
romans,72,45.82
rus,72,45.82
do,72,45.82
sintagmes,72,45.82
as,72,45.82
interjeccions,72,45.82
faça,71,45.1836
contemporània,71,45.1836
quaranta,71,45.1836
obrir,71,45.1836
escrivia,71,45.1836
manteniment,71,45.1836
respectar,71,45.1836
lògica,71,45.1836
recorregut,71,45.1836
individus,71,45.1836
exclusiva,71,45.1836
designava,71,45.1836
fusta,71,45.1836
vingut,71,45.1836
retolació,71,45.1836
with,71,45.1836
neerlandès,71,45.1836
conseller,70,44.5473
estiga,70,44.5473
docent,70,44.5473
docència,70,44.5473
activa,70,44.5473
addicional,70,44.5473
huit,70,44.5473
participants,70,44.5473
sentiments,70,44.5473
humana,70,44.5473
excepció,70,44.5473
suficient,70,44.5473
fonamentalment,70,44.5473
parís,70,44.5473
arran,70,44.5473
sistemes,70,44.5473
mapa,70,44.5473
anglesa,70,44.5473
mitjan,70,44.5473
esquema,70,44.5473
use,70,44.5473
pedra,70,44.5473
adoptat,70,44.5473
negativa,70,44.5473
ﬁns,70,44.5473
assolir,70,44.5473
constituent,70,44.5473
variables,70,44.5473
específicament,69,43.9109
múltiples,69,43.9109
consistix,69,43.9109
aplicat,69,43.9109
principalment,69,43.9109
redona,69,43.9109
pronunciar,69,43.9109
territorials,69,43.9109
aproximació,69,43.9109
sabem,69,43.9109
narrativa,69,43.9109
noranta,69,43.9109
publicats,69,43.9109
espectacle,69,43.9109
ninyoles,69,43.9109
canals,69,43.9109
reduït,69,43.9109
distingir,69,43.9109
déus,69,43.9109
gallega,69,43.9109
àtones,69,43.9109
ordenació,69,43.9109
cohesió,68,43.2745
apuntar,68,43.2745
aconseguit,68,43.2745
bastant,68,43.2745
transmetre,68,43.2745
aportacions,68,43.2745
nombrosos,68,43.2745
fonts,68,43.2745
permetre,68,43.2745
temàtica,68,43.2745
lacions,68,43.2745
negre,68,43.2745
navarro,68,43.2745
torres,68,43.2745
continuïtat,68,43.2745
assaig,68,43.2745
castell,68,43.2745
tantes,68,43.2745
reducció,68,43.2745
panorama,68,43.2745
volen,68,43.2745
utilitzada,68,43.2745
factor,68,43.2745
imprescindible,68,43.2745
hagut,68,43.2745
fred,68,43.2745
previsió,68,43.2745
discriminació,68,43.2745
nàpols,68,43.2745
hom,68,43.2745
consonants,68,43.2745
relatius,68,43.2745
acta,68,43.2745
artículo,68,43.2745
confiança,67,42.6381
rellevant,67,42.6381
avançar,67,42.6381
impulsar,67,42.6381
proximitat,67,42.6381
pressupost,67,42.6381
responsables,67,42.6381
à,67,42.6381
personatge,67,42.6381
concreta,67,42.6381
procediments,67,42.6381
ramos,67,42.6381
roca,67,42.6381
esforços,67,42.6381
rtvv,67,42.6381
acabat,67,42.6381
humanitat,67,42.6381
aigües,67,42.6381
declara,67,42.6381
menut,67,42.6381
instància,67,42.6381
celebra,67,42.6381
plantes,67,42.6381
accentuació,67,42.6381
vingué,67,42.6381
adquirit,67,42.6381
continuen,67,42.6381
immediatament,67,42.6381
llicenciat,66,42.0017
relacionada,66,42.0017
possibilitats,66,42.0017
innovació,66,42.0017
actuar,66,42.0017
inclouen,66,42.0017
sang,66,42.0017
federació,66,42.0017
terminològic,66,42.0017
millora,66,42.0017
eixes,66,42.0017
pobla,66,42.0017
emissores,66,42.0017
posterior,66,42.0017
identificació,66,42.0017
tractats,66,42.0017
pitarch,66,42.0017
romà,66,42.0017
casanova,66,42.0017
protegir,66,42.0017
referix,66,42.0017
complir,66,42.0017
lusió,66,42.0017
convertit,66,42.0017
frases,66,42.0017
ponència,66,42.0017
flors,66,42.0017
vehicle,66,42.0017
tants,66,42.0017
obligatòria,66,42.0017
religiós,66,42.0017
ludia,66,42.0017
dubtes,66,42.0017
composta,66,42.0017
ca,66,42.0017
excepte,66,42.0017
apartats,66,42.0017
adreça,66,42.0017
languages,66,42.0017
proceso,66,42.0017
assenyalar,65,41.3653
convivència,65,41.3653
preferent,65,41.3653
tancar,65,41.3653
estiguen,65,41.3653
assistents,65,41.3653
accedir,65,41.3653
publica,65,41.3653
proposar,65,41.3653
específiques,65,41.3653
falla,65,41.3653
resoldre,65,41.3653
estratègies,65,41.3653
coneix,65,41.3653
germà,65,41.3653
pont,65,41.3653
estudiar,65,41.3653
entrevistada,65,41.3653
partits,65,41.3653
femenina,65,41.3653
menció,65,41.3653
tecnologies,65,41.3653
k,65,41.3653
reflex,65,41.3653
comunicar,65,41.3653
símbols,65,41.3653
temporal,65,41.3653
àvalos,65,41.3653
distintes,65,41.3653
muy,65,41.3653
pronuncia,65,41.3653
milà,65,41.3653
convenient,65,41.3653
numerals,65,41.3653
normatius,65,41.3653
quantificadors,65,41.3653
linguistic,65,41.3653
científic,64,40.7289
pensa,64,40.7289
participat,64,40.7289
equip,64,40.7289
prèviament,64,40.7289
convenis,64,40.7289
nomenclàtor,64,40.7289
profunda,64,40.7289
pascual,64,40.7289
itinerant,64,40.7289
favorable,64,40.7289
consistent,64,40.7289
amèrica,64,40.7289
club,64,40.7289
conflictes,64,40.7289
nau,64,40.7289
grega,64,40.7289
propietats,64,40.7289
peça,64,40.7289
situat,64,40.7289
milers,64,40.7289
relatives,64,40.7289
amic,64,40.7289
tret,64,40.7289
pregunta,64,40.7289
estaven,64,40.7289
conformen,64,40.7289
expansió,64,40.7289
privades,64,40.7289
semblants,64,40.7289
pasqua,64,40.7289
alternança,64,40.7289
verbals,64,40.7289
efectiva,64,40.7289
concordança,64,40.7289
manca,64,40.7289
vicepresident,63,40.0925
antroponímia,63,40.0925
senyalització,63,40.0925
miguel,63,40.0925
grecs,63,40.0925
fonètiques,63,40.0925
incorpora,63,40.0925
ambient,63,40.0925
compartida,63,40.0925
vam,63,40.0925
consta,63,40.0925
pocs,63,40.0925
deixat,63,40.0925
cinema,63,40.0925
utilitat,63,40.0925
situar,63,40.0925
arrels,63,40.0925
contenen,63,40.0925
diccionario,63,40.0925
connotacions,63,40.0925
oci,63,40.0925
literalment,63,40.0925
arribà,63,40.0925
derivava,63,40.0925
italiana,63,40.0925
european,63,40.0925
derecho,63,40.0925
construir,62,39.4561
establiment,62,39.4561
atenent,62,39.4561
lexicografia,62,39.4561
reconéixer,62,39.4561
acollida,62,39.4561
queden,62,39.4561
seccions,62,39.4561
carmelina,62,39.4561
viatge,62,39.4561
paisatge,62,39.4561
edifici,62,39.4561
llegit,62,39.4561
vers,62,39.4561
cartes,62,39.4561
cervantes,62,39.4561
nombroses,62,39.4561
z,62,39.4561
albaida,62,39.4561
sort,62,39.4561
poques,62,39.4561
avant,62,39.4561
transició,62,39.4561
verd,62,39.4561
superfície,62,39.4561
parella,62,39.4561
neutre,62,39.4561
veïns,62,39.4561
absoluta,62,39.4561
obligacions,62,39.4561
eleccions,62,39.4561
establit,62,39.4561
elisió,62,39.4561
doctrina,62,39.4561
puntuació,62,39.4561
ê,62,39.4561
montserrat,61,38.8198
comptar,61,38.8198
concretes,61,38.8198
regular,61,38.8198
conèixer,61,38.8198
cases,61,38.8198
camins,61,38.8198
ficció,61,38.8198
joaquim,61,38.8198
sr,61,38.8198
navarrés,61,38.8198
reconeix,61,38.8198
roba,61,38.8198
permanent,61,38.8198
adaptar,61,38.8198
xxi,61,38.8198
generat,61,38.8198
moviments,61,38.8198
matisos,61,38.8198
sants,61,38.8198
econòmiques,61,38.8198
ocorre,61,38.8198
temporals,61,38.8198
augmenta,61,38.8198
quantitatius,61,38.8198
artur,60,38.1834
faena,60,38.1834
forces,60,38.1834
decisions,60,38.1834
reforçar,60,38.1834
directora,60,38.1834
divulgació,60,38.1834
generar,60,38.1834
cristians,60,38.1834
ferran,60,38.1834
demana,60,38.1834
corona,60,38.1834
maestrat,60,38.1834
resum,60,38.1834
espectadors,60,38.1834
maneres,60,38.1834
respectives,60,38.1834
nota,60,38.1834
volgut,60,38.1834
torró,60,38.1834
notable,60,38.1834
nascut,60,38.1834
lent,60,38.1834
personalitat,60,38.1834
inicia,60,38.1834
recents,60,38.1834
adhesió,60,38.1834
tractaments,60,38.1834
consum,60,38.1834
silenci,60,38.1834
calendari,60,38.1834
constituents,60,38.1834
freqüència,60,38.1834
espectacles,60,38.1834
elegit,60,38.1834
saben,60,38.1834
donà,60,38.1834
hivern,60,38.1834
llorente,60,38.1834
predominant,60,38.1834
séquia,60,38.1834
capellans,60,38.1834
this,60,38.1834
avaluacions,60,38.1834
preservar,59,37.547
aprés,59,37.547
ocupar,59,37.547
pròxima,59,37.547
participen,59,37.547
vinalopó,59,37.547
reben,59,37.547
morella,59,37.547
coordinador,59,37.547
setanta,59,37.547
proposa,59,37.547
estatuts,59,37.547
ortogràfic,59,37.547
canviar,59,37.547
lectuals,59,37.547
esperança,59,37.547
tancament,59,37.547
distància,59,37.547
fusió,59,37.547
jurídics,59,37.547
representacions,59,37.547
realitza,59,37.547
mite,59,37.547
haguera,59,37.547
fenòmens,59,37.547
distincions,59,37.547
desplegament,59,37.547
protocol,59,37.547
característica,59,37.547
afecta,59,37.547
elevat,59,37.547
plans,59,37.547
ràpidament,59,37.547
funcionen,59,37.547
port,59,37.547
sufixos,59,37.547
interna,59,37.547
forts,59,37.547
eacv,59,37.547
euskara,59,37.547
toni,58,36.9106
vivim,58,36.9106
tinc,58,36.9106
reptes,58,36.9106
modalitat,58,36.9106
religiosos,58,36.9106
toponímic,58,36.9106
unit,58,36.9106
caixa,58,36.9106
modificació,58,36.9106
estrangeres,58,36.9106
intervencions,58,36.9106
cocentaina,58,36.9106
encarregat,58,36.9106
culta,58,36.9106
acaben,58,36.9106
límits,58,36.9106
passió,58,36.9106
currículum,58,36.9106
cadascun,58,36.9106
tesi,58,36.9106
tractava,58,36.9106
respon,58,36.9106
guanyar,58,36.9106
tingué,58,36.9106
democràtica,58,36.9106
instruments,58,36.9106
toc,58,36.9106
llig,58,36.9106
posen,58,36.9106
diferenciar,58,36.9106
da,58,36.9106
adquirir,58,36.9106
negatives,58,36.9106
calor,58,36.9106
resident,58,36.9106
rat,58,36.9106
naturalment,58,36.9106
dolor,58,36.9106
invariables,58,36.9106
meitat,58,36.9106
modifiquen,58,36.9106
necessàries,57,36.2742
conferències,57,36.2742
periodista,57,36.2742
essencial,57,36.2742
progressivament,57,36.2742
assumir,57,36.2742
interessant,57,36.2742
acostar,57,36.2742
quines,57,36.2742
referents,57,36.2742
torrent,57,36.2742
ventura,57,36.2742
indústries,57,36.2742
blanca,57,36.2742
burjassot,57,36.2742
notícia,57,36.2742
estructures,57,36.2742
lleugerament,57,36.2742
coneguts,57,36.2742
intensitat,57,36.2742
vindre,57,36.2742
adverbials,57,36.2742
formant,57,36.2742
fil,57,36.2742
curiós,57,36.2742
vols,57,36.2742
augmentar,57,36.2742
llevat,57,36.2742
bilingüisme,57,36.2742
gos,57,36.2742
racó,57,36.2742
penat,57,36.2742
metge,57,36.2742
gal,57,36.2742
tracte,57,36.2742
traduccions,57,36.2742
observacions,57,36.2742
suec,57,36.2742
tancat,57,36.2742
sé,57,36.2742
fase,57,36.2742
francès,57,36.2742
así,57,36.2742
implantació,57,36.2742
foral,57,36.2742
doblatge,57,36.2742
autogovern,56,35.6378
llegat,56,35.6378
especialistes,56,35.6378
podrien,56,35.6378
etapes,56,35.6378
muñoz,56,35.6378
versions,56,35.6378
missa,56,35.6378
conclusió,56,35.6378
reconeguda,56,35.6378
reals,56,35.6378
localitats,56,35.6378
ua,56,35.6378
cutillas,56,35.6378
exclusiu,56,35.6378
requisits,56,35.6378
visites,56,35.6378
recórrer,56,35.6378
fórmules,56,35.6378
progressiva,56,35.6378
residència,56,35.6378
pastor,56,35.6378
província,56,35.6378
preguntes,56,35.6378
obtindre,56,35.6378
aplicada,56,35.6378
balear,56,35.6378
comuns,56,35.6378
au,56,35.6378
alemanya,56,35.6378
senyal,56,35.6378
albufera,56,35.6378
majúscules,56,35.6378
dominant,56,35.6378
circumstància,56,35.6378
superfícies,56,35.6378
judicial,56,35.6378
accepció,56,35.6378
xiv,56,35.6378
caure,56,35.6378
papa,56,35.6378
particulars,56,35.6378
certament,56,35.6378
compostes,56,35.6378
autonòmiques,56,35.6378
autonòmic,56,35.6378
sociolingüístics,56,35.6378
aportació,55,35.0014
manifestar,55,35.0014
afecten,55,35.0014
aprofitar,55,35.0014
titular,55,35.0014
editor,55,35.0014
repte,55,35.0014
senten,55,35.0014
assignatura,55,35.0014
ies,55,35.0014
figures,55,35.0014
versos,55,35.0014
tardor,55,35.0014
gèneres,55,35.0014
companys,55,35.0014
transcripció,55,35.0014
mediterrani,55,35.0014
causes,55,35.0014
concepció,55,35.0014
propiciar,55,35.0014
doménech,55,35.0014
component,55,35.0014
documentat,55,35.0014
marcat,55,35.0014
dignitat,55,35.0014
significar,55,35.0014
mollà,55,35.0014
roja,55,35.0014
recorda,55,35.0014
control,55,35.0014
pluja,55,35.0014
cicles,55,35.0014
crea,55,35.0014
perill,55,35.0014
atendre,55,35.0014
arriben,55,35.0014
formades,55,35.0014
exemplars,55,35.0014
determinant,55,35.0014
favorables,55,35.0014
fulles,55,35.0014
costum,55,35.0014
situa,55,35.0014
antiguitat,55,35.0014
corella,55,35.0014
est,55,35.0014
taules,55,35.0014
precís,55,35.0014
esmentat,55,35.0014
diftong,55,35.0014
unitats,55,35.0014
liberals,55,35.0014
sociedad,55,35.0014
lingüísticos,55,35.0014
conocimiento,55,35.0014
estatuto,55,35.0014
organitzat,54,34.365
constituïxen,54,34.365
algemesí,54,34.365
rellevants,54,34.365
modifica,54,34.365
alternatives,54,34.365
fullets,54,34.365
diputats,54,34.365
situada,54,34.365
coll,54,34.365
cadascuna,54,34.365
aliments,54,34.365
menors,54,34.365
ordenament,54,34.365
generalitzat,54,34.365
baixos,54,34.365
aproximadament,54,34.365
complex,54,34.365
lèxics,54,34.365
medicina,54,34.365
anava,54,34.365
lació,54,34.365
precepte,54,34.365
palau,54,34.365
filla,54,34.365
deriven,54,34.365
entenem,54,34.365
emmudiment,54,34.365
estrangera,54,34.365
todo,54,34.365
positives,53,33.7286
agrair,53,33.7286
carlos,53,33.7286
cognom,53,33.7286
fidels,53,33.7286
intensa,53,33.7286
acadèmiques,53,33.7286
teoria,53,33.7286
cents,53,33.7286
borriana,53,33.7286
majoritària,53,33.7286
electrònica,53,33.7286
sal,53,33.7286
barri,53,33.7286
fidelitat,53,33.7286
joventut,53,33.7286
considerem,53,33.7286
endavant,53,33.7286
modalitats,53,33.7286
musicals,53,33.7286
descobrir,53,33.7286
constituir,53,33.7286
admeten,53,33.7286
allí,53,33.7286
culte,53,33.7286
homònima,53,33.7286
constituït,53,33.7286
menuda,53,33.7286
vacil,53,33.7286
creà,53,33.7286
assimilació,53,33.7286
provenen,53,33.7286
ix,53,33.7286
àtona,53,33.7286
anteriorment,53,33.7286
porten,53,33.7286
començat,53,33.7286
emissor,53,33.7286
aviat,53,33.7286
parte,53,33.7286
oﬁcials,53,33.7286
galicia,53,33.7286
extraordinari,52,33.0922
oblidar,52,33.0922
experiències,52,33.0922
pertany,52,33.0922
biblioteques,52,33.0922
reconegut,52,33.0922
rellevància,52,33.0922
necessita,52,33.0922
eixida,52,33.0922
dirigida,52,33.0922
interuniversitari,52,33.0922
dreta,52,33.0922
localitat,52,33.0922
intercanvi,52,33.0922
recordat,52,33.0922
opcions,52,33.0922
antonio,52,33.0922
gil,52,33.0922
alfonso,52,33.0922
citat,52,33.0922
juvenil,52,33.0922
disseny,52,33.0922
punta,52,33.0922
disminució,52,33.0922
seguix,52,33.0922
planteja,52,33.0922
capacitats,52,33.0922
recomanacions,52,33.0922
vella,52,33.0922
don,52,33.0922
enyego,52,33.0922
sermons,52,33.0922
parlada,52,33.0922
anà,52,33.0922
miqueta,52,33.0922
fóra,52,33.0922
servia,52,33.0922
comptes,52,33.0922
regulen,52,33.0922
orals,52,33.0922
descens,52,33.0922
tanto,52,33.0922
org,52,33.0922
caso,52,33.0922
lugar,52,33.0922
which,52,33.0922
descripció,51,32.4559
aportar,51,32.4559
individual,51,32.4559
necessaris,51,32.4559
complexa,51,32.4559
quins,51,32.4559
valorat,51,32.4559
aviva,51,32.4559
contribuït,51,32.4559
humanista,51,32.4559
plenària,51,32.4559
modificar,51,32.4559
procedència,51,32.4559
prova,51,32.4559
significativa,51,32.4559
tipologia,51,32.4559
psicologia,51,32.4559
marco,51,32.4559
qualificar,51,32.4559
gulsoy,51,32.4559
jerarquia,51,32.4559
perfil,51,32.4559
previst,51,32.4559
americà,51,32.4559
identificar,51,32.4559
antologia,51,32.4559
creant,51,32.4559
campanes,51,32.4559
càrrega,51,32.4559
disposen,51,32.4559
companyia,51,32.4559
anem,51,32.4559
pro,51,32.4559
quants,51,32.4559
existix,51,32.4559
supressió,51,32.4559
fo,51,32.4559
terminacions,51,32.4559
referits,51,32.4559
poblat,51,32.4559
possessius,51,32.4559
ceg,51,32.4559
sido,51,32.4559
turell,51,32.4559
plaer,50,31.8195
gabinet,50,31.8195
oficines,50,31.8195
oficina,50,31.8195
us,50,31.8195
comunicativa,50,31.8195
vinaròs,50,31.8195
ortogràfiques,50,31.8195
aprovada,50,31.8195
espanyoles,50,31.8195
clàssica,50,31.8195
lèxiques,50,31.8195
experts,50,31.8195
realitzen,50,31.8195
rodríguez,50,31.8195
filòleg,50,31.8195
ruta,50,31.8195
contes,50,31.8195
huitanta,50,31.8195
rural,50,31.8195
considerable,50,31.8195
capaços,50,31.8195
tros,50,31.8195
fabra,50,31.8195
còmics,50,31.8195
sra,50,31.8195
groc,50,31.8195
regional,50,31.8195
sintàctica,50,31.8195
notícies,50,31.8195
feble,50,31.8195
roís,50,31.8195
labes,50,31.8195
cossos,50,31.8195
figuradament,50,31.8195
canviant,50,31.8195
mitologia,50,31.8195
existents,50,31.8195
cantar,50,31.8195
alfabet,50,31.8195
sinònim,50,31.8195
subjectes,50,31.8195
vot,50,31.8195
indefinits,50,31.8195
bancs,50,31.8195
vosté,50,31.8195
superen,50,31.8195
mínima,50,31.8195
bèlgica,50,31.8195
alcaraz,50,31.8195
catalán,50,31.8195
lm,50,31.8195
nacionalismo,50,31.8195
ahuir,49,31.1831
compartit,49,31.1831
afavorir,49,31.1831
quotidiana,49,31.1831
ajuden,49,31.1831
històricament,49,31.1831
administratives,49,31.1831
consolidació,49,31.1831
escoltar,49,31.1831
mecanismes,49,31.1831
impacte,49,31.1831
secretaria,49,31.1831
suma,49,31.1831
dirigir,49,31.1831
trànsit,49,31.1831
occidental,49,31.1831
blanch,49,31.1831
perales,49,31.1831
enorme,49,31.1831
iglesias,49,31.1831
assignatures,49,31.1831
jurídiques,49,31.1831
funcional,49,31.1831
respostes,49,31.1831
vesprada,49,31.1831
immersió,49,31.1831
física,49,31.1831
valoracions,49,31.1831
relleu,49,31.1831
arròs,49,31.1831
altes,49,31.1831
constata,49,31.1831
bíblia,49,31.1831
concrets,49,31.1831
primari,49,31.1831
estret,49,31.1831
aquí,49,31.1831
cavall,49,31.1831
os,49,31.1831
indicat,49,31.1831
pròpiament,49,31.1831
masculins,49,31.1831
multilingüe,49,31.1831
también,49,31.1831
reglaments,49,31.1831
individuals,48,30.5467
aplicacions,48,30.5467
batalla,48,30.5467
poema,48,30.5467
convocatòries,48,30.5467
tindran,48,30.5467
destinada,48,30.5467
fira,48,30.5467
neologismes,48,30.5467
entrades,48,30.5467
fixació,48,30.5467
geogràfic,48,30.5467
provinents,48,30.5467
conserva,48,30.5467
guillem,48,30.5467
mestres,48,30.5467
desconeguda,48,30.5467
assistència,48,30.5467
lluita,48,30.5467
dissabte,48,30.5467
jugar,48,30.5467
lector,48,30.5467
pertanyen,48,30.5467
confusió,48,30.5467
creença,48,30.5467
tothom,48,30.5467
fragment,48,30.5467
agrada,48,30.5467
malalties,48,30.5467
transmet,48,30.5467
patrimonial,48,30.5467
lingua,48,30.5467
vell,48,30.5467
planeta,48,30.5467
mica,48,30.5467
desenvolupar,48,30.5467
categories,48,30.5467
ira,48,30.5467
conreu,48,30.5467
ya,48,30.5467
negatiu,48,30.5467
crida,48,30.5467
ponent,48,30.5467
sociologia,48,30.5467
adopció,48,30.5467
independentment,48,30.5467
na,48,30.5467
paradís,48,30.5467
teatrals,48,30.5467
plantejar,48,30.5467
avanços,48,30.5467
dièresi,48,30.5467
dialectes,48,30.5467
existent,48,30.5467
intern,48,30.5467
elegida,48,30.5467
lustríssim,48,30.5467
afirmar,47,29.9103
filològica,47,29.9103
fallera,47,29.9103
resulten,47,29.9103
marques,47,29.9103
previstes,47,29.9103
capítols,47,29.9103
safor,47,29.9103
conversa,47,29.9103
corporació,47,29.9103
apel,47,29.9103
eix,47,29.9103
oli,47,29.9103
espècies,47,29.9103
dalt,47,29.9103
creada,47,29.9103
consolidada,47,29.9103
històries,47,29.9103
valldigna,47,29.9103
laborals,47,29.9103
realitzat,47,29.9103
fe,47,29.9103
virtut,47,29.9103
exiliats,47,29.9103
envers,47,29.9103
calia,47,29.9103
receptor,47,29.9103
sor,47,29.9103
religió,47,29.9103
castellanisme,47,29.9103
provenia,47,29.9103
energia,47,29.9103
comercial,47,29.9103
misteri,47,29.9103
candidats,47,29.9103
investigacions,47,29.9103
cens,47,29.9103
gerundi,47,29.9103
flexives,47,29.9103
adequació,47,29.9103
cuando,47,29.9103
plurilingües,47,29.9103
union,47,29.9103
esdevingut,46,29.2739
dedica,46,29.2739
contribució,46,29.2739
operació,46,29.2739
considerats,46,29.2739
eficaç,46,29.2739
places,46,29.2739
voler,46,29.2739
anual,46,29.2739
cambra,46,29.2739
considerada,46,29.2739
tresor,46,29.2739
martorell,46,29.2739
arrere,46,29.2739
festival,46,29.2739
acabem,46,29.2739
essència,46,29.2739
contrast,46,29.2739
mala,46,29.2739
metres,46,29.2739
gallec,46,29.2739
superiors,46,29.2739
discursos,46,29.2739
declaracions,46,29.2739
pdf,46,29.2739
afegit,46,29.2739
observen,46,29.2739
assumptes,46,29.2739
adaptat,46,29.2739
traduïx,46,29.2739
antigues,46,29.2739
alts,46,29.2739
ll,46,29.2739
error,46,29.2739
explicació,46,29.2739
cobrir,46,29.2739
variable,46,29.2739
totalitat,46,29.2739
adequadament,46,29.2739
interrupció,46,29.2739
parròquies,46,29.2739
diversidad,46,29.2739
usarà,46,29.2739
caracteritza,45,28.6375
extensa,45,28.6375
dirigit,45,28.6375
actualització,45,28.6375
laborar,45,28.6375
segur,45,28.6375
debats,45,28.6375
consolidar,45,28.6375
trimestre,45,28.6375
proporciona,45,28.6375
extraordinària,45,28.6375
rituals,45,28.6375
ombra,45,28.6375
vots,45,28.6375
realitats,45,28.6375
festiu,45,28.6375
arbres,45,28.6375
etimològic,45,28.6375
treballen,45,28.6375
impartir,45,28.6375
carreteres,45,28.6375
historia,45,28.6375
encarregada,45,28.6375
estesa,45,28.6375
alonso,45,28.6375
esteve,45,28.6375
valls,45,28.6375
llibrets,45,28.6375
concloure,45,28.6375
posteriors,45,28.6375
explicat,45,28.6375
risc,45,28.6375
defendre,45,28.6375
lògic,45,28.6375
xàtiva,45,28.6375
estudios,45,28.6375
correcte,45,28.6375
illa,45,28.6375
obliga,45,28.6375
assumpte,45,28.6375
notes,45,28.6375
freqüent,45,28.6375
restringit,45,28.6375
lògicament,45,28.6375
pronunciada,45,28.6375
depressió,45,28.6375
associades,45,28.6375
apuntat,45,28.6375
satisfactòria,45,28.6375
dits,45,28.6375
similitud,45,28.6375
teodor,45,28.6375
from,45,28.6375
manifestat,45,28.6375
realitzacions,45,28.6375
siglo,45,28.6375
titularitat,45,28.6375
montoya,45,28.6375
cp,45,28.6375
territorio,45,28.6375
aprofundir,44,28.0011
coneixen,44,28.0011
santiago,44,28.0011
donava,44,28.0011
organitzada,44,28.0011
oblit,44,28.0011
dedicació,44,28.0011
lingüísticament,44,28.0011
geogràfics,44,28.0011
inclusió,44,28.0011
posada,44,28.0011
interessat,44,28.0011
límit,44,28.0011
sumar,44,28.0011
transformació,44,28.0011
definir,44,28.0011
amistat,44,28.0011
testimoni,44,28.0011
curt,44,28.0011
interacció,44,28.0011
pròleg,44,28.0011
substituir,44,28.0011
seguixen,44,28.0011
registra,44,28.0011
descomptat,44,28.0011
començament,44,28.0011
cooficials,44,28.0011
instituto,44,28.0011
barra,44,28.0011
just,44,28.0011
enquestats,44,28.0011
àmplia,44,28.0011
esdevé,44,28.0011
morir,44,28.0011
crònica,44,28.0011
yo,44,28.0011
automàtica,44,28.0011
anomenats,44,28.0011
derechos,44,28.0011
supervivència,44,28.0011
preferible,44,28.0011
predicat,44,28.0011
preferència,44,28.0011
efectiu,44,28.0011
hasta,44,28.0011
avanç,44,28.0011
precedits,44,28.0011
distints,44,28.0011
mode,44,28.0011
escassa,44,28.0011
destinatari,44,28.0011
assessor,44,28.0011
tiene,44,28.0011
menos,44,28.0011
compres,44,28.0011
lexuriserv,44,28.0011
conservar,43,27.3647
ensenyaments,43,27.3647
permeta,43,27.3647
dinàmica,43,27.3647
lelament,43,27.3647
dut,43,27.3647
ampliar,43,27.3647
estarà,43,27.3647
supera,43,27.3647
daniel,43,27.3647
investigador,43,27.3647
celebrada,43,27.3647
organitzar,43,27.3647
trobat,43,27.3647
gentilici,43,27.3647
informàtica,43,27.3647
gestació,43,27.3647
imatges,43,27.3647
dient,43,27.3647
andreu,43,27.3647
gràcia,43,27.3647
pou,43,27.3647
sòria,43,27.3647
dolç,43,27.3647
cooperació,43,27.3647
sentència,43,27.3647
proporcionar,43,27.3647
aprenent,43,27.3647
localització,43,27.3647
actors,43,27.3647
constituïx,43,27.3647
integrat,43,27.3647
ésser,43,27.3647
dedicar,43,27.3647
mèxic,43,27.3647
cine,43,27.3647
sèries,43,27.3647
opina,43,27.3647
informacions,43,27.3647
industrial,43,27.3647
john,43,27.3647
pensen,43,27.3647
alcoià,43,27.3647
loquialment,43,27.3647
establiments,43,27.3647
precedent,43,27.3647
gest,43,27.3647
cavaller,43,27.3647
garantia,43,27.3647
certificats,43,27.3647
ordinals,43,27.3647
ñ,43,27.3647
hauf,43,27.3647
lingüísticas,43,27.3647
multilingües,43,27.3647
acceptació,42,26.7284
informatius,42,26.7284
mostrat,42,26.7284
ampli,42,26.7284
celebrarà,42,26.7284
panells,42,26.7284
franquisme,42,26.7284
orts,42,26.7284
accepcions,42,26.7284
reduir,42,26.7284
estatals,42,26.7284
primavera,42,26.7284
maite,42,26.7284
destinat,42,26.7284
duració,42,26.7284
vius,42,26.7284
individu,42,26.7284
estatutària,42,26.7284
urbà,42,26.7284
estudiosos,42,26.7284
parlat,42,26.7284
dificultat,42,26.7284
màster,42,26.7284
autonomía,42,26.7284
reconeguts,42,26.7284
gust,42,26.7284
sucre,42,26.7284
rang,42,26.7284
singulars,42,26.7284
tranquil,42,26.7284
correspondència,42,26.7284
sorda,42,26.7284
redactat,42,26.7284
huguet,42,26.7284
pompeu,42,26.7284
invitació,42,26.7284
costera,42,26.7284
anglès,42,26.7284
ma,42,26.7284
front,42,26.7284
identifica,42,26.7284
recordem,42,26.7284
sabia,42,26.7284
ritual,42,26.7284
benidorm,42,26.7284
catòlica,42,26.7284
matís,42,26.7284
lícules,42,26.7284
portes,42,26.7284
societats,42,26.7284
referim,42,26.7284
cua,42,26.7284
tendix,42,26.7284
capellà,42,26.7284
saó,42,26.7284
expectatives,42,26.7284
establixen,42,26.7284
q,42,26.7284
transitòria,42,26.7284
vessant,42,26.7284
subordinada,42,26.7284
htm,42,26.7284
ámbito,42,26.7284
ﬁ,42,26.7284
ocupada,42,26.7284
colomina,41,26.092
útils,41,26.092
incidència,41,26.092
especialitzats,41,26.092
levante,41,26.092
considere,41,26.092
equilibri,41,26.092
firmat,41,26.092
ia,41,26.092
presente,41,26.092
documental,41,26.092
balanç,41,26.092
claus,41,26.092
destacats,41,26.092
novetat,41,26.092
resistència,41,26.092
triar,41,26.092
tavernes,41,26.092
disponibles,41,26.092
inclòs,41,26.092
ontinyent,41,26.092
fum,41,26.092
aparentment,41,26.092
distinta,41,26.092
fogueres,41,26.092
geografia,41,26.092
circular,41,26.092
penes,41,26.092
adquisició,41,26.092
intergeneracional,41,26.092
unides,41,26.092
reunions,41,26.092
expressament,41,26.092
incrementar,41,26.092
urgència,41,26.092
completament,41,26.092
interpretar,41,26.092
prevista,41,26.092
creure,41,26.092
pausa,41,26.092
tales,41,26.092
negra,41,26.092
respectius,41,26.092
comunicatiu,41,26.092
produccions,41,26.092
classificació,41,26.092
declaren,41,26.092
parar,41,26.092
cuina,41,26.092
declarat,41,26.092
pèl,41,26.092
físic,41,26.092
característic,41,26.092
romana,41,26.092
adés,41,26.092
metàfora,41,26.092
transformà,41,26.092
escenari,41,26.092
comencen,41,26.092
pren,41,26.092
ortogràfica,41,26.092
lligen,41,26.092
ludix,41,26.092
anomenades,41,26.092
passen,41,26.092
perífrasi,41,26.092
teu,41,26.092
eficàcia,41,26.092
depòsit,41,26.092
cotxe,41,26.092
caiguda,41,26.092
flexió,41,26.092
quantitatiu,41,26.092
finés,41,26.092
parèntesis,41,26.092
administración,41,26.092
normalización,41,26.092
mµ,41,26.092
consolidat,40,25.4556
rigor,40,25.4556
fixa,40,25.4556
repertori,40,25.4556
missatges,40,25.4556
tallers,40,25.4556
habilitats,40,25.4556
inicis,40,25.4556
ferma,40,25.4556
concertats,40,25.4556
simbòlica,40,25.4556
dibuixos,40,25.4556
correcta,40,25.4556
traductor,40,25.4556
dijous,40,25.4556
virtual,40,25.4556
revolució,40,25.4556
agent,40,25.4556
casal,40,25.4556
rebuig,40,25.4556
vicente,40,25.4556
marta,40,25.4556
entesa,40,25.4556
coromines,40,25.4556
profundament,40,25.4556
progrés,40,25.4556
positivament,40,25.4556
vicenta,40,25.4556
vincles,40,25.4556
faran,40,25.4556
realitzada,40,25.4556
marcada,40,25.4556
significatives,40,25.4556
torna,40,25.4556
relacionar,40,25.4556
ensenyar,40,25.4556
atles,40,25.4556
bloc,40,25.4556
corrents,40,25.4556
aliment,40,25.4556
determina,40,25.4556
península,40,25.4556
dialecte,40,25.4556
citar,40,25.4556
cívica,40,25.4556
morfologia,40,25.4556
xifra,40,25.4556
atorga,40,25.4556
adults,40,25.4556
missatge,40,25.4556
compta,40,25.4556
blau,40,25.4556
termcat,40,25.4556
malament,40,25.4556
provocar,40,25.4556
pautes,40,25.4556
york,40,25.4556
aparell,40,25.4556
crisi,40,25.4556
testimonis,40,25.4556
ample,40,25.4556
crist,40,25.4556
ocupen,40,25.4556
formalitat,40,25.4556
café,40,25.4556
experimentat,40,25.4556
mitja,40,25.4556
facen,40,25.4556
manifesten,40,25.4556
precedents,40,25.4556
precedix,40,25.4556
suspensius,40,25.4556
identitats,40,25.4556
mèrits,40,25.4556
equivalents,40,25.4556
aporten,40,25.4556
féu,40,25.4556
citació,40,25.4556
cardinals,40,25.4556
litúrgics,40,25.4556
afirmació,40,25.4556
anàlisis,40,25.4556
perífrasis,40,25.4556
qualificadora,40,25.4556
valencianos,40,25.4556
hay,40,25.4556
comunidades,40,25.4556
administraciones,40,25.4556
have,40,25.4556
sigui,40,25.4556
crític,39,24.8192
vinculació,39,24.8192
valora,39,24.8192
moros,39,24.8192
oportunitats,39,24.8192
lliurament,39,24.8192
duc,39,24.8192
bones,39,24.8192
periodistes,39,24.8192
gramàtiques,39,24.8192
nicolau,39,24.8192
preparat,39,24.8192
ovidi,39,24.8192
arxiu,39,24.8192
cartogràfic,39,24.8192
familiars,39,24.8192
especialitat,39,24.8192
escriptores,39,24.8192
ofici,39,24.8192
moll,39,24.8192
xúquer,39,24.8192
énguera,39,24.8192
consultes,39,24.8192
perjuí,39,24.8192
oportú,39,24.8192
independent,39,24.8192
acompanyat,39,24.8192
passant,39,24.8192
democràcia,39,24.8192
basat,39,24.8192
estada,39,24.8192
relat,39,24.8192
estudia,39,24.8192
centenari,39,24.8192
diaris,39,24.8192
cau,39,24.8192
llombart,39,24.8192
actiu,39,24.8192
reflexions,39,24.8192
podien,39,24.8192
estic,39,24.8192
carrera,39,24.8192
salutació,39,24.8192
basada,39,24.8192
ambdós,39,24.8192
martines,39,24.8192
colors,39,24.8192
continent,39,24.8192
comparació,39,24.8192
globalització,39,24.8192
privada,39,24.8192
consegüent,39,24.8192
esmentats,39,24.8192
are,39,24.8192
estés,39,24.8192
situen,39,24.8192
posicions,39,24.8192
esperar,39,24.8192
socialment,39,24.8192
aunque,39,24.8192
estrany,39,24.8192
notaris,39,24.8192
fang,39,24.8192
proposat,39,24.8192
vigents,39,24.8192
vós,39,24.8192
rector,39,24.8192
ocupació,39,24.8192
plantejaments,39,24.8192
marcar,39,24.8192
peix,39,24.8192
agents,39,24.8192
globals,39,24.8192
cultes,39,24.8192
esmentada,39,24.8192
assenyalen,39,24.8192
certificat,39,24.8192
lisboa,39,24.8192
sólo,39,24.8192
trabajo,39,24.8192
monolingües,39,24.8192
insistir,38,24.1828
treballant,38,24.1828
simbòlic,38,24.1828
visual,38,24.1828
saló,38,24.1828
organitza,38,24.1828
gonzález,38,24.1828
saldanya,38,24.1828
obertes,38,24.1828
plata,38,24.1828
esfera,38,24.1828
entrat,38,24.1828
lar,38,24.1828
manuals,38,24.1828
índex,38,24.1828
introduïx,38,24.1828
informar,38,24.1828
blanques,38,24.1828
cita,38,24.1828
altea,38,24.1828
crítiques,38,24.1828
espill,38,24.1828
cívic,38,24.1828
franja,38,24.1828
tècniques,38,24.1828
canet,38,24.1828
climent,38,24.1828
meseguer,38,24.1828
modificacions,38,24.1828
tasa,38,24.1828
participa,38,24.1828
complet,38,24.1828
colp,38,24.1828
sexual,38,24.1828
nacions,38,24.1828
veuen,38,24.1828
convencions,38,24.1828
litúrgia,38,24.1828
extrem,38,24.1828
explicacions,38,24.1828
àfrica,38,24.1828
integren,38,24.1828
agència,38,24.1828
cooficial,38,24.1828
junt,38,24.1828
parcialment,38,24.1828
dígraf,38,24.1828
avinguda,38,24.1828
silla,38,24.1828
provoca,38,24.1828
senyera,38,24.1828
not,38,24.1828
prefixos,38,24.1828
costums,38,24.1828
teologia,38,24.1828
profund,38,24.1828
creences,38,24.1828
jueus,38,24.1828
alçària,38,24.1828
genuïnitat,38,24.1828
negació,38,24.1828
ou,38,24.1828
ǁ,38,24.1828
all,38,24.1828
bàsiques,38,24.1828
referides,38,24.1828
observem,38,24.1828
oficiales,38,24.1828
docv,38,24.1828
nuestra,38,24.1828
eds,38,24.1828
proporcions,38,24.1828
vasco,38,24.1828
bt,38,24.1828
beltran,37,23.5464
pendent,37,23.5464
integrar,37,23.5464
inicials,37,23.5464
autoestima,37,23.5464
transcendència,37,23.5464
modernitat,37,23.5464
pronunciat,37,23.5464
expedient,37,23.5464
ampliació,37,23.5464
promocionar,37,23.5464
gentilicis,37,23.5464
patró,37,23.5464
pròxims,37,23.5464
elegir,37,23.5464
determinants,37,23.5464
venda,37,23.5464
colom,37,23.5464
masses,37,23.5464
comité,37,23.5464
comarcal,37,23.5464
agraït,37,23.5464
subratllar,37,23.5464
descriure,37,23.5464
pronuncien,37,23.5464
dictadura,37,23.5464
artistes,37,23.5464
estrela,37,23.5464
cançons,37,23.5464
vocabulario,37,23.5464
reunir,37,23.5464
decidir,37,23.5464
alguer,37,23.5464
tria,37,23.5464
dotar,37,23.5464
educatives,37,23.5464
llenguatges,37,23.5464
guardar,37,23.5464
permés,37,23.5464
afrontar,37,23.5464
atesa,37,23.5464
canviat,37,23.5464
humanes,37,23.5464
connexió,37,23.5464
pols,37,23.5464
comunicación,37,23.5464
naix,37,23.5464
professió,37,23.5464
concretar,37,23.5464
facilitat,37,23.5464
genuïna,37,23.5464
impedir,37,23.5464
darrera,37,23.5464
dites,37,23.5464
imperi,37,23.5464
derivades,37,23.5464
atribuïx,37,23.5464
fallers,37,23.5464
hauríem,37,23.5464
sinònims,37,23.5464
sintàctiques,37,23.5464
juí,37,23.5464
procedix,37,23.5464
seguits,37,23.5464
minoria,37,23.5464
estudiant,37,23.5464
catalan,37,23.5464
subjectiva,37,23.5464
classifiquen,37,23.5464
simposi,37,23.5464
televisions,37,23.5464
romànics,37,23.5464
journal,37,23.5464
estudio,37,23.5464
promoción,37,23.5464
otros,37,23.5464
ﬁnal,37,23.5464
luis,36,22.91
advertir,36,22.91
conscient,36,22.91
definitivament,36,22.91
servixen,36,22.91
estratègia,36,22.91
elaborada,36,22.91
llatins,36,22.91
manifestació,36,22.91
incorporen,36,22.91
artificial,36,22.91
genera,36,22.91
pilar,36,22.91
entusiasme,36,22.91
dic,36,22.91
continuarà,36,22.91
estatutari,36,22.91
preferències,36,22.91
deixen,36,22.91
juli,36,22.91
flor,36,22.91
platja,36,22.91
llançar,36,22.91
biografia,36,22.91
interessats,36,22.91
castellanització,36,22.91
pressupostos,36,22.91
postguerra,36,22.91
altura,36,22.91
vosaltres,36,22.91
continuat,36,22.91
avaluar,36,22.91
esdeveniments,36,22.91
mapes,36,22.91
valencianisme,36,22.91
abandonar,36,22.91
ideologia,36,22.91
patir,36,22.91
net,36,22.91
montgó,36,22.91
esportives,36,22.91
brussel,36,22.91
contar,36,22.91
típic,36,22.91
actuen,36,22.91
coincidint,36,22.91
exigència,36,22.91
formats,36,22.91
nouvinguts,36,22.91
pensem,36,22.91
llibret,36,22.91
escrig,36,22.91
gadea,36,22.91
aplicava,36,22.91
afegiment,36,22.91
romàniques,36,22.91
grècia,36,22.91
mèrit,36,22.91
separació,36,22.91
acceptable,36,22.91
procedia,36,22.91
fixat,36,22.91
intenta,36,22.91
w,36,22.91
carretera,36,22.91
espanyols,36,22.91
cambres,36,22.91
pertinença,36,22.91
sindicats,36,22.91
immigrant,36,22.91
avançat,36,22.91
predicació,36,22.91
recomanables,36,22.91
condicional,36,22.91
parèntesi,36,22.91
interrogatives,36,22.91
introduïxen,36,22.91
cd,36,22.91
capacitació,36,22.91
empleats,36,22.91
reclamació,36,22.91
bien,36,22.91
cit,36,22.91
porque,36,22.91
sociales,36,22.91
orgull,35,22.2736
normativització,35,22.2736
instituts,35,22.2736
estendre,35,22.2736
investigadors,35,22.2736
miralles,35,22.2736
editar,35,22.2736
aprovades,35,22.2736
manament,35,22.2736
exemplar,35,22.2736
considerades,35,22.2736
recomanable,35,22.2736
futbol,35,22.2736
pertinents,35,22.2736
èpoques,35,22.2736
glòria,35,22.2736
eduard,35,22.2736
preocupació,35,22.2736
vídeo,35,22.2736
setmanes,35,22.2736
vacant,35,22.2736
lència,35,22.2736
eines,35,22.2736
curta,35,22.2736
hispànica,35,22.2736
cronistes,35,22.2736
gestionar,35,22.2736
omplir,35,22.2736
menuts,35,22.2736
palma,35,22.2736
basa,35,22.2736
empresarial,35,22.2736
manaments,35,22.2736
genuïnes,35,22.2736
fonamenta,35,22.2736
mestra,35,22.2736
castellans,35,22.2736
considerava,35,22.2736
valga,35,22.2736
usades,35,22.2736
limita,35,22.2736
by,35,22.2736
cultismes,35,22.2736
christi,35,22.2736
negreta,35,22.2736
polèmica,35,22.2736
usaven,35,22.2736
femenins,35,22.2736
fortuna,35,22.2736
esquerra,35,22.2736
gestat,35,22.2736
formà,35,22.2736
germana,35,22.2736
créixer,35,22.2736
mon,35,22.2736
excés,35,22.2736
corregir,35,22.2736
pv,35,22.2736
articulació,35,22.2736
parets,35,22.2736
ull,35,22.2736
obstacle,35,22.2736
prèvia,35,22.2736
alqueria,35,22.2736
flandes,35,22.2736
potes,35,22.2736
assenyalat,35,22.2736
ciutadà,35,22.2736
llet,35,22.2736
excepcions,35,22.2736
irlanda,35,22.2736
sintàctic,35,22.2736
incrementa,35,22.2736
imperfet,35,22.2736
internes,35,22.2736
normalitzar,35,22.2736
we,35,22.2736
facturació,35,22.2736
acorda,35,22.2736
gobierno,35,22.2736
ámbitos,35,22.2736
euskera,35,22.2736
impartit,34,21.6372
dinamització,34,21.6372
puc,34,21.6372
patit,34,21.6372
generalitzada,34,21.6372
gros,34,21.6372
especialitzat,34,21.6372
tasques,34,21.6372
tall,34,21.6372
rap,34,21.6372
participaran,34,21.6372
maría,34,21.6372
cronista,34,21.6372
lectures,34,21.6372
estable,34,21.6372
adverbial,34,21.6372
iec,34,21.6372
espera,34,21.6372
ports,34,21.6372
parle,34,21.6372
ferida,34,21.6372
fraseologia,34,21.6372
progenitors,34,21.6372
alexandre,34,21.6372
giner,34,21.6372
penya,34,21.6372
montaner,34,21.6372
roda,34,21.6372
frontera,34,21.6372
figuren,34,21.6372
esports,34,21.6372
festivals,34,21.6372
vinculada,34,21.6372
catarroja,34,21.6372
lustre,34,21.6372
darrer,34,21.6372
veiem,34,21.6372
ressò,34,21.6372
company,34,21.6372
artístiques,34,21.6372
implicació,34,21.6372
peníscola,34,21.6372
lustrar,34,21.6372
dibuix,34,21.6372
impossible,34,21.6372
redactar,34,21.6372
constantí,34,21.6372
rock,34,21.6372
motor,34,21.6372
estudiat,34,21.6372
nucia,34,21.6372
patrimonials,34,21.6372
desplaçament,34,21.6372
combinacions,34,21.6372
webs,34,21.6372
alçar,34,21.6372
vita,34,21.6372
conegudes,34,21.6372
afig,34,21.6372
semblava,34,21.6372
resultant,34,21.6372
publicà,34,21.6372
temor,34,21.6372
lícula,34,21.6372
soldats,34,21.6372
pol,34,21.6372
parer,34,21.6372
cristianisme,34,21.6372
agulla,34,21.6372
creuen,34,21.6372
bèl,34,21.6372
descriu,34,21.6372
occità,34,21.6372
ritme,34,21.6372
negres,34,21.6372
spill,34,21.6372
corfa,34,21.6372
produïxen,34,21.6372
anti,34,21.6372
nació,34,21.6372
sensació,34,21.6372
regla,34,21.6372
parell,34,21.6372
ucraïna,34,21.6372
funcionar,34,21.6372
preposicional,34,21.6372
feina,34,21.6372
sintaxi,34,21.6372
magatzems,34,21.6372
realidad,34,21.6372
community,34,21.6372
públicas,34,21.6372
fue,34,21.6372
jurídico,34,21.6372
identiﬁcació,34,21.6372
mft,34,21.6372
sami,34,21.6372
interessa,33,21.0008
grossa,33,21.0008
periodisme,33,21.0008
historiador,33,21.0008
ferm,33,21.0008
urbanes,33,21.0008
rica,33,21.0008
salvaguardar,33,21.0008
centenar,33,21.0008
revisió,33,21.0008
mandat,33,21.0008
demandes,33,21.0008
correctes,33,21.0008
seguidament,33,21.0008
absurd,33,21.0008
mallorquí,33,21.0008
integrada,33,21.0008
immensa,33,21.0008
optat,33,21.0008
dada,33,21.0008
falleres,33,21.0008
esdeveniment,33,21.0008
diversa,33,21.0008
similars,33,21.0008
diputacions,33,21.0008
pura,33,21.0008
cova,33,21.0008
graus,33,21.0008
ànim,33,21.0008
conforme,33,21.0008
cercle,33,21.0008
unión,33,21.0008
fruits,33,21.0008
unesco,33,21.0008
servit,33,21.0008
precisa,33,21.0008
sòl,33,21.0008
plataforma,33,21.0008
previstos,33,21.0008
abundància,33,21.0008
sonora,33,21.0008
zoo,33,21.0008
donant,33,21.0008
apunten,33,21.0008
instant,33,21.0008
creadors,33,21.0008
presentarà,33,21.0008
sistemàtica,33,21.0008
validesa,33,21.0008
plat,33,21.0008
gira,33,21.0008
estricte,33,21.0008
inversió,33,21.0008
queixa,33,21.0008
científics,33,21.0008
castanyer,33,21.0008
dirigides,33,21.0008
descendents,33,21.0008
legalment,33,21.0008
requeriment,33,21.0008
preu,33,21.0008
repetició,33,21.0008
comtat,33,21.0008
índia,33,21.0008
lligat,33,21.0008
elevada,33,21.0008
parc,33,21.0008
lingüistes,33,21.0008
propia,33,21.0008
explícita,33,21.0008
associar,33,21.0008
hàbits,33,21.0008
notar,33,21.0008
clima,33,21.0008
exèrcit,33,21.0008
agut,33,21.0008
recipient,33,21.0008
caminar,33,21.0008
companyies,33,21.0008
designada,33,21.0008
clot,33,21.0008
cartells,33,21.0008
determinen,33,21.0008
oest,33,21.0008
elemental,33,21.0008
previ,33,21.0008
consegüentment,33,21.0008
convocar,33,21.0008
obstacles,33,21.0008
atribut,33,21.0008
morfemes,33,21.0008
reflexius,33,21.0008
conselleries,33,21.0008
uno,33,21.0008
editats,33,21.0008
otras,33,21.0008
común,33,21.0008
habla,33,21.0008
mismo,33,21.0008
otra,33,21.0008
fm,33,21.0008
gràﬁc,33,21.0008
fê,33,21.0008
amv,33,21.0008
diversity,33,21.0008
consenso,33,21.0008
titulacions,32,20.3645
desenvolupat,32,20.3645
naturalitat,32,20.3645
especialització,32,20.3645
diària,32,20.3645
comprén,32,20.3645
dependències,32,20.3645
estimar,32,20.3645
transport,32,20.3645
completar,32,20.3645
agustí,32,20.3645
valencianista,32,20.3645
oracional,32,20.3645
tanca,32,20.3645
justificar,32,20.3645
arguments,32,20.3645
peces,32,20.3645
indicació,32,20.3645
vehicles,32,20.3645
establia,32,20.3645
coordinadora,32,20.3645
benicarló,32,20.3645
directiva,32,20.3645
treballat,32,20.3645
geogràfica,32,20.3645
inauguració,32,20.3645
visitar,32,20.3645
firmar,32,20.3645
túria,32,20.3645
conscients,32,20.3645
acompanyada,32,20.3645
concòrdia,32,20.3645
peus,32,20.3645
votació,32,20.3645
manel,32,20.3645
gimeno,32,20.3645
lozano,32,20.3645
núria,32,20.3645
comarcals,32,20.3645
assolit,32,20.3645
arena,32,20.3645
associatiu,32,20.3645
alegria,32,20.3645
imperatiu,32,20.3645
representant,32,20.3645
llibreries,32,20.3645
fracàs,32,20.3645
antropònims,32,20.3645
comunes,32,20.3645
galega,32,20.3645
requerix,32,20.3645
usem,32,20.3645
parlaven,32,20.3645
faller,32,20.3645
ànima,32,20.3645
oliva,32,20.3645
laborat,32,20.3645
complexitat,32,20.3645
remat,32,20.3645
centímetres,32,20.3645
dura,32,20.3645
enmig,32,20.3645
estació,32,20.3645
unix,32,20.3645
cèl,32,20.3645
roín,32,20.3645
mescla,32,20.3645
estreta,32,20.3645
volums,32,20.3645
millors,32,20.3645
centro,32,20.3645
nuclis,32,20.3645
valencianització,32,20.3645
representat,32,20.3645
lela,32,20.3645
vela,32,20.3645
perd,32,20.3645
desigualtat,32,20.3645
festives,32,20.3645
magdalena,32,20.3645
consells,32,20.3645
senyals,32,20.3645
avís,32,20.3645
desplega,32,20.3645
esmentar,32,20.3645
preposicionals,32,20.3645
formalment,32,20.3645
pagar,32,20.3645
coca,32,20.3645
farina,32,20.3645
precisió,32,20.3645
gràficament,32,20.3645
curiosament,32,20.3645
ai,32,20.3645
quaresma,32,20.3645
preceptes,32,20.3645
riure,32,20.3645
contracció,32,20.3645
vinga,32,20.3645
planes,32,20.3645
admet,32,20.3645
assentaments,32,20.3645
circuit,32,20.3645
electrònic,32,20.3645
explícit,32,20.3645
ochoa,32,20.3645
minoritària,32,20.3645
caracteritzen,32,20.3645
doctorat,32,20.3645
interrogatius,32,20.3645
congressos,32,20.3645
html,32,20.3645
mundo,32,20.3645
brauli,32,20.3645
usarem,32,20.3645
población,32,20.3645
flamencs,32,20.3645
ciudadanos,32,20.3645
official,32,20.3645
irlandès,32,20.3645
vostra,31,19.7281
explícitament,31,19.7281
compromisos,31,19.7281
agraïment,31,19.7281
reflexionar,31,19.7281
pati,31,19.7281
tocar,31,19.7281
autonòmics,31,19.7281
introduït,31,19.7281
organitzen,31,19.7281
mirar,31,19.7281
subvenció,31,19.7281
digitals,31,19.7281
rius,31,19.7281
claredat,31,19.7281
pep,31,19.7281
abel,31,19.7281
llopis,31,19.7281
mulet,31,19.7281
quotidià,31,19.7281
especials,31,19.7281
diana,31,19.7281
coordinat,31,19.7281
ferro,31,19.7281
veïnat,31,19.7281
record,31,19.7281
cadenes,31,19.7281
agricultura,31,19.7281
hisenda,31,19.7281
fotografies,31,19.7281
censura,31,19.7281
tronc,31,19.7281
moderns,31,19.7281
portat,31,19.7281
immediat,31,19.7281
incidir,31,19.7281
sentim,31,19.7281
compten,31,19.7281
llegenda,31,19.7281
matrimoni,31,19.7281
consten,31,19.7281
reacció,31,19.7281
vaja,31,19.7281
caos,31,19.7281
pàtria,31,19.7281
centrals,31,19.7281
successió,31,19.7281
narra,31,19.7281
significatiu,31,19.7281
lexicogràfica,31,19.7281
carabassa,31,19.7281
divisió,31,19.7281
vore,31,19.7281
mur,31,19.7281
periòdiques,31,19.7281
unir,31,19.7281
popularment,31,19.7281
morro,31,19.7281
interlocutor,31,19.7281
anomena,31,19.7281
catorze,31,19.7281
ingredients,31,19.7281
está,31,19.7281
rogenc,31,19.7281
importa,31,19.7281
apunt,31,19.7281
boe,31,19.7281
telèfon,31,19.7281
cabells,31,19.7281
facilita,31,19.7281
atribuïm,31,19.7281
literal,31,19.7281
possessiu,31,19.7281
vells,31,19.7281
semàntiques,31,19.7281
exigir,31,19.7281
mares,31,19.7281
teatres,31,19.7281
particularment,31,19.7281
mona,31,19.7281
len,31,19.7281
zero,31,19.7281
oficialment,31,19.7281
medievals,31,19.7281
absolutament,31,19.7281
metodologia,31,19.7281
autorització,31,19.7281
society,31,19.7281
vendes,31,19.7281
caixes,31,19.7281
depenen,31,19.7281
interrogació,31,19.7281
entonació,31,19.7281
dictàmens,31,19.7281
monolingüe,31,19.7281
escolarització,31,19.7281
puede,31,19.7281
millet,31,19.7281
instituciones,31,19.7281
cs,31,19.7281
díez,30,19.0917
plantegen,30,19.0917
minorització,30,19.0917
meus,30,19.0917
inclosos,30,19.0917
informatitzat,30,19.0917
visible,30,19.0917
callosa,30,19.0917
vincle,30,19.0917
entenen,30,19.0917
xarrada,30,19.0917
seguiment,30,19.0917
actualitzar,30,19.0917
didàctics,30,19.0917
guardons,30,19.0917
vocació,30,19.0917
entrevista,30,19.0917
expliquen,30,19.0917
ordinari,30,19.0917
documentals,30,19.0917
acollir,30,19.0917
riba,30,19.0917
emissió,30,19.0917
publicarà,30,19.0917
consecució,30,19.0917
continue,30,19.0917
comèdia,30,19.0917
substància,30,19.0917
cadena,30,19.0917
destinades,30,19.0917
atribuir,30,19.0917
marín,30,19.0917
goig,30,19.0917
joseph,30,19.0917
extens,30,19.0917
tudi,30,19.0917
renúncia,30,19.0917
esperances,30,19.0917
demostrar,30,19.0917
coordinar,30,19.0917
informatiu,30,19.0917
elevar,30,19.0917
andorra,30,19.0917
blocs,30,19.0917
adequar,30,19.0917
adequades,30,19.0917
subvencions,30,19.0917
bons,30,19.0917
períodes,30,19.0917
lacreu,30,19.0917
commemoració,30,19.0917
apuntava,30,19.0917
reivindicació,30,19.0917
vaticà,30,19.0917
acceptar,30,19.0917
lic,30,19.0917
minuts,30,19.0917
emetre,30,19.0917
cabal,30,19.0917
sonor,30,19.0917
remei,30,19.0917
poblet,30,19.0917
degut,30,19.0917
peculiar,30,19.0917
legis,30,19.0917
pandèmia,30,19.0917
fundador,30,19.0917
lema,30,19.0917
precedides,30,19.0917
obri,30,19.0917
imaginari,30,19.0917
oriental,30,19.0917
mental,30,19.0917
indistintament,30,19.0917
titulat,30,19.0917
probable,30,19.0917
referida,30,19.0917
registrada,30,19.0917
semànticament,30,19.0917
mateu,30,19.0917
filòsof,30,19.0917
existia,30,19.0917
hipòtesi,30,19.0917
prenent,30,19.0917
entra,30,19.0917
violència,30,19.0917
mossén,30,19.0917
remot,30,19.0917
harmonia,30,19.0917
estrangers,30,19.0917
fos,30,19.0917
mart,30,19.0917
adj,30,19.0917
calc,30,19.0917
tanta,30,19.0917
breus,30,19.0917
burro,30,19.0917
comerços,30,19.0917
precisar,30,19.0917
delimitar,30,19.0917
produeix,30,19.0917
new,30,19.0917
subordinació,30,19.0917
atribucions,30,19.0917
comptat,30,19.0917
cabdal,30,19.0917
honorat,30,19.0917
uv,30,19.0917
iniciat,30,19.0917
educación,30,19.0917
mantenir,30,19.0917
durante,30,19.0917
jqcv,30,19.0917
its,30,19.0917
op,30,19.0917
estas,30,19.0917
pluralisme,30,19.0917
régimen,30,19.0917
adm,30,19.0917
alc,30,19.0917
eµ,30,19.0917
proclama,29,18.4553
alacantí,29,18.4553
didàctiques,29,18.4553
trellat,29,18.4553
desplegar,29,18.4553
visibilitat,29,18.4553
permetrà,29,18.4553
llicenciada,29,18.4553
sensibilitat,29,18.4553
cival,29,18.4553
trobades,29,18.4553
mereix,29,18.4553
agrupació,29,18.4553
olmo,29,18.4553
adjectival,29,18.4553
forn,29,18.4553
líquid,29,18.4553
basant,29,18.4553
dualitat,29,18.4553
especialitzada,29,18.4553
muro,29,18.4553
diego,29,18.4553
alcúdia,29,18.4553
lustracions,29,18.4553
teixit,29,18.4553
pressió,29,18.4553
berenguer,29,18.4553
fina,29,18.4553
colón,29,18.4553
adjunta,29,18.4553
defensor,29,18.4553
jurat,29,18.4553
dates,29,18.4553
comportaments,29,18.4553
llar,29,18.4553
potent,29,18.4553
curiositat,29,18.4553
acreditació,29,18.4553
records,29,18.4553
concessió,29,18.4553
impressió,29,18.4553
dolçaina,29,18.4553
estén,29,18.4553
dedicats,29,18.4553
magisteri,29,18.4553
oferixen,29,18.4553
futurs,29,18.4553
cim,29,18.4553
xicotet,29,18.4553
passada,29,18.4553
estranya,29,18.4553
definix,29,18.4553
pedres,29,18.4553
pròximes,29,18.4553
assumpció,29,18.4553
adaptada,29,18.4553
anglicisme,29,18.4553
constituïda,29,18.4553
donem,29,18.4553
deixant,29,18.4553
eva,29,18.4553
catàleg,29,18.4553
cors,29,18.4553
subratllat,29,18.4553
assemblea,29,18.4553
preparar,29,18.4553
execució,29,18.4553
ar,29,18.4553
cobert,29,18.4553
tossal,29,18.4553
notari,29,18.4553
febra,29,18.4553
transformat,29,18.4553
felicitat,29,18.4553
usant,29,18.4553
impresa,29,18.4553
macedònia,29,18.4553
gola,29,18.4553
responen,29,18.4553
identitària,29,18.4553
aguda,29,18.4553
israel,29,18.4553
compartixen,29,18.4553
policia,29,18.4553
pit,29,18.4553
morfològiques,29,18.4553
ad,29,18.4553
llauradors,29,18.4553
similar,29,18.4553
ɔ,29,18.4553
braç,29,18.4553
virus,29,18.4553
acceptables,29,18.4553
sabut,29,18.4553
ordenar,29,18.4553
suïssa,29,18.4553
alumne,29,18.4553
verge,29,18.4553
províncies,29,18.4553
apostrofació,29,18.4553
morfema,29,18.4553
petrer,29,18.4553
atesos,29,18.4553
paràgrafs,29,18.4553
comes,29,18.4553
esmentades,29,18.4553
gaire,29,18.4553
modals,29,18.4553
codificació,29,18.4553
concursos,29,18.4553
incentivar,29,18.4553
universidad,29,18.4553
datos,29,18.4553
doi,29,18.4553
desarrollo,29,18.4553
emprar,29,18.4553
relación,29,18.4553
vlc,29,18.4553
been,29,18.4553
intercomprensió,29,18.4553
estimada,28,17.8189
done,28,17.8189
orientació,28,17.8189
venen,28,17.8189
investigadora,28,17.8189
inscripció,28,17.8189
aplicant,28,17.8189
aina,28,17.8189
renaixença,28,17.8189
finestra,28,17.8189
àrabs,28,17.8189
ligència,28,17.8189
vidal,28,17.8189
onada,28,17.8189
anunci,28,17.8189
correu,28,17.8189
drama,28,17.8189
turisme,28,17.8189
benvinguda,28,17.8189
aparença,28,17.8189
atmosfera,28,17.8189
necessitem,28,17.8189
ferramentes,28,17.8189
ximo,28,17.8189
hernández,28,17.8189
parles,28,17.8189
saviesa,28,17.8189
junts,28,17.8189
càtedra,28,17.8189
exigix,28,17.8189
desaparició,28,17.8189
papers,28,17.8189
expressiva,28,17.8189
reduïda,28,17.8189
podeu,28,17.8189
solidaritat,28,17.8189
traduït,28,17.8189
detall,28,17.8189
realitzades,28,17.8189
labor,28,17.8189
instruccions,28,17.8189
vides,28,17.8189
pal,28,17.8189
modificat,28,17.8189
entrevistes,28,17.8189
joanot,28,17.8189
músics,28,17.8189
capitals,28,17.8189
llevar,28,17.8189
castells,28,17.8189
traslladar,28,17.8189
amenaça,28,17.8189
contraposició,28,17.8189
interessants,28,17.8189
dinar,28,17.8189
limitacions,28,17.8189
información,28,17.8189
artística,28,17.8189
pur,28,17.8189
ajusta,28,17.8189
honorable,28,17.8189
tendències,28,17.8189
hagueren,28,17.8189
marquen,28,17.8189
notables,28,17.8189
comentari,28,17.8189
dilluns,28,17.8189
circumstancial,28,17.8189
francesos,28,17.8189
nomenat,28,17.8189
difícilment,28,17.8189
galletes,28,17.8189
precedida,28,17.8189
legislatiu,28,17.8189
comprar,28,17.8189
bretanya,28,17.8189
quedà,28,17.8189
incert,28,17.8189
muntanyes,28,17.8189
militars,28,17.8189
lel,28,17.8189
an,28,17.8189
porc,28,17.8189
bou,28,17.8189
pujar,28,17.8189
mòbil,28,17.8189
oratge,28,17.8189
prioritat,28,17.8189
zel,28,17.8189
oralment,28,17.8189
rae,28,17.8189
buscant,28,17.8189
contràriament,28,17.8189
fita,28,17.8189
òbviament,28,17.8189
sea,28,17.8189
palatal,28,17.8189
vindrà,28,17.8189
legalitat,28,17.8189
horitzó,28,17.8189
fortes,28,17.8189
patriarca,28,17.8189
avall,28,17.8189
vii,28,17.8189
tr,28,17.8189
respondre,28,17.8189
considerant,28,17.8189
fruites,28,17.8189
quantes,28,17.8189
pues,28,17.8189
classificar,28,17.8189
fondo,28,17.8189
préstecs,28,17.8189
numeral,28,17.8189
folk,28,17.8189
trinitat,28,17.8189
conformitat,28,17.8189
costos,28,17.8189
textuals,28,17.8189
isbn,28,17.8189
saluda,28,17.8189
suficients,28,17.8189
è,28,17.8189
egb,28,17.8189
sociolingüístic,28,17.8189
boletín,28,17.8189
tienen,28,17.8189
hidden,28,17.8189
medios,28,17.8189
mayor,28,17.8189
gv,28,17.8189
hablar,28,17.8189
dissenyar,28,17.8189
oﬁcialitat,28,17.8189
hablantes,28,17.8189
tecnologia,27,17.1825
aposta,27,17.1825
ferramenta,27,17.1825
info,27,17.1825
dissenyada,27,17.1825
licituds,27,17.1825
presentades,27,17.1825
clic,27,17.1825
vertical,27,17.1825
seqüència,27,17.1825
circulació,27,17.1825
candidatures,27,17.1825
activament,27,17.1825
àsia,27,17.1825
poemari,27,17.1825
picassent,27,17.1825
tornat,27,17.1825
parlamentària,27,17.1825
canvia,27,17.1825
determinació,27,17.1825
intents,27,17.1825
abat,27,17.1825
raquel,27,17.1825
ricard,27,17.1825
serrano,27,17.1825
teua,27,17.1825
equips,27,17.1825
guardamar,27,17.1825
importante,27,17.1825
informatives,27,17.1825
menorca,27,17.1825
arxius,27,17.1825
hagué,27,17.1825
sorpresa,27,17.1825
paterna,27,17.1825
acompanyats,27,17.1825
pesca,27,17.1825
xicoteta,27,17.1825
mireia,27,17.1825
tercers,27,17.1825
indirecte,27,17.1825
senzilla,27,17.1825
xicotetes,27,17.1825
ales,27,17.1825
incloses,27,17.1825
dietari,27,17.1825
bellesa,27,17.1825
gastronomia,27,17.1825
ludir,27,17.1825
divina,27,17.1825
columna,27,17.1825
immediata,27,17.1825
qu,27,17.1825
elegits,27,17.1825
originals,27,17.1825
aventura,27,17.1825
creen,27,17.1825
preguntar,27,17.1825
limitat,27,17.1825
partidaris,27,17.1825
electoral,27,17.1825
pensant,27,17.1825
auxiliar,27,17.1825
produí,27,17.1825
aprofitant,27,17.1825
venia,27,17.1825
tardà,27,17.1825
anònim,27,17.1825
encunyat,27,17.1825
restriccions,27,17.1825
romaní,27,17.1825
làbica,27,17.1825
assentament,27,17.1825
satisfer,27,17.1825
llatines,27,17.1825
italians,27,17.1825
fortament,27,17.1825
antecedents,27,17.1825
sexuals,27,17.1825
afigen,27,17.1825
portada,27,17.1825
desitjos,27,17.1825
partícules,27,17.1825
confusions,27,17.1825
verdader,27,17.1825
alteracions,27,17.1825
produïda,27,17.1825
destinació,27,17.1825
intervocàlica,27,17.1825
testament,27,17.1825
mera,27,17.1825
argentina,27,17.1825
adquirí,27,17.1825
negatius,27,17.1825
tensió,27,17.1825
expressada,27,17.1825
metre,27,17.1825
edificis,27,17.1825
ta,27,17.1825
practicar,27,17.1825
herba,27,17.1825
ada,27,17.1825
industrials,27,17.1825
mercats,27,17.1825
anterioritat,27,17.1825
oriola,27,17.1825
oposicions,27,17.1825
deures,27,17.1825
interns,27,17.1825
estretament,27,17.1825
geminada,27,17.1825
adaptats,27,17.1825
departaments,27,17.1825
predominantment,27,17.1825
exclamatius,27,17.1825
horari,27,17.1825
personalitats,27,17.1825
unanimitat,27,17.1825
adreçar,27,17.1825
notaries,27,17.1825
políticas,27,17.1825
comunitària,27,17.1825
moldàvia,27,17.1825
minority,27,17.1825
public,27,17.1825
vascuence,27,17.1825
susanna,26,16.5461
sabater,26,16.5461
pluralitat,26,16.5461
transformacions,26,16.5461
meues,26,16.5461
escolta,26,16.5461
prejuís,26,16.5461
laborador,26,16.5461
sarrià,26,16.5461
formulari,26,16.5461
convocat,26,16.5461
commemorar,26,16.5461
figueres,26,16.5461
protagonista,26,16.5461
etimològiques,26,16.5461
paret,26,16.5461
paràmetres,26,16.5461
eina,26,16.5461
ignasi,26,16.5461
inèdita,26,16.5461
parada,26,16.5461
import,26,16.5461
ironia,26,16.5461
repetir,26,16.5461
exercix,26,16.5461
creiem,26,16.5461
franquista,26,16.5461
robert,26,16.5461
alba,26,16.5461
tomàs,26,16.5461
sirera,26,16.5461
ricart,26,16.5461
blasco,26,16.5461
marí,26,16.5461
diputat,26,16.5461
defensar,26,16.5461
sino,26,16.5461
excepcional,26,16.5461
soroll,26,16.5461
nas,26,16.5461
buit,26,16.5461
colònia,26,16.5461
causar,26,16.5461
alcover,26,16.5461
raimon,26,16.5461
pola,26,16.5461
decidida,26,16.5461
dotat,26,16.5461
moragón,26,16.5461
sindicals,26,16.5461
xiqueta,26,16.5461
reguladora,26,16.5461
grandària,26,16.5461
conte,26,16.5461
infantils,26,16.5461
assagista,26,16.5461
acull,26,16.5461
atracció,26,16.5461
concert,26,16.5461
mantenint,26,16.5461
conjunta,26,16.5461
provincias,26,16.5461
apreciar,26,16.5461
formular,26,16.5461
ag,26,16.5461
medial,26,16.5461
lustració,26,16.5461
navegació,26,16.5461
generen,26,16.5461
autòctona,26,16.5461
teues,26,16.5461
guarda,26,16.5461
londres,26,16.5461
correctament,26,16.5461
eixamplant,26,16.5461
fernando,26,16.5461
lligada,26,16.5461
políticament,26,16.5461
volent,26,16.5461
taronja,26,16.5461
barris,26,16.5461
llac,26,16.5461
inexistent,26,16.5461
masculina,26,16.5461
productiu,26,16.5461
fosc,26,16.5461
jesucrist,26,16.5461
autèntic,26,16.5461
odi,26,16.5461
castic,26,16.5461
tela,26,16.5461
dansa,26,16.5461
temperatura,26,16.5461
plats,26,16.5461
estabilitat,26,16.5461
ordes,26,16.5461
procurar,26,16.5461
ideològic,26,16.5461
ous,26,16.5461
fugir,26,16.5461
apliquen,26,16.5461
soles,26,16.5461
examen,26,16.5461
obtingut,26,16.5461
caps,26,16.5461
futura,26,16.5461
victòria,26,16.5461
diferencien,26,16.5461
purament,26,16.5461
començades,26,16.5461
decenni,26,16.5461
efectuar,26,16.5461
esquena,26,16.5461
ves,26,16.5461
portuguesa,26,16.5461
deixava,26,16.5461
vernacla,26,16.5461
mel,26,16.5461
ocupat,26,16.5461
combinar,26,16.5461
optimisme,26,16.5461
caire,26,16.5461
guapo,26,16.5461
programari,26,16.5461
positius,26,16.5461
ello,26,16.5461
professions,26,16.5461
dependència,26,16.5461
principat,26,16.5461
resolucions,26,16.5461
segment,26,16.5461
aproven,26,16.5461
hace,26,16.5461
misteris,26,16.5461
mitjanes,26,16.5461
promulgació,26,16.5461
notem,26,16.5461
pronominalitza,26,16.5461
corresponga,26,16.5461
gnv,26,16.5461
redreçament,26,16.5461
bibliografia,26,16.5461
tramitació,26,16.5461
cabanes,26,16.5461
media,26,16.5461
traductors,26,16.5461
edu,26,16.5461
otro,26,16.5461
además,26,16.5461
ciutadanes,26,16.5461
existeix,26,16.5461
assessors,26,16.5461
quartes,26,16.5461
their,26,16.5461
insatisfactòria,26,16.5461
pertoca,25,15.9097
externes,25,15.9097
centra,25,15.9097
percebre,25,15.9097
exposicions,25,15.9097
rere,25,15.9097
estandardització,25,15.9097
pràctic,25,15.9097
redactats,25,15.9097
enfortir,25,15.9097
alcaldessa,25,15.9097
espirelius,25,15.9097
havent,25,15.9097
debades,25,15.9097
contindre,25,15.9097
sostre,25,15.9097
informàtic,25,15.9097
compra,25,15.9097
laberint,25,15.9097
transparència,25,15.9097
finalitzar,25,15.9097
gaudir,25,15.9097
publicades,25,15.9097
normalitzada,25,15.9097
sales,25,15.9097
escena,25,15.9097
diferencia,25,15.9097
remet,25,15.9097
forat,25,15.9097
parelles,25,15.9097
guardó,25,15.9097
arma,25,15.9097
pasqual,25,15.9097
david,25,15.9097
citada,25,15.9097
ric,25,15.9097
exacadèmic,25,15.9097
repàs,25,15.9097
full,25,15.9097
especialmente,25,15.9097
florals,25,15.9097
creix,25,15.9097
ambició,25,15.9097
destacable,25,15.9097
foia,25,15.9097
destinats,25,15.9097
espontani,25,15.9097
enriquiment,25,15.9097
mallorquins,25,15.9097
potencial,25,15.9097
mercantil,25,15.9097
pensat,25,15.9097
obligatori,25,15.9097
senya,25,15.9097
pertinent,25,15.9097
orient,25,15.9097
podrem,25,15.9097
pedagògica,25,15.9097
llosa,25,15.9097
cantants,25,15.9097
dedicades,25,15.9097
comentar,25,15.9097
implicats,25,15.9097
beure,25,15.9097
obrint,25,15.9097
passeig,25,15.9097
tic,25,15.9097
corporacions,25,15.9097
coneixem,25,15.9097
tàrbena,25,15.9097
formacions,25,15.9097
emprendre,25,15.9097
ventall,25,15.9097
provincial,25,15.9097
estadístiques,25,15.9097
datació,25,15.9097
famós,25,15.9097
suprimir,25,15.9097
rebel,25,15.9097
proporcionen,25,15.9097
afecte,25,15.9097
iguals,25,15.9097
furs,25,15.9097
començaren,25,15.9097
vendre,25,15.9097
sainet,25,15.9097
emperador,25,15.9097
eclesiàstica,25,15.9097
síndrome,25,15.9097
sabor,25,15.9097
deessa,25,15.9097
restauració,25,15.9097
estancament,25,15.9097
prengué,25,15.9097
espacial,25,15.9097
ordenacions,25,15.9097
isme,25,15.9097
mata,25,15.9097
expressives,25,15.9097
missió,25,15.9097
demanen,25,15.9097
desenvolupa,25,15.9097
desprén,25,15.9097
reconegudes,25,15.9097
pecat,25,15.9097
capçalera,25,15.9097
errors,25,15.9097
ambiental,25,15.9097
préstec,25,15.9097
recorre,25,15.9097
fama,25,15.9097
folklore,25,15.9097
reproduir,25,15.9097
quantificador,25,15.9097
cavalls,25,15.9097
destacades,25,15.9097
faenes,25,15.9097
oscil,25,15.9097
xinés,25,15.9097
externa,25,15.9097
llibertats,25,15.9097
belga,25,15.9097
arquebisbe,25,15.9097
gas,25,15.9097
separats,25,15.9097
homes,25,15.9097
tiempo,25,15.9097
meló,25,15.9097
tener,25,15.9097
anualment,25,15.9097
valencianitzar,25,15.9097
saint,25,15.9097
diferenciació,25,15.9097
impresos,25,15.9097
indicadors,25,15.9097
urgent,25,15.9097
radiotelevisió,25,15.9097
contexts,25,15.9097
hecho,25,15.9097
constitución,25,15.9097
elda,25,15.9097
spanish,25,15.9097
cvc,25,15.9097
redactaran,25,15.9097
was,25,15.9097
mjoh,25,15.9097
ideología,25,15.9097
milian,25,15.9097
people,25,15.9097
aprendizaje,25,15.9097
solemne,24,15.2733
fonaments,24,15.2733
soc,24,15.2733
duen,24,15.2733
plens,24,15.2733
consistori,24,15.2733
uixó,24,15.2733
pròrroga,24,15.2733
claustre,24,15.2733
ascensió,24,15.2733
colomer,24,15.2733
logotip,24,15.2733
laboracions,24,15.2733
trentena,24,15.2733
sorteig,24,15.2733
actuat,24,15.2733
toponímica,24,15.2733
mètode,24,15.2733
cloenda,24,15.2733
executiu,24,15.2733
learning,24,15.2733
montcada,24,15.2733
optar,24,15.2733
poètic,24,15.2733
acabada,24,15.2733
físiques,24,15.2733
causat,24,15.2733
contemporani,24,15.2733
balaguer,24,15.2733
cabrera,24,15.2733
marqués,24,15.2733
cortés,24,15.2733
jordà,24,15.2733
laura,24,15.2733
llop,24,15.2733
construït,24,15.2733
viscut,24,15.2733
comunicatius,24,15.2733
pressupostària,24,15.2733
comptarà,24,15.2733
dotació,24,15.2733
contradicció,24,15.2733
aconseguix,24,15.2733
presentada,24,15.2733
bunyol,24,15.2733
interlocutors,24,15.2733
predomina,24,15.2733
olor,24,15.2733
privat,24,15.2733
organitzades,24,15.2733
qüestionari,24,15.2733
comparatiu,24,15.2733
negativament,24,15.2733
repressió,24,15.2733
feliç,24,15.2733
adn,24,15.2733
renunciar,24,15.2733
americana,24,15.2733
convergència,24,15.2733
etern,24,15.2733
vas,24,15.2733
assistir,24,15.2733
complementàries,24,15.2733
qualitats,24,15.2733
avantpassats,24,15.2733
exposar,24,15.2733
ampla,24,15.2733
efectius,24,15.2733
doctora,24,15.2733
albalat,24,15.2733
cíviques,24,15.2733
aclarir,24,15.2733
semàntics,24,15.2733
tren,24,15.2733
comunicatives,24,15.2733
parcial,24,15.2733
tornem,24,15.2733
consentiment,24,15.2733
deixà,24,15.2733
comte,24,15.2733
qué,24,15.2733
cavitat,24,15.2733
genèrics,24,15.2733
bisbe,24,15.2733
ambigüitats,24,15.2733
generalització,24,15.2733
ministre,24,15.2733
femella,24,15.2733
mascle,24,15.2733
tals,24,15.2733
ordinador,24,15.2733
informativa,24,15.2733
previsions,24,15.2733
muda,24,15.2733
adquirint,24,15.2733
resseguint,24,15.2733
imitar,24,15.2733
confrontació,24,15.2733
plenes,24,15.2733
sobte,24,15.2733
direccions,24,15.2733
anècdota,24,15.2733
quadro,24,15.2733
creia,24,15.2733
branques,24,15.2733
germànic,24,15.2733
avantatges,24,15.2733
gènesi,24,15.2733
corre,24,15.2733
extraure,24,15.2733
plomes,24,15.2733
neu,24,15.2733
blat,24,15.2733
bec,24,15.2733
fixada,24,15.2733
paradoxa,24,15.2733
acreditar,24,15.2733
armes,24,15.2733
cardinal,24,15.2733
visqué,24,15.2733
fonètic,24,15.2733
moda,24,15.2733
bosc,24,15.2733
aus,24,15.2733
jutge,24,15.2733
bola,24,15.2733
bestiar,24,15.2733
difunts,24,15.2733
tribunals,24,15.2733
exigències,24,15.2733
secundari,24,15.2733
confondre,24,15.2733
aspira,24,15.2733
taxonomia,24,15.2733
màquina,24,15.2733
roques,24,15.2733
clients,24,15.2733
indicant,24,15.2733
superat,24,15.2733
baixes,24,15.2733
invariable,24,15.2733
serbi,24,15.2733
mobilitat,24,15.2733
prioritària,24,15.2733
equival,24,15.2733
fax,24,15.2733
assistit,24,15.2733
funcionari,24,15.2733
decidit,24,15.2733
cop,24,15.2733
exclamació,24,15.2733
guions,24,15.2733
enumeració,24,15.2733
subordinades,24,15.2733
reunit,24,15.2733
information,24,15.2733
ciudad,24,15.2733
garantix,24,15.2733
notablement,24,15.2733
político,24,15.2733
libro,24,15.2733
público,24,15.2733
there,24,15.2733
plurilingüismo,24,15.2733
principio,24,15.2733
decir,24,15.2733
esto,24,15.2733
embargo,24,15.2733
º,24,15.2733
estònia,24,15.2733
associativa,24,15.2733
dans,24,15.2733
consensos,23,14.637
assumit,23,14.637
vinculat,23,14.637
orientar,23,14.637
destacada,23,14.637
transmés,23,14.637
informa,23,14.637
atorgar,23,14.637
efemèride,23,14.637
lletrat,23,14.637
dissenyat,23,14.637
vàlua,23,14.637
destrucció,23,14.637
ràpida,23,14.637
alerta,23,14.637
fragments,23,14.637
especialitzades,23,14.637
comitè,23,14.637
meridional,23,14.637
presentem,23,14.637
deuen,23,14.637
vostre,23,14.637
absolut,23,14.637
escenaris,23,14.637
cardona,23,14.637
empar,23,14.637
franco,23,14.637
gabriel,23,14.637
rafa,23,14.637
bernabeu,23,14.637
demostra,23,14.637
deute,23,14.637
enguera,23,14.637
herència,23,14.637
perdura,23,14.637
exercit,23,14.637
preparació,23,14.637
licitar,23,14.637
informàtics,23,14.637
xii,23,14.637
addició,23,14.637
adreçades,23,14.637
interessada,23,14.637
lacueva,23,14.637
doctoral,23,14.637
cartografia,23,14.637
humor,23,14.637
rehabilitació,23,14.637
semblar,23,14.637
comencem,23,14.637
atorgarà,23,14.637
quint,23,14.637
concili,23,14.637
digué,23,14.637
desaparéixer,23,14.637
protagonistes,23,14.637
acabe,23,14.637
autores,23,14.637
serf,23,14.637
remor,23,14.637
gairebé,23,14.637
esdevenir,23,14.637
badia,23,14.637
introduint,23,14.637
om,23,14.637
passava,23,14.637
humanitats,23,14.637
crim,23,14.637
àmpliament,23,14.637
urbans,23,14.637
didàctic,23,14.637
conservació,23,14.637
identitari,23,14.637
patrons,23,14.637
abreviacions,23,14.637
remots,23,14.637
manuscrits,23,14.637
reduïdes,23,14.637
velles,23,14.637
km,23,14.637
tretze,23,14.637
pop,23,14.637
cridar,23,14.637
feren,23,14.637
esporàdicament,23,14.637
serien,23,14.637
translació,23,14.637
mentalitat,23,14.637
anaren,23,14.637
anomenen,23,14.637
anaven,23,14.637
neologisme,23,14.637
paciència,23,14.637
personas,23,14.637
estalvis,23,14.637
negoci,23,14.637
cristià,23,14.637
processó,23,14.637
benestar,23,14.637
adaptacions,23,14.637
lat,23,14.637
associa,23,14.637
distintiu,23,14.637
curiosa,23,14.637
datat,23,14.637
aspiren,23,14.637
ahí,23,14.637
males,23,14.637
nuevo,23,14.637
visc,23,14.637
complexos,23,14.637
dialectals,23,14.637
reiteradament,23,14.637
gat,23,14.637
representada,23,14.637
carro,23,14.637
neutres,23,14.637
ventre,23,14.637
negociació,23,14.637
casp,23,14.637
rialla,23,14.637
tos,23,14.637
pondre,23,14.637
alimentar,23,14.637
substancial,23,14.637
començada,23,14.637
ció,23,14.637
tj,23,14.637
morts,23,14.637
beneficis,23,14.637
mediterrània,23,14.637
periòdic,23,14.637
insult,23,14.637
investidura,23,14.637
retrocés,23,14.637
aplicable,23,14.637
candidat,23,14.637
molí,23,14.637
gramàtic,23,14.637
suposat,23,14.637
nul,23,14.637
terrenys,23,14.637
recobert,23,14.637
impedix,23,14.637
minúscules,23,14.637
cessar,23,14.637
intèrprets,23,14.637
quadre,23,14.637
coincidència,23,14.637
eiximenis,23,14.637
castellanismes,23,14.637
heroi,23,14.637
reproducció,23,14.637
pedagogia,23,14.637
sociolingüístiques,23,14.637
agrupacions,23,14.637
revisar,23,14.637
hostaleria,23,14.637
reconeixen,23,14.637
complexes,23,14.637
tòniques,23,14.637
claudàtors,23,14.637
aspectuals,23,14.637
querol,23,14.637
seves,23,14.637
vuitanta,23,14.637
esmena,23,14.637
afirmat,23,14.637
esmenes,23,14.637
jurisprudència,23,14.637
coord,23,14.637
europe,23,14.637
mediante,23,14.637
funciones,23,14.637
conste,23,14.637
segundo,23,14.637
augmentat,23,14.637
stc,23,14.637
autónoma,23,14.637
can,23,14.637
identiﬁcar,23,14.637
associacionisme,23,14.637
economies,23,14.637
lex,23,14.637
uri,23,14.637
guinot,22,14.0006
preservació,22,14.0006
nacionalitat,22,14.0006
emv,22,14.0006
guionista,22,14.0006
compromet,22,14.0006
regidor,22,14.0006
promou,22,14.0006
vessants,22,14.0006
cantant,22,14.0006
valencianistes,22,14.0006
novament,22,14.0006
ampliant,22,14.0006
diacrònica,22,14.0006
romanés,22,14.0006
coherència,22,14.0006
disponible,22,14.0006
coratge,22,14.0006
juntes,22,14.0006
miscel,22,14.0006
seguidors,22,14.0006
limiten,22,14.0006
infants,22,14.0006
vintena,22,14.0006
inqüestionable,22,14.0006
escrivà,22,14.0006
frechina,22,14.0006
greus,22,14.0006
seser,22,14.0006
luna,22,14.0006
lluïsa,22,14.0006
ina,22,14.0006
gemma,22,14.0006
trencar,22,14.0006
lingüista,22,14.0006
aragonés,22,14.0006
laboradors,22,14.0006
filòlegs,22,14.0006
complicat,22,14.0006
informàtiques,22,14.0006
protagonisme,22,14.0006
informals,22,14.0006
utilitzades,22,14.0006
tort,22,14.0006
fiscal,22,14.0006
beguda,22,14.0006
sigla,22,14.0006
enviar,22,14.0006
vinculades,22,14.0006
crescut,22,14.0006
radio,22,14.0006
autodidacta,22,14.0006
immaterial,22,14.0006
artístic,22,14.0006
sec,22,14.0006
arrelada,22,14.0006
enriquir,22,14.0006
convertix,22,14.0006
arreplegar,22,14.0006
petites,22,14.0006
crítics,22,14.0006
situats,22,14.0006
pense,22,14.0006
desconeixement,22,14.0006
recurrent,22,14.0006
alvir,22,14.0006
conceptual,22,14.0006
trenca,22,14.0006
raonable,22,14.0006
discos,22,14.0006
miracles,22,14.0006
complit,22,14.0006
campaners,22,14.0006
directrius,22,14.0006
salvar,22,14.0006
sou,22,14.0006
regulat,22,14.0006
basca,22,14.0006
transformar,22,14.0006
condicionada,22,14.0006
pl,22,14.0006
ocasionalment,22,14.0006
muller,22,14.0006
marjal,22,14.0006
reina,22,14.0006
voluntària,22,14.0006
plantejat,22,14.0006
usats,22,14.0006
vertebració,22,14.0006
exacte,22,14.0006
boira,22,14.0006
quaderns,22,14.0006
nueva,22,14.0006
encontre,22,14.0006
orelles,22,14.0006
episodi,22,14.0006
press,22,14.0006
directes,22,14.0006
llargues,22,14.0006
estrangerismes,22,14.0006
deien,22,14.0006
pitjor,22,14.0006
disposem,22,14.0006
pi,22,14.0006
passaren,22,14.0006
nobles,22,14.0006
oficis,22,14.0006
cullera,22,14.0006
prim,22,14.0006
cistella,22,14.0006
darrerament,22,14.0006
adoptà,22,14.0006
limitada,22,14.0006
intentant,22,14.0006
trajecte,22,14.0006
comprensible,22,14.0006
vocàlic,22,14.0006
vostés,22,14.0006
utilitzà,22,14.0006
xina,22,14.0006
ss,22,14.0006
combatre,22,14.0006
campa,22,14.0006
gota,22,14.0006
genuí,22,14.0006
començava,22,14.0006
xato,22,14.0006
cultiu,22,14.0006
pegar,22,14.0006
paréixer,22,14.0006
lleu,22,14.0006
capa,22,14.0006
posava,22,14.0006
comunitàries,22,14.0006
impulsa,22,14.0006
cm,22,14.0006
faria,22,14.0006
caigut,22,14.0006
opten,22,14.0006
carnestoltes,22,14.0006
interferència,22,14.0006
sorgit,22,14.0006
terrestre,22,14.0006
opta,22,14.0006
fruita,22,14.0006
bosch,22,14.0006
debate,22,14.0006
essencialment,22,14.0006
ficar,22,14.0006
fenollar,22,14.0006
banc,22,14.0006
típica,22,14.0006
establida,22,14.0006
restes,22,14.0006
plurals,22,14.0006
poguera,22,14.0006
rússia,22,14.0006
simultàniament,22,14.0006
diferenciada,22,14.0006
sopar,22,14.0006
desaparegut,22,14.0006
ares,22,14.0006
linguistique,22,14.0006
intent,22,14.0006
configuració,22,14.0006
more,22,14.0006
missal,22,14.0006
instàncies,22,14.0006
orientacions,22,14.0006
separat,22,14.0006
diacrític,22,14.0006
rascanya,22,14.0006
anteposen,22,14.0006
recapitulació,22,14.0006
incoatius,22,14.0006
contractes,22,14.0006
empren,22,14.0006
studies,22,14.0006
edad,22,14.0006
urbanització,22,14.0006
hèlsinki,22,14.0006
cambio,22,14.0006
demás,22,14.0006
muchos,22,14.0006
pev,22,14.0006
they,22,14.0006
enciclopèdia,22,14.0006
observatori,22,14.0006
ariño,22,14.0006
esperem,21,13.3642
evolucionat,21,13.3642
entreteniment,21,13.3642
ençà,21,13.3642
dignificar,21,13.3642
percepcions,21,13.3642
tir,21,13.3642
homenatjat,21,13.3642
coedició,21,13.3642
quota,21,13.3642
sectorials,21,13.3642
llibreria,21,13.3642
avançada,21,13.3642
secundàries,21,13.3642
sanz,21,13.3642
emet,21,13.3642
distribuir,21,13.3642
partides,21,13.3642
pepa,21,13.3642
legislatives,21,13.3642
mesa,21,13.3642
confecció,21,13.3642
uji,21,13.3642
incloent,21,13.3642
jugadors,21,13.3642
rebia,21,13.3642
pervivència,21,13.3642
atorgat,21,13.3642
petit,21,13.3642
pretenen,21,13.3642
mercè,21,13.3642
carmen,21,13.3642
editada,21,13.3642
mirant,21,13.3642
vocabularis,21,13.3642
afectada,21,13.3642
síndic,21,13.3642
anul,21,13.3642
perpinyà,21,13.3642
ponències,21,13.3642
batre,21,13.3642
detallada,21,13.3642
creativitat,21,13.3642
taller,21,13.3642
lligams,21,13.3642
dimarts,21,13.3642
alimentació,21,13.3642
inspiració,21,13.3642
reflectix,21,13.3642
espasa,21,13.3642
modernització,21,13.3642
transmeten,21,13.3642
sénia,21,13.3642
ressaltar,21,13.3642
facsímil,21,13.3642
aparent,21,13.3642
arreplegades,21,13.3642
veïnes,21,13.3642
projectar,21,13.3642
morta,21,13.3642
converses,21,13.3642
redactor,21,13.3642
enllaç,21,13.3642
lules,21,13.3642
menyspreu,21,13.3642
captar,21,13.3642
científiques,21,13.3642
ganes,21,13.3642
encarrega,21,13.3642
roc,21,13.3642
multitud,21,13.3642
limitació,21,13.3642
utilitzats,21,13.3642
trobava,21,13.3642
fortalesa,21,13.3642
exilis,21,13.3642
encarregats,21,13.3642
provocat,21,13.3642
convéncer,21,13.3642
futures,21,13.3642
alicante,21,13.3642
caracteritzada,21,13.3642
normals,21,13.3642
faltar,21,13.3642
projecta,21,13.3642
astre,21,13.3642
commemora,21,13.3642
contactes,21,13.3642
modes,21,13.3642
tancades,21,13.3642
desert,21,13.3642
bisbes,21,13.3642
vestit,21,13.3642
declarar,21,13.3642
festiva,21,13.3642
almàssera,21,13.3642
mont,21,13.3642
recau,21,13.3642
mèdic,21,13.3642
ibèrica,21,13.3642
estacions,21,13.3642
evangeli,21,13.3642
atribuït,21,13.3642
eixit,21,13.3642
mecanisme,21,13.3642
esferes,21,13.3642
espontània,21,13.3642
plomatge,21,13.3642
referint,21,13.3642
tornà,21,13.3642
provisió,21,13.3642
separa,21,13.3642
causada,21,13.3642
mostassa,21,13.3642
gra,21,13.3642
enormement,21,13.3642
mucho,21,13.3642
acceptat,21,13.3642
ploure,21,13.3642
dis,21,13.3642
declarada,21,13.3642
hospital,21,13.3642
mascles,21,13.3642
compartim,21,13.3642
desfer,21,13.3642
malestar,21,13.3642
sub,21,13.3642
parròquia,21,13.3642
rey,21,13.3642
marit,21,13.3642
galícia,21,13.3642
núvol,21,13.3642
bell,21,13.3642
incorrecta,21,13.3642
prioritari,21,13.3642
moció,21,13.3642
entonces,21,13.3642
semivocal,21,13.3642
cadira,21,13.3642
bassa,21,13.3642
st,21,13.3642
rabosa,21,13.3642
martín,21,13.3642
catedral,21,13.3642
pilot,21,13.3642
imposa,21,13.3642
escàs,21,13.3642
vivenda,21,13.3642
sagraments,21,13.3642
vaixell,21,13.3642
produïts,21,13.3642
mola,21,13.3642
bar,21,13.3642
homogenis,21,13.3642
metges,21,13.3642
segments,21,13.3642
mantenia,21,13.3642
puja,21,13.3642
datiu,21,13.3642
ç,21,13.3642
coincidix,21,13.3642
assenyalats,21,13.3642
moro,21,13.3642
corral,21,13.3642
funcionals,21,13.3642
lexicalitzat,21,13.3642
aires,21,13.3642
regulars,21,13.3642
prenen,21,13.3642
exclamatiu,21,13.3642
incís,21,13.3642
modificadors,21,13.3642
àtons,21,13.3642
alternances,21,13.3642
supòsits,21,13.3642
impremta,21,13.3642
agenda,21,13.3642
university,21,13.3642
vacants,21,13.3642
benjamins,21,13.3642
translation,21,13.3642
amsterdam,21,13.3642
miembros,21,13.3642
públicos,21,13.3642
reglamentàriament,21,13.3642
todas,21,13.3642
misma,21,13.3642
poco,21,13.3642
acuerdo,21,13.3642
condiciones,21,13.3642
majoritaris,21,13.3642
perifèrica,21,13.3642
cuatro,21,13.3642
pil,21,13.3642
abrev,21,13.3642
lloma,21,13.3642
kosovo,21,13.3642
constitueix,21,13.3642
µò,21,13.3642
ò,21,13.3642
eur,21,13.3642
desitjar,20,12.7278
juga,20,12.7278
agradaria,20,12.7278
editora,20,12.7278
especialista,20,12.7278
conquesta,20,12.7278
calvo,20,12.7278
dialectologia,20,12.7278
utilitzant,20,12.7278
ràdios,20,12.7278
colla,20,12.7278
inclourà,20,12.7278
còpia,20,12.7278
unixen,20,12.7278
magnitud,20,12.7278
vinculats,20,12.7278
necessiten,20,12.7278
geogràfiques,20,12.7278
fernández,20,12.7278
acompanyar,20,12.7278
regalar,20,12.7278
sergi,20,12.7278
publiquen,20,12.7278
atacs,20,12.7278
comissari,20,12.7278
lània,20,12.7278
comentaris,20,12.7278
concentració,20,12.7278
mislata,20,12.7278
habilitat,20,12.7278
cano,20,12.7278
fullana,20,12.7278
peris,20,12.7278
mora,20,12.7278
montllor,20,12.7278
camina,20,12.7278
extrema,20,12.7278
estadística,20,12.7278
impliquen,20,12.7278
ordinària,20,12.7278
jurats,20,12.7278
respecta,20,12.7278
delegació,20,12.7278
recuperat,20,12.7278
degué,20,12.7278
artista,20,12.7278
contemporanis,20,12.7278
adquirix,20,12.7278
observació,20,12.7278
emocions,20,12.7278
implicar,20,12.7278
content,20,12.7278
renaixement,20,12.7278
anècdotes,20,12.7278
peixos,20,12.7278
legislatura,20,12.7278
remetre,20,12.7278
democràtic,20,12.7278
alaquàs,20,12.7278
interjectiu,20,12.7278
contínua,20,12.7278
tecnològic,20,12.7278
coberta,20,12.7278
duta,20,12.7278
entren,20,12.7278
ixen,20,12.7278
aragonesa,20,12.7278
arrelat,20,12.7278
partix,20,12.7278
exercixen,20,12.7278
filles,20,12.7278
durà,20,12.7278
existit,20,12.7278
tendit,20,12.7278
acordat,20,12.7278
adeu,20,12.7278
natura,20,12.7278
jeroni,20,12.7278
irene,20,12.7278
globalment,20,12.7278
transparent,20,12.7278
parlades,20,12.7278
sintàctics,20,12.7278
llorenç,20,12.7278
posterioritat,20,12.7278
segregació,20,12.7278
caràcters,20,12.7278
trobarem,20,12.7278
havíem,20,12.7278
angelí,20,12.7278
afectar,20,12.7278
arribem,20,12.7278
cadascú,20,12.7278
acompanya,20,12.7278
transcurs,20,12.7278
sil,20,12.7278
ètnic,20,12.7278
demanat,20,12.7278
sua,20,12.7278
axí,20,12.7278
vestir,20,12.7278
porció,20,12.7278
plantat,20,12.7278
crits,20,12.7278
hort,20,12.7278
implícita,20,12.7278
cola,20,12.7278
variats,20,12.7278
somni,20,12.7278
amplia,20,12.7278
carregat,20,12.7278
resseguir,20,12.7278
adaptà,20,12.7278
inevitable,20,12.7278
qualitatiu,20,12.7278
considerablement,20,12.7278
solia,20,12.7278
esse,20,12.7278
textual,20,12.7278
indicis,20,12.7278
sers,20,12.7278
notarial,20,12.7278
sord,20,12.7278
participis,20,12.7278
guerres,20,12.7278
imaginar,20,12.7278
cabra,20,12.7278
sequiol,20,12.7278
semblen,20,12.7278
françois,20,12.7278
lligades,20,12.7278
lligam,20,12.7278
volien,20,12.7278
antonomàsia,20,12.7278
conquista,20,12.7278
obligat,20,12.7278
normativament,20,12.7278
conveniència,20,12.7278
jardins,20,12.7278
femelles,20,12.7278
mos,20,12.7278
pujada,20,12.7278
entés,20,12.7278
monuments,20,12.7278
ante,20,12.7278
sendemà,20,12.7278
innocent,20,12.7278
arc,20,12.7278
ah,20,12.7278
zeus,20,12.7278
psoe,20,12.7278
law,20,12.7278
meridionals,20,12.7278
ametla,20,12.7278
impost,20,12.7278
postal,20,12.7278
humitat,20,12.7278
dius,20,12.7278
pots,20,12.7278
mètodes,20,12.7278
modernes,20,12.7278
xic,20,12.7278
llevant,20,12.7278
freqüents,20,12.7278
plegat,20,12.7278
cavalleresca,20,12.7278
vénen,20,12.7278
susceptible,20,12.7278
senat,20,12.7278
cobertura,20,12.7278
bandes,20,12.7278
aprofitat,20,12.7278
coronavirus,20,12.7278
ingressos,20,12.7278
determine,20,12.7278
irregulars,20,12.7278
codis,20,12.7278
burgesia,20,12.7278
cònjuge,20,12.7278
còpies,20,12.7278
coordinats,20,12.7278
lituània,20,12.7278
curriculars,20,12.7278
rr,20,12.7278
non,20,12.7278
diacrítics,20,12.7278
avançant,20,12.7278
red,20,12.7278
education,20,12.7278
saps,20,12.7278
petita,20,12.7278
reduïx,20,12.7278
sentències,20,12.7278
desescalada,20,12.7278
albergar,20,12.7278
comparatives,20,12.7278
versaleta,20,12.7278
condicionals,20,12.7278
caracterització,20,12.7278
fixem,20,12.7278
afirmen,20,12.7278
mínims,20,12.7278
comparem,20,12.7278
licite,20,12.7278
requena,20,12.7278
utiel,20,12.7278
clàusules,20,12.7278
terceres,20,12.7278
equiparació,20,12.7278
recepció,20,12.7278
butlletins,20,12.7278
saragossà,20,12.7278
siempre,20,12.7278
julio,20,12.7278
qualificació,20,12.7278
licitada,20,12.7278
edita,20,12.7278
discurso,20,12.7278
algunos,20,12.7278
cambios,20,12.7278
actualidad,20,12.7278
están,20,12.7278
carácter,20,12.7278
será,20,12.7278
significatius,20,12.7278
libertad,20,12.7278
bielorússia,20,12.7278
ﬁrma,20,12.7278
anuncis,20,12.7278
fp,20,12.7278
rectors,20,12.7278
government,20,12.7278
finesa,20,12.7278
langues,20,12.7278
diversité,20,12.7278
consejo,20,12.7278
sociolingüístico,20,12.7278
maribel,19,12.0914
pradilla,19,12.0914
calpe,19,12.0914
lleialtat,19,12.0914
continuem,19,12.0914
voldria,19,12.0914
personalment,19,12.0914
rovira,19,12.0914
impulsat,19,12.0914
muixeranga,19,12.0914
subratlla,19,12.0914
contribuïx,19,12.0914
inaugural,19,12.0914
gratuïta,19,12.0914
suspendre,19,12.0914
imaginació,19,12.0914
fonament,19,12.0914
minoritzades,19,12.0914
focus,19,12.0914
veia,19,12.0914
titulació,19,12.0914
dutes,19,12.0914
festius,19,12.0914
acadèmies,19,12.0914
vidre,19,12.0914
infància,19,12.0914
reedició,19,12.0914
denominada,19,12.0914
enfrontament,19,12.0914
loquials,19,12.0914
teníem,19,12.0914
canya,19,12.0914
politècnica,19,12.0914
atac,19,12.0914
reivindicar,19,12.0914
abandó,19,12.0914
problemàtica,19,12.0914
bataller,19,12.0914
cruz,19,12.0914
domínguez,19,12.0914
dolors,19,12.0914
porcar,19,12.0914
alfred,19,12.0914
majoritari,19,12.0914
constants,19,12.0914
facto,19,12.0914
plantilla,19,12.0914
estils,19,12.0914
acordar,19,12.0914
merda,19,12.0914
estudien,19,12.0914
mallorquina,19,12.0914
assegura,19,12.0914
aprovats,19,12.0914
desastre,19,12.0914
percentuals,19,12.0914
absoluts,19,12.0914
sext,19,12.0914
concebut,19,12.0914
pretenia,19,12.0914
río,19,12.0914
documentades,19,12.0914
animat,19,12.0914
sacrifici,19,12.0914
ascendent,19,12.0914
llistes,19,12.0914
micalet,19,12.0914
contemporànies,19,12.0914
enrique,19,12.0914
dolça,19,12.0914
penyamar,19,12.0914
litat,19,12.0914
citats,19,12.0914
distingix,19,12.0914
participe,19,12.0914
diria,19,12.0914
triple,19,12.0914
flamenc,19,12.0914
indiscutible,19,12.0914
alterna,19,12.0914
disc,19,12.0914
anònima,19,12.0914
homenatjar,19,12.0914
gràfiques,19,12.0914
laris,19,12.0914
passions,19,12.0914
admiració,19,12.0914
compatible,19,12.0914
geni,19,12.0914
comportar,19,12.0914
acosta,19,12.0914
predisposició,19,12.0914
hidronímia,19,12.0914
orella,19,12.0914
magatzem,19,12.0914
sentia,19,12.0914
eclipsi,19,12.0914
legislador,19,12.0914
conta,19,12.0914
continuada,19,12.0914
alcohol,19,12.0914
dependents,19,12.0914
clàssiques,19,12.0914
cardenal,19,12.0914
metafòric,19,12.0914
astres,19,12.0914
aparegut,19,12.0914
comporten,19,12.0914
caracteritzat,19,12.0914
conducta,19,12.0914
haurem,19,12.0914
centes,19,12.0914
passades,19,12.0914
cremat,19,12.0914
aristòtil,19,12.0914
calvari,19,12.0914
broma,19,12.0914
cavallers,19,12.0914
diga,19,12.0914
reials,19,12.0914
nomenclatura,19,12.0914
ona,19,12.0914
vilanova,19,12.0914
aspiració,19,12.0914
dirimir,19,12.0914
dialèctica,19,12.0914
fidel,19,12.0914
obertament,19,12.0914
profit,19,12.0914
daten,19,12.0914
consistia,19,12.0914
definida,19,12.0914
pardal,19,12.0914
soca,19,12.0914
condiciona,19,12.0914
etimològicament,19,12.0914
ɛ,19,12.0914
religions,19,12.0914
sorgí,19,12.0914
negocis,19,12.0914
diluvi,19,12.0914
terratrémol,19,12.0914
bella,19,12.0914
sia,19,12.0914
co,19,12.0914
despatx,19,12.0914
palabras,19,12.0914
hiat,19,12.0914
poesies,19,12.0914
règims,19,12.0914
sistemàticament,19,12.0914
redó,19,12.0914
casar,19,12.0914
septentrionals,19,12.0914
brut,19,12.0914
lligats,19,12.0914
admetre,19,12.0914
encàrrec,19,12.0914
justifica,19,12.0914
culpa,19,12.0914
refugi,19,12.0914
preferix,19,12.0914
senzill,19,12.0914
lleuger,19,12.0914
adequats,19,12.0914
viena,19,12.0914
seca,19,12.0914
agrícola,19,12.0914
llavar,19,12.0914
dormir,19,12.0914
expedients,19,12.0914
baixada,19,12.0914
portaveu,19,12.0914
qualificat,19,12.0914
arcaismes,19,12.0914
ig,19,12.0914
farda,19,12.0914
eutanàsia,19,12.0914
granada,19,12.0914
prestar,19,12.0914
discutir,19,12.0914
bravo,19,12.0914
ele,19,12.0914
pardo,19,12.0914
destinataris,19,12.0914
portugal,19,12.0914
cortesia,19,12.0914
senda,19,12.0914
altrament,19,12.0914
independents,19,12.0914
truncament,19,12.0914
objectiva,19,12.0914
ometre,19,12.0914
empra,19,12.0914
perfet,19,12.0914
afegim,19,12.0914
mixta,19,12.0914
mancances,19,12.0914
castella,19,12.0914
genèriques,19,12.0914
dni,19,12.0914
vigo,19,12.0914
garantirà,19,12.0914
después,19,12.0914
publishing,19,12.0914
adoptarà,19,12.0914
accepte,19,12.0914
seleccione,19,12.0914
traducción,19,12.0914
análisis,19,12.0914
formularis,19,12.0914
fr,19,12.0914
ombria,19,12.0914
culturales,19,12.0914
características,19,12.0914
comunitari,19,12.0914
mercantils,19,12.0914
cataluña,19,12.0914
puesto,19,12.0914
donde,19,12.0914
decreto,19,12.0914
registradors,19,12.0914
voluntarietat,19,12.0914
sectores,19,12.0914
medida,19,12.0914
rendibilitat,19,12.0914
letònia,19,12.0914
certiﬁcat,19,12.0914
notiﬁcació,19,12.0914
rambla,19,12.0914
rtujdb,19,12.0914
massana,19,12.0914
establert,19,12.0914
escuela,19,12.0914
hacia,19,12.0914
situation,19,12.0914
strubell,19,12.0914
wbmfodjbop,19,12.0914
algunas,19,12.0914
и,19,12.0914
vascohablantes,19,12.0914
crimea,19,12.0914
glosas,19,12.0914
lleials,19,12.0914
posant,18,11.455
compartix,18,11.455
solemnitat,18,11.455
consensuar,18,11.455
organitzats,18,11.455
loqui,18,11.455
establint,18,11.455
dramaturg,18,11.455
afany,18,11.455
exhibició,18,11.455
compromesos,18,11.455
interessades,18,11.455
foguera,18,11.455
azerbaidjan,18,11.455
sòlida,18,11.455
crit,18,11.455
fixades,18,11.455
produint,18,11.455
adreçat,18,11.455
abordar,18,11.455
arquitectura,18,11.455
sebastià,18,11.455
convent,18,11.455
ideològiques,18,11.455
rebran,18,11.455
autèntica,18,11.455
excessiva,18,11.455
afectades,18,11.455
retorn,18,11.455
inclosa,18,11.455
merament,18,11.455
baixauli,18,11.455
botella,18,11.455
cervera,18,11.455
lluch,18,11.455
simó,18,11.455
himne,18,11.455
atentament,18,11.455
bolbait,18,11.455
adscripció,18,11.455
entrega,18,11.455
conviccions,18,11.455
sorprenent,18,11.455
expert,18,11.455
hispaniae,18,11.455
noblesa,18,11.455
tingueren,18,11.455
informal,18,11.455
rent,18,11.455
domicili,18,11.455
https,18,11.455
consisteix,18,11.455
ball,18,11.455
acompanyen,18,11.455
conversió,18,11.455
polèmiques,18,11.455
pilars,18,11.455
ofereix,18,11.455
decisiva,18,11.455
conserven,18,11.455
seleccionats,18,11.455
detalls,18,11.455
dialectal,18,11.455
lexicogràfic,18,11.455
britànic,18,11.455
sotmesa,18,11.455
bandera,18,11.455
quotidianes,18,11.455
emissions,18,11.455
suposar,18,11.455
conductor,18,11.455
mirra,18,11.455
paella,18,11.455
plasma,18,11.455
agrícoles,18,11.455
campanar,18,11.455
salvaguarda,18,11.455
gel,18,11.455
proclamar,18,11.455
paradoxal,18,11.455
influït,18,11.455
resolt,18,11.455
ineludible,18,11.455
iaio,18,11.455
deduir,18,11.455
voluntats,18,11.455
figuera,18,11.455
asil,18,11.455
buferet,18,11.455
falsa,18,11.455
rostre,18,11.455
della,18,11.455
marginal,18,11.455
motivació,18,11.455
raspeig,18,11.455
joiosa,18,11.455
metàfores,18,11.455
fes,18,11.455
passos,18,11.455
sobreviure,18,11.455
delegat,18,11.455
instrucció,18,11.455
pertanyents,18,11.455
letras,18,11.455
lleida,18,11.455
girona,18,11.455
satèl,18,11.455
monarca,18,11.455
estigueren,18,11.455
gelat,18,11.455
trastorn,18,11.455
judicials,18,11.455
estreles,18,11.455
continu,18,11.455
parents,18,11.455
sacerdots,18,11.455
retòrica,18,11.455
símptoma,18,11.455
nós,18,11.455
tel,18,11.455
preveure,18,11.455
millars,18,11.455
estranys,18,11.455
hebreu,18,11.455
diligència,18,11.455
tendixen,18,11.455
aplicades,18,11.455
reproduïx,18,11.455
monument,18,11.455
pensava,18,11.455
tònic,18,11.455
labèrnia,18,11.455
registrat,18,11.455
liques,18,11.455
persa,18,11.455
exclusió,18,11.455
most,18,11.455
casualitat,18,11.455
lusions,18,11.455
pedro,18,11.455
abaixar,18,11.455
produïdes,18,11.455
cantava,18,11.455
sorgix,18,11.455
titulada,18,11.455
gris,18,11.455
íntimament,18,11.455
escrigué,18,11.455
interpretacions,18,11.455
pic,18,11.455
tocat,18,11.455
lúdic,18,11.455
anirem,18,11.455
pogueren,18,11.455
holocaust,18,11.455
intencions,18,11.455
inseguretat,18,11.455
traduïxen,18,11.455
encisam,18,11.455
escassos,18,11.455
coherent,18,11.455
tallar,18,11.455
externs,18,11.455
incorrecte,18,11.455
migdia,18,11.455
finançament,18,11.455
correlat,18,11.455
executar,18,11.455
desplaçar,18,11.455
emergència,18,11.455
covid,18,11.455
àustria,18,11.455
rugat,18,11.455
sotmetre,18,11.455
empara,18,11.455
difunt,18,11.455
cost,18,11.455
distintiva,18,11.455
baixar,18,11.455
hagués,18,11.455
esquifit,18,11.455
romandre,18,11.455
varien,18,11.455
plató,18,11.455
gestà,18,11.455
olivera,18,11.455
produïa,18,11.455
esfinx,18,11.455
lorenzo,18,11.455
operacions,18,11.455
xàrcia,18,11.455
barco,18,11.455
papes,18,11.455
tararot,18,11.455
matar,18,11.455
músic,18,11.455
jazz,18,11.455
periòdicament,18,11.455
noció,18,11.455
intervenen,18,11.455
guies,18,11.455
elevació,18,11.455
vacacions,18,11.455
llit,18,11.455
civils,18,11.455
eslovènia,18,11.455
sóc,18,11.455
nobel,18,11.455
alternatiu,18,11.455
aspre,18,11.455
delta,18,11.455
año,18,11.455
ultra,18,11.455
ambaixades,18,11.455
inferiors,18,11.455
bicicleta,18,11.455
explicitar,18,11.455
sc,18,11.455
farem,18,11.455
correlació,18,11.455
molló,18,11.455
barraca,18,11.455
interès,18,11.455
concorda,18,11.455
comptables,18,11.455
integrats,18,11.455
alcalà,18,11.455
posposat,18,11.455
inferioritat,18,11.455
varen,18,11.455
cinquena,18,11.455
avalades,18,11.455
inglés,18,11.455
llicenciatura,18,11.455
denes,18,11.455
obligatorietat,18,11.455
formatius,18,11.455
alfara,18,11.455
aún,18,11.455
centros,18,11.455
procedirà,18,11.455
siglos,18,11.455
international,18,11.455
caplletra,18,11.455
coautor,18,11.455
iifv,18,11.455
elección,18,11.455
autonomous,18,11.455
other,18,11.455
respecto,18,11.455
debe,18,11.455
medio,18,11.455
parece,18,11.455
tratado,18,11.455
toda,18,11.455
mayoría,18,11.455
ese,18,11.455
apartado,18,11.455
establece,18,11.455
perjudici,18,11.455
siguientes,18,11.455
residixen,18,11.455
estàndards,18,11.455
suﬁcient,18,11.455
deﬁnitiva,18,11.455
terciari,18,11.455
cis,18,11.455
necesidad,18,11.455
avance,18,11.455
herreras,18,11.455
grupos,18,11.455
diferentes,18,11.455
pred,18,11.455
rl,18,11.455
maltès,18,11.455
lliberós,17,10.8186
indispensable,17,10.8186
entenc,17,10.8186
mirades,17,10.8186
clares,17,10.8186
eliminar,17,10.8186
opinen,17,10.8186
contempla,17,10.8186
dimecres,17,10.8186
reunix,17,10.8186
centrat,17,10.8186
dirigits,17,10.8186
potenciació,17,10.8186
rutes,17,10.8186
felip,17,10.8186
lista,17,10.8186
setze,17,10.8186
comentat,17,10.8186
reflectir,17,10.8186
balcó,17,10.8186
geòrgia,17,10.8186
finalitats,17,10.8186
repercussió,17,10.8186
taxa,17,10.8186
renovar,17,10.8186
desenes,17,10.8186
ntv,17,10.8186
trobarà,17,10.8186
mostrarà,17,10.8186
suggeriments,17,10.8186
corrector,17,10.8186
cloure,17,10.8186
conduir,17,10.8186
ajornar,17,10.8186
vistes,17,10.8186
ibáñez,17,10.8186
recital,17,10.8186
capella,17,10.8186
retre,17,10.8186
descobert,17,10.8186
tesis,17,10.8186
assentar,17,10.8186
intenten,17,10.8186
conviuen,17,10.8186
química,17,10.8186
defecte,17,10.8186
regal,17,10.8186
dignificació,17,10.8186
demanem,17,10.8186
quede,17,10.8186
ripoll,17,10.8186
elena,17,10.8186
garí,17,10.8186
pujol,17,10.8186
toledo,17,10.8186
tio,17,10.8186
cooperativa,17,10.8186
centenars,17,10.8186
repassa,17,10.8186
magna,17,10.8186
entrebancs,17,10.8186
compromesa,17,10.8186
aules,17,10.8186
explotació,17,10.8186
recomana,17,10.8186
recomanació,17,10.8186
apropar,17,10.8186
relata,17,10.8186
revela,17,10.8186
ponts,17,10.8186
participarà,17,10.8186
diàlegs,17,10.8186
canadà,17,10.8186
agències,17,10.8186
vivia,17,10.8186
ordena,17,10.8186
consonància,17,10.8186
contrària,17,10.8186
busquen,17,10.8186
represa,17,10.8186
dividida,17,10.8186
oposat,17,10.8186
sotmesos,17,10.8186
abundant,17,10.8186
setmanari,17,10.8186
perduda,17,10.8186
foscor,17,10.8186
xella,17,10.8186
quesa,17,10.8186
fricativa,17,10.8186
ajudant,17,10.8186
enllaça,17,10.8186
perden,17,10.8186
novelda,17,10.8186
repoblació,17,10.8186
inventari,17,10.8186
morals,17,10.8186
alterar,17,10.8186
disciplina,17,10.8186
accidents,17,10.8186
expressius,17,10.8186
rogle,17,10.8186
turc,17,10.8186
mencionar,17,10.8186
barca,17,10.8186
poetessa,17,10.8186
croàcia,17,10.8186
heu,17,10.8186
percep,17,10.8186
carbonell,17,10.8186
compromés,17,10.8186
miracle,17,10.8186
anomenem,17,10.8186
temàtics,17,10.8186
teulada,17,10.8186
conservat,17,10.8186
abreviatura,17,10.8186
innovacions,17,10.8186
fitxes,17,10.8186
far,17,10.8186
miratge,17,10.8186
xulilla,17,10.8186
travessia,17,10.8186
guanya,17,10.8186
massiva,17,10.8186
estàs,17,10.8186
passem,17,10.8186
dacsa,17,10.8186
herbàcia,17,10.8186
assimilar,17,10.8186
quarantena,17,10.8186
memòries,17,10.8186
debatre,17,10.8186
transforma,17,10.8186
consumidors,17,10.8186
designació,17,10.8186
immens,17,10.8186
used,17,10.8186
solar,17,10.8186
feits,17,10.8186
arribaren,17,10.8186
entrepà,17,10.8186
anglaterra,17,10.8186
poblament,17,10.8186
fon,17,10.8186
á,17,10.8186
finca,17,10.8186
desenrotllament,17,10.8186
nomenar,17,10.8186
traslladat,17,10.8186
pertanyent,17,10.8186
xocolate,17,10.8186
cervesa,17,10.8186
indoeuropea,17,10.8186
arreplegada,17,10.8186
castellanes,17,10.8186
estengué,17,10.8186
morfològica,17,10.8186
quinta,17,10.8186
reconstruir,17,10.8186
convertí,17,10.8186
defensors,17,10.8186
aspiracions,17,10.8186
enunciat,17,10.8186
condemnats,17,10.8186
egipte,17,10.8186
usà,17,10.8186
salsa,17,10.8186
lexicalització,17,10.8186
dubtós,17,10.8186
preferibles,17,10.8186
vine,17,10.8186
dante,17,10.8186
destí,17,10.8186
interferències,17,10.8186
comentàvem,17,10.8186
violenta,17,10.8186
quilòmetres,17,10.8186
llaços,17,10.8186
vivien,17,10.8186
jerusalem,17,10.8186
ensenyances,17,10.8186
difícils,17,10.8186
repetix,17,10.8186
episodis,17,10.8186
lleó,17,10.8186
ambigüitat,17,10.8186
monyo,17,10.8186
tindrien,17,10.8186
bossa,17,10.8186
metall,17,10.8186
utilitzaven,17,10.8186
anteposició,17,10.8186
vocàlica,17,10.8186
natius,17,10.8186
cèsar,17,10.8186
córrer,17,10.8186
bel,17,10.8186
tens,17,10.8186
estenent,17,10.8186
ans,17,10.8186
treballador,17,10.8186
sompo,17,10.8186
botiga,17,10.8186
festivitat,17,10.8186
donaria,17,10.8186
fàbrica,17,10.8186
palla,17,10.8186
misses,17,10.8186
parlamentaris,17,10.8186
intens,17,10.8186
secret,17,10.8186
ses,17,10.8186
cementeri,17,10.8186
llurs,17,10.8186
actor,17,10.8186
contracte,17,10.8186
almansa,17,10.8186
quedava,17,10.8186
inversions,17,10.8186
entramat,17,10.8186
repartiment,17,10.8186
preus,17,10.8186
príncep,17,10.8186
implícit,17,10.8186
imitació,17,10.8186
genèricament,17,10.8186
xi,17,10.8186
cabanyal,17,10.8186
diòcesi,17,10.8186
extinció,17,10.8186
tat,17,10.8186
divisions,17,10.8186
pèls,17,10.8186
idiomàtica,17,10.8186
alça,17,10.8186
americans,17,10.8186
lustres,17,10.8186
postgrau,17,10.8186
fases,17,10.8186
periodístic,17,10.8186
hotel,17,10.8186
out,17,10.8186
fatxada,17,10.8186
escolano,17,10.8186
ocupats,17,10.8186
escales,17,10.8186
infraestructures,17,10.8186
cabanya,17,10.8186
ocupava,17,10.8186
manolo,17,10.8186
ingrés,17,10.8186
convoca,17,10.8186
comiat,17,10.8186
familiarment,17,10.8186
aplicables,17,10.8186
supòsit,17,10.8186
pronominal,17,10.8186
murta,17,10.8186
essa,17,10.8186
llonganissa,17,10.8186
homogeni,17,10.8186
proposada,17,10.8186
comunitaris,17,10.8186
sogorb,17,10.8186
assumix,17,10.8186
dintre,17,10.8186
vàlida,17,10.8186
tl,17,10.8186
interrogatiu,17,10.8186
gràfics,17,10.8186
especificadors,17,10.8186
oracionals,17,10.8186
modificador,17,10.8186
tònics,17,10.8186
predicatiu,17,10.8186
consorci,17,10.8186
peres,17,10.8186
tràmit,17,10.8186
suficientment,17,10.8186
treballem,17,10.8186
insistit,17,10.8186
communication,17,10.8186
començarà,17,10.8186
creativa,17,10.8186
consultiu,17,10.8186
migració,17,10.8186
reconèixer,17,10.8186
berlín,17,10.8186
rètols,17,10.8186
sociològica,17,10.8186
enllaços,17,10.8186
preveia,17,10.8186
che,17,10.8186
según,17,10.8186
preferents,17,10.8186
periòdics,17,10.8186
tràmits,17,10.8186
empresarials,17,10.8186
contexto,17,10.8186
croat,17,10.8186
mòduls,17,10.8186
annexos,17,10.8186
punto,17,10.8186
pueden,17,10.8186
vez,17,10.8186
empresaris,17,10.8186
capacidad,17,10.8186
proposem,17,10.8186
fomento,17,10.8186
cuenta,17,10.8186
aspectos,17,10.8186
cions,17,10.8186
ﬁnalment,17,10.8186
conﬂicte,17,10.8186
bmfodjh,17,10.8186
efmt,17,10.8186
polin,17,10.8186
futuro,17,10.8186
zonas,17,10.8186
these,17,10.8186
between,17,10.8186
grin,17,10.8186
multilingual,17,10.8186
multilingualism,17,10.8186
bih,17,10.8186
plenitud,16,10.1822
objectivitat,16,10.1822
virgili,16,10.1822
darreres,16,10.1822
bastir,16,10.1822
contribuïxen,16,10.1822
savall,16,10.1822
atribuïdes,16,10.1822
oberts,16,10.1822
reforcen,16,10.1822
preveuen,16,10.1822
intèrpret,16,10.1822
reflectit,16,10.1822
valoren,16,10.1822
denominat,16,10.1822
ricardo,16,10.1822
convertixen,16,10.1822
maduresa,16,10.1822
conclou,16,10.1822
pasta,16,10.1822
client,16,10.1822
establits,16,10.1822
inversa,16,10.1822
benissa,16,10.1822
descarregar,16,10.1822
ine,16,10.1822
perfils,16,10.1822
edats,16,10.1822
explicava,16,10.1822
adjunt,16,10.1822
iniciada,16,10.1822
centrar,16,10.1822
éssers,16,10.1822
taques,16,10.1822
transferència,16,10.1822
premiar,16,10.1822
temàtiques,16,10.1822
concedir,16,10.1822
valencianitat,16,10.1822
barba,16,10.1822
rico,16,10.1822
roser,16,10.1822
romero,16,10.1822
julià,16,10.1822
convicció,16,10.1822
digne,16,10.1822
convida,16,10.1822
erradicar,16,10.1822
corporativa,16,10.1822
universitàries,16,10.1822
vicepresidenta,16,10.1822
resulte,16,10.1822
sentido,16,10.1822
atorguen,16,10.1822
nules,16,10.1822
beneixama,16,10.1822
hemeroteca,16,10.1822
cedides,16,10.1822
gala,16,10.1822
silencis,16,10.1822
compactes,16,10.1822
transversal,16,10.1822
manuscrit,16,10.1822
toponomasticon,16,10.1822
excessivament,16,10.1822
celebren,16,10.1822
desenrotllar,16,10.1822
llíria,16,10.1822
acabament,16,10.1822
emeten,16,10.1822
reflectixen,16,10.1822
patix,16,10.1822
exercicis,16,10.1822
radicalment,16,10.1822
profunditat,16,10.1822
socialista,16,10.1822
tabal,16,10.1822
popularitat,16,10.1822
programat,16,10.1822
bicorb,16,10.1822
citades,16,10.1822
ocupacions,16,10.1822
imposar,16,10.1822
èxits,16,10.1822
migrant,16,10.1822
lectives,16,10.1822
varia,16,10.1822
dolçainer,16,10.1822
imprescindibles,16,10.1822
sencer,16,10.1822
ginebra,16,10.1822
pega,16,10.1822
pragmàtica,16,10.1822
ecosistema,16,10.1822
associen,16,10.1822
castellonenc,16,10.1822
múrcia,16,10.1822
lexicogràfics,16,10.1822
signat,16,10.1822
infant,16,10.1822
cares,16,10.1822
buscat,16,10.1822
percebut,16,10.1822
expressiu,16,10.1822
casuística,16,10.1822
fonema,16,10.1822
fera,16,10.1822
combinen,16,10.1822
tinguera,16,10.1822
concebre,16,10.1822
alboraia,16,10.1822
nacionalisme,16,10.1822
reaccions,16,10.1822
insuficient,16,10.1822
militants,16,10.1822
espectre,16,10.1822
competents,16,10.1822
conformar,16,10.1822
figurats,16,10.1822
enteniment,16,10.1822
estel,16,10.1822
segones,16,10.1822
españoles,16,10.1822
mantingué,16,10.1822
treballadores,16,10.1822
víctimes,16,10.1822
analitzen,16,10.1822
newman,16,10.1822
adam,16,10.1822
spain,16,10.1822
cartoxà,16,10.1822
indissolublement,16,10.1822
veurem,16,10.1822
adaptant,16,10.1822
sociòleg,16,10.1822
governants,16,10.1822
metonímia,16,10.1822
teatro,16,10.1822
cinqué,16,10.1822
jutges,16,10.1822
preocupacions,16,10.1822
permetia,16,10.1822
suc,16,10.1822
deixe,16,10.1822
tirar,16,10.1822
articulat,16,10.1822
deixem,16,10.1822
reig,16,10.1822
xafar,16,10.1822
esglésies,16,10.1822
encunyà,16,10.1822
subjau,16,10.1822
exaltació,16,10.1822
monstre,16,10.1822
garanties,16,10.1822
encapçala,16,10.1822
recaure,16,10.1822
temple,16,10.1822
fila,16,10.1822
combinat,16,10.1822
assimilat,16,10.1822
française,16,10.1822
voldríem,16,10.1822
faciliten,16,10.1822
ajuntar,16,10.1822
llavis,16,10.1822
sabien,16,10.1822
caça,16,10.1822
parany,16,10.1822
fulla,16,10.1822
confirmar,16,10.1822
plou,16,10.1822
rel,16,10.1822
traïció,16,10.1822
descrita,16,10.1822
acceptada,16,10.1822
ninguna,16,10.1822
dominic,16,10.1822
mamífer,16,10.1822
eixamplar,16,10.1822
etimològica,16,10.1822
evidència,16,10.1822
negar,16,10.1822
catòlics,16,10.1822
almenara,16,10.1822
lleument,16,10.1822
monjo,16,10.1822
cristianes,16,10.1822
paradigma,16,10.1822
recordava,16,10.1822
puntual,16,10.1822
atzar,16,10.1822
tindria,16,10.1822
perfecte,16,10.1822
gastar,16,10.1822
consolidades,16,10.1822
plantejament,16,10.1822
anteposat,16,10.1822
timbre,16,10.1822
luxe,16,10.1822
quedaren,16,10.1822
fundat,16,10.1822
aglutinació,16,10.1822
endemà,16,10.1822
accident,16,10.1822
atributs,16,10.1822
posem,16,10.1822
aconseguí,16,10.1822
literats,16,10.1822
dents,16,10.1822
ernest,16,10.1822
ramat,16,10.1822
conciliar,16,10.1822
mobles,16,10.1822
denominar,16,10.1822
tornada,16,10.1822
pagament,16,10.1822
one,16,10.1822
alveolar,16,10.1822
camisa,16,10.1822
accepta,16,10.1822
sona,16,10.1822
divers,16,10.1822
avi,16,10.1822
ramón,16,10.1822
potestat,16,10.1822
deguda,16,10.1822
paratge,16,10.1822
decisiu,16,10.1822
posà,16,10.1822
anglesos,16,10.1822
imminent,16,10.1822
tz,16,10.1822
elabora,16,10.1822
canella,16,10.1822
joguet,16,10.1822
valent,16,10.1822
ascens,16,10.1822
eclesiàstic,16,10.1822
retor,16,10.1822
màrtir,16,10.1822
suau,16,10.1822
subterrani,16,10.1822
aguiló,16,10.1822
acumulació,16,10.1822
sociocultural,16,10.1822
armènia,16,10.1822
tabú,16,10.1822
sur,16,10.1822
reflexiu,16,10.1822
ortogràficament,16,10.1822
condicionat,16,10.1822
at,16,10.1822
moure,16,10.1822
factura,16,10.1822
assagador,16,10.1822
bàsquet,16,10.1822
pis,16,10.1822
ordinal,16,10.1822
mida,16,10.1822
netejar,16,10.1822
enfocament,16,10.1822
tx,16,10.1822
descendent,16,10.1822
esquirol,16,10.1822
ajustar,16,10.1822
mostres,16,10.1822
compondre,16,10.1822
arrítmia,16,10.1822
educar,16,10.1822
het,16,10.1822
dictar,16,10.1822
torcar,16,10.1822
utopia,16,10.1822
xano,16,10.1822
modo,16,10.1822
nuclear,16,10.1822
predicador,16,10.1822
qualificatius,16,10.1822
confessions,16,10.1822
inscripcions,16,10.1822
visitant,16,10.1822
irlandesa,16,10.1822
ut,16,10.1822
infinitius,16,10.1822
seguides,16,10.1822
despús,16,10.1822
esment,16,10.1822
gramàtics,16,10.1822
reforçades,16,10.1822
envia,16,10.1822
seleccionen,16,10.1822
pauta,16,10.1822
justificació,16,10.1822
convergent,16,10.1822
respectiva,16,10.1822
gorg,16,10.1822
conclòs,16,10.1822
melià,16,10.1822
ibi,16,10.1822
econòmicament,16,10.1822
inaugurat,16,10.1822
lectorats,16,10.1822
ensenyants,16,10.1822
benassal,16,10.1822
establisca,16,10.1822
lenguaje,16,10.1822
capdavant,16,10.1822
vinté,16,10.1822
vilaweb,16,10.1822
territorialitat,16,10.1822
poesía,16,10.1822
leccions,16,10.1822
solà,16,10.1822
hoy,16,10.1822
fundamentos,16,10.1822
contractació,16,10.1822
elementos,16,10.1822
razón,16,10.1822
contenidos,16,10.1822
condición,16,10.1822
efectos,16,10.1822
cualquier,16,10.1822
lb,16,10.1822
interdepartamental,16,10.1822
materia,16,10.1822
momento,16,10.1822
our,16,10.1822
conocer,16,10.1822
qfs,16,10.1822
refereix,16,10.1822
investigaciones,16,10.1822
indistint,16,10.1822
creciente,16,10.1822
cantaors,16,10.1822
actividades,16,10.1822
establertes,16,10.1822
nuolijärvi,16,10.1822
subvaloradors,16,10.1822
idealitzadors,16,10.1822
generositat,15,9.5458
rigorosa,15,9.5458
dosi,15,9.5458
sensibilitats,15,9.5458
prejudicis,15,9.5458
soriano,15,9.5458
emmarcar,15,9.5458
retolar,15,9.5458
premiat,15,9.5458
obligada,15,9.5458
nouvingut,15,9.5458
reforça,15,9.5458
museros,15,9.5458
decidix,15,9.5458
analitzat,15,9.5458
exposa,15,9.5458
ètims,15,9.5458
rebutjar,15,9.5458
resol,15,9.5458
procedir,15,9.5458
patronat,15,9.5458
coves,15,9.5458
usuals,15,9.5458
vagen,15,9.5458
jardí,15,9.5458
ermita,15,9.5458
salord,15,9.5458
paiporta,15,9.5458
atenes,15,9.5458
raval,15,9.5458
teixits,15,9.5458
successius,15,9.5458
tempir,15,9.5458
voluntariat,15,9.5458
recorden,15,9.5458
díaz,15,9.5458
arnau,15,9.5458
víctor,15,9.5458
carbó,15,9.5458
sanjuan,15,9.5458
imma,15,9.5458
miró,15,9.5458
ploma,15,9.5458
ciutadana,15,9.5458
remunta,15,9.5458
estatutàries,15,9.5458
milió,15,9.5458
interposar,15,9.5458
demanava,15,9.5458
menorquí,15,9.5458
dividit,15,9.5458
vuit,15,9.5458
patixen,15,9.5458
llegim,15,9.5458
lírica,15,9.5458
pedagògiques,15,9.5458
connecten,15,9.5458
arreglar,15,9.5458
fúria,15,9.5458
motivacions,15,9.5458
rècord,15,9.5458
direm,15,9.5458
arrepleguen,15,9.5458
obté,15,9.5458
xirivella,15,9.5458
estimular,15,9.5458
passes,15,9.5458
amable,15,9.5458
mol,15,9.5458
locutors,15,9.5458
indicacions,15,9.5458
vulnera,15,9.5458
fonamentada,15,9.5458
simón,15,9.5458
democràtics,15,9.5458
indumentària,15,9.5458
restringir,15,9.5458
ordinadors,15,9.5458
oceà,15,9.5458
passe,15,9.5458
inèdit,15,9.5458
àlex,15,9.5458
coordenades,15,9.5458
calma,15,9.5458
identificat,15,9.5458
espenta,15,9.5458
tornen,15,9.5458
sorgir,15,9.5458
reculls,15,9.5458
lustra,15,9.5458
autoria,15,9.5458
sorgixen,15,9.5458
consideraven,15,9.5458
profundes,15,9.5458
concerts,15,9.5458
veig,15,9.5458
jaime,15,9.5458
guionistes,15,9.5458
essencials,15,9.5458
potència,15,9.5458
godella,15,9.5458
lari,15,9.5458
ptv,15,9.5458
geografies,15,9.5458
expulsió,15,9.5458
creats,15,9.5458
vegetals,15,9.5458
secrets,15,9.5458
xixona,15,9.5458
restricció,15,9.5458
imposició,15,9.5458
eco,15,9.5458
disponibilitat,15,9.5458
tija,15,9.5458
balones,15,9.5458
normalitzat,15,9.5458
antropònim,15,9.5458
influències,15,9.5458
amagat,15,9.5458
inferir,15,9.5458
actualitzacions,15,9.5458
preparada,15,9.5458
misèria,15,9.5458
evidents,15,9.5458
excursió,15,9.5458
ortells,15,9.5458
foto,15,9.5458
utilitzem,15,9.5458
contemplar,15,9.5458
lit,15,9.5458
estrés,15,9.5458
apareixia,15,9.5458
estany,15,9.5458
repetixen,15,9.5458
solien,15,9.5458
eh,15,9.5458
glossari,15,9.5458
pretensions,15,9.5458
tropes,15,9.5458
pontífex,15,9.5458
tirado,15,9.5458
ocorregut,15,9.5458
alamon,15,9.5458
abstractes,15,9.5458
refrany,15,9.5458
consumir,15,9.5458
rebé,15,9.5458
empremta,15,9.5458
curioses,15,9.5458
arribe,15,9.5458
seques,15,9.5458
extrems,15,9.5458
gasta,15,9.5458
indicats,15,9.5458
pantalons,15,9.5458
preses,15,9.5458
flagrant,15,9.5458
cum,15,9.5458
dirigents,15,9.5458
aliança,15,9.5458
seda,15,9.5458
arrogància,15,9.5458
adoptant,15,9.5458
sac,15,9.5458
coincidir,15,9.5458
velocitat,15,9.5458
diríem,15,9.5458
dice,15,9.5458
masia,15,9.5458
monosíl,15,9.5458
salvatge,15,9.5458
cants,15,9.5458
famosa,15,9.5458
luxúria,15,9.5458
passatge,15,9.5458
explicita,15,9.5458
murs,15,9.5458
pelegrí,15,9.5458
afortunadament,15,9.5458
privatiu,15,9.5458
mirat,15,9.5458
desitja,15,9.5458
curtes,15,9.5458
jueu,15,9.5458
desconfiança,15,9.5458
dubtosa,15,9.5458
superant,15,9.5458
ideal,15,9.5458
peticions,15,9.5458
alé,15,9.5458
estúpid,15,9.5458
literàriament,15,9.5458
abadia,15,9.5458
oxford,15,9.5458
altar,15,9.5458
supèrbia,15,9.5458
incorrectes,15,9.5458
estranyes,15,9.5458
típicament,15,9.5458
suplici,15,9.5458
suprem,15,9.5458
mals,15,9.5458
ir,15,9.5458
traslladà,15,9.5458
esquerre,15,9.5458
aval,15,9.5458
rèplica,15,9.5458
verdadera,15,9.5458
òpera,15,9.5458
escut,15,9.5458
tortosa,15,9.5458
detalladament,15,9.5458
oportunes,15,9.5458
ones,15,9.5458
encontrar,15,9.5458
dar,15,9.5458
mentrestant,15,9.5458
primigeni,15,9.5458
metàl,15,9.5458
discussió,15,9.5458
substituït,15,9.5458
cabres,15,9.5458
irregularitats,15,9.5458
saludar,15,9.5458
braços,15,9.5458
insectes,15,9.5458
agafar,15,9.5458
guaita,15,9.5458
soledat,15,9.5458
gestos,15,9.5458
abreviada,15,9.5458
botifarra,15,9.5458
podemos,15,9.5458
radicals,15,9.5458
acabava,15,9.5458
partícula,15,9.5458
galeria,15,9.5458
superioritat,15,9.5458
desitgen,15,9.5458
fam,15,9.5458
enginy,15,9.5458
produïsca,15,9.5458
cereals,15,9.5458
catxerulo,15,9.5458
dejú,15,9.5458
caseta,15,9.5458
volada,15,9.5458
habitatge,15,9.5458
reg,15,9.5458
augmentant,15,9.5458
vapor,15,9.5458
arribava,15,9.5458
menudes,15,9.5458
inèrcia,15,9.5458
túnel,15,9.5458
tracten,15,9.5458
reserva,15,9.5458
conjurar,15,9.5458
postres,15,9.5458
difós,15,9.5458
dimoni,15,9.5458
adoptats,15,9.5458
descobriment,15,9.5458
seny,15,9.5458
litoral,15,9.5458
nocturn,15,9.5458
probabilitat,15,9.5458
afectats,15,9.5458
experimenta,15,9.5458
sonores,15,9.5458
presos,15,9.5458
raïl,15,9.5458
transcriu,15,9.5458
pre,15,9.5458
pragmatisme,15,9.5458
parcials,15,9.5458
adjectivals,15,9.5458
experimental,15,9.5458
parca,15,9.5458
convidats,15,9.5458
elaborades,15,9.5458
senyors,15,9.5458
cortes,15,9.5458
certàmens,15,9.5458
historiadora,15,9.5458
constituïdes,15,9.5458
fluxos,15,9.5458
calcs,15,9.5458
national,15,9.5458
corrupció,15,9.5458
trobe,15,9.5458
fossa,15,9.5458
llunyania,15,9.5458
rurals,15,9.5458
sèrbia,15,9.5458
aielo,15,9.5458
coincidixen,15,9.5458
pressa,15,9.5458
inicià,15,9.5458
despesa,15,9.5458
equilibris,15,9.5458
er,15,9.5458
boccaccio,15,9.5458
satisfactori,15,9.5458
tramvia,15,9.5458
desgavell,15,9.5458
odissea,15,9.5458
analitza,15,9.5458
apostrofa,15,9.5458
igualitari,15,9.5458
establides,15,9.5458
franca,15,9.5458
fluïdesa,15,9.5458
èmfasi,15,9.5458
setmanal,15,9.5458
itinerari,15,9.5458
dependre,15,9.5458
uniforme,15,9.5458
definits,15,9.5458
comunica,15,9.5458
cons,15,9.5458
enumeracions,15,9.5458
completes,15,9.5458
sintàcticament,15,9.5458
majoritàries,15,9.5458
precisions,15,9.5458
introduïdes,15,9.5458
representatives,15,9.5458
sufixació,15,9.5458
signatura,15,9.5458
unitari,15,9.5458
previs,15,9.5458
legacions,15,9.5458
dissortadament,15,9.5458
ceu,15,9.5458
votacions,15,9.5458
abunda,15,9.5458
assumpcionistes,15,9.5458
abelard,15,9.5458
cambridge,15,9.5458
establirà,15,9.5458
rausell,15,9.5458
directors,15,9.5458
emprat,15,9.5458
secretaris,15,9.5458
notarials,15,9.5458
field,15,9.5458
desinterés,15,9.5458
teaching,15,9.5458
advent,15,9.5458
operatiu,15,9.5458
iglesia,15,9.5458
eua,15,9.5458
aptitud,15,9.5458
fin,15,9.5458
antes,15,9.5458
evolución,15,9.5458
world,15,9.5458
padres,15,9.5458
principales,15,9.5458
casi,15,9.5458
hacer,15,9.5458
disminuït,15,9.5458
consistir,15,9.5458
representativitat,15,9.5458
visquem,15,9.5458
selectius,15,9.5458
loe,15,9.5458
educativas,15,9.5458
garantizar,15,9.5458
opción,15,9.5458
respeto,15,9.5458
trata,15,9.5458
pronúncies,15,9.5458
respect,15,9.5458
elits,15,9.5458
fundamental,15,9.5458
padró,15,9.5458
disminuïx,15,9.5458
ahora,15,9.5458
ceimigra,15,9.5458
finalmente,15,9.5458
population,15,9.5458
also,15,9.5458
council,15,9.5458
neerlandesos,15,9.5458
transnístria,15,9.5458
sòlid,14,8.9095
rebuda,14,8.9095
singularitat,14,8.9095
representativa,14,8.9095
relacionen,14,8.9095
sandra,14,8.9095
morfològics,14,8.9095
convocada,14,8.9095
divulgar,14,8.9095
prestigiar,14,8.9095
nostàlgia,14,8.9095
piera,14,8.9095
ángel,14,8.9095
fundada,14,8.9095
nacionalista,14,8.9095
lustrada,14,8.9095
impulsada,14,8.9095
íntegrament,14,8.9095
minoritzada,14,8.9095
adquirixen,14,8.9095
continuaran,14,8.9095
anunciar,14,8.9095
plataformes,14,8.9095
botànic,14,8.9095
fetge,14,8.9095
aldaia,14,8.9095
amfitrió,14,8.9095
inspirat,14,8.9095
lant,14,8.9095
amorós,14,8.9095
recollir,14,8.9095
índole,14,8.9095
partidista,14,8.9095
neus,14,8.9095
paco,14,8.9095
antònia,14,8.9095
mariola,14,8.9095
olivares,14,8.9095
cristina,14,8.9095
seminari,14,8.9095
immersos,14,8.9095
felicitar,14,8.9095
secretariat,14,8.9095
morfològic,14,8.9095
lexicogràfiques,14,8.9095
aprobación,14,8.9095
traduïda,14,8.9095
designat,14,8.9095
ateneu,14,8.9095
domingo,14,8.9095
donarà,14,8.9095
decadència,14,8.9095
estrats,14,8.9095
hispànics,14,8.9095
exposats,14,8.9095
definicions,14,8.9095
badall,14,8.9095
xiquetes,14,8.9095
cantat,14,8.9095
vullga,14,8.9095
bot,14,8.9095
bibliogràfic,14,8.9095
despeses,14,8.9095
valuoses,14,8.9095
gaudix,14,8.9095
respectant,14,8.9095
sèptim,14,8.9095
reitera,14,8.9095
estricta,14,8.9095
millores,14,8.9095
ètica,14,8.9095
diario,14,8.9095
rectificació,14,8.9095
prohibició,14,8.9095
acomiadar,14,8.9095
forme,14,8.9095
programades,14,8.9095
passarà,14,8.9095
tia,14,8.9095
vegem,14,8.9095
sumen,14,8.9095
centrada,14,8.9095
gremi,14,8.9095
aplec,14,8.9095
trencament,14,8.9095
potents,14,8.9095
benito,14,8.9095
ignorància,14,8.9095
parcel,14,8.9095
esquemes,14,8.9095
úniques,14,8.9095
ritmes,14,8.9095
helga,14,8.9095
intervindre,14,8.9095
matilde,14,8.9095
interpretat,14,8.9095
polònia,14,8.9095
terrassa,14,8.9095
gossos,14,8.9095
aproximar,14,8.9095
desplegat,14,8.9095
quilòmetre,14,8.9095
variada,14,8.9095
contrasta,14,8.9095
onu,14,8.9095
ampliat,14,8.9095
orientals,14,8.9095
terminològics,14,8.9095
generada,14,8.9095
fantasma,14,8.9095
aparells,14,8.9095
serveix,14,8.9095
carlet,14,8.9095
almassora,14,8.9095
monolingüisme,14,8.9095
proper,14,8.9095
domina,14,8.9095
únics,14,8.9095
lula,14,8.9095
nissaga,14,8.9095
loca,14,8.9095
amo,14,8.9095
max,14,8.9095
mary,14,8.9095
caja,14,8.9095
legítim,14,8.9095
car,14,8.9095
formatge,14,8.9095
discrepàncies,14,8.9095
serp,14,8.9095
canvien,14,8.9095
furri,14,8.9095
trampa,14,8.9095
vegetal,14,8.9095
envolta,14,8.9095
especificar,14,8.9095
licor,14,8.9095
esquivar,14,8.9095
gustos,14,8.9095
símptomes,14,8.9095
pigota,14,8.9095
marró,14,8.9095
gitano,14,8.9095
lluitar,14,8.9095
crucifixió,14,8.9095
toll,14,8.9095
bota,14,8.9095
posta,14,8.9095
rajos,14,8.9095
erudit,14,8.9095
licisme,14,8.9095
lexicògrafs,14,8.9095
correctors,14,8.9095
frare,14,8.9095
penitència,14,8.9095
flama,14,8.9095
lateral,14,8.9095
incorporà,14,8.9095
cartell,14,8.9095
consignar,14,8.9095
esplendor,14,8.9095
mútuament,14,8.9095
confús,14,8.9095
vivències,14,8.9095
dominis,14,8.9095
travessar,14,8.9095
raïm,14,8.9095
quimera,14,8.9095
devia,14,8.9095
rom,14,8.9095
ʧ,14,8.9095
nasal,14,8.9095
falsos,14,8.9095
espontàniament,14,8.9095
ningun,14,8.9095
creien,14,8.9095
hater,14,8.9095
reemplaçar,14,8.9095
tinguem,14,8.9095
corder,14,8.9095
connecta,14,8.9095
islam,14,8.9095
nebot,14,8.9095
suposen,14,8.9095
somriure,14,8.9095
concedit,14,8.9095
atribuïxen,14,8.9095
revés,14,8.9095
evitant,14,8.9095
bagatge,14,8.9095
instint,14,8.9095
tg,14,8.9095
esposa,14,8.9095
suspensió,14,8.9095
propici,14,8.9095
registren,14,8.9095
acurtament,14,8.9095
oposa,14,8.9095
comprés,14,8.9095
extraordinàries,14,8.9095
gasos,14,8.9095
divinitat,14,8.9095
pensaments,14,8.9095
sortir,14,8.9095
adlert,14,8.9095
reforçat,14,8.9095
piano,14,8.9095
taxi,14,8.9095
éxito,14,8.9095
loc,14,8.9095
banya,14,8.9095
extern,14,8.9095
vegetació,14,8.9095
baptista,14,8.9095
resurrecció,14,8.9095
estigué,14,8.9095
humiliació,14,8.9095
amnistia,14,8.9095
reforçada,14,8.9095
capità,14,8.9095
ʤ,14,8.9095
homogeneïtzació,14,8.9095
escèniques,14,8.9095
im,14,8.9095
apareguen,14,8.9095
guàrdia,14,8.9095
post,14,8.9095
estiguera,14,8.9095
pobre,14,8.9095
copa,14,8.9095
tras,14,8.9095
influx,14,8.9095
neta,14,8.9095
toca,14,8.9095
ensalada,14,8.9095
fra,14,8.9095
referia,14,8.9095
arcaisme,14,8.9095
prohibit,14,8.9095
atzeneta,14,8.9095
presidir,14,8.9095
vents,14,8.9095
llargs,14,8.9095
escacs,14,8.9095
substantivació,14,8.9095
vega,14,8.9095
veritats,14,8.9095
contribucions,14,8.9095
festivitats,14,8.9095
magrana,14,8.9095
sabata,14,8.9095
suro,14,8.9095
formulació,14,8.9095
viii,14,8.9095
pronúncia,14,8.9095
vicari,14,8.9095
peculiars,14,8.9095
enfrontar,14,8.9095
embarcacions,14,8.9095
descrit,14,8.9095
corda,14,8.9095
ratlla,14,8.9095
tirada,14,8.9095
adobar,14,8.9095
acabà,14,8.9095
neerlandés,14,8.9095
lleva,14,8.9095
alternen,14,8.9095
confinament,14,8.9095
duplicació,14,8.9095
cavalcada,14,8.9095
argila,14,8.9095
esdevenen,14,8.9095
sanitat,14,8.9095
artístics,14,8.9095
espacials,14,8.9095
generalitzar,14,8.9095
màxims,14,8.9095
autoritzar,14,8.9095
sordes,14,8.9095
motxilla,14,8.9095
masquereta,14,8.9095
accentuar,14,8.9095
desprenen,14,8.9095
menja,14,8.9095
aforisme,14,8.9095
mm,14,8.9095
genuïns,14,8.9095
conducte,14,8.9095
taronges,14,8.9095
eixugar,14,8.9095
arrova,14,8.9095
armari,14,8.9095
assalariat,14,8.9095
limitar,14,8.9095
xe,14,8.9095
hòstia,14,8.9095
viuda,14,8.9095
configurar,14,8.9095
augmenten,14,8.9095
causal,14,8.9095
malva,14,8.9095
xinesa,14,8.9095
romania,14,8.9095
brossa,14,8.9095
diversificació,14,8.9095
accessible,14,8.9095
lels,14,8.9095
convindria,14,8.9095
diftongs,14,8.9095
vilar,14,8.9095
índexs,14,8.9095
carròs,14,8.9095
alcalatén,14,8.9095
dixi,14,8.9095
opcional,14,8.9095
pronominalitzar,14,8.9095
explicatives,14,8.9095
simultaneïtat,14,8.9095
dirigix,14,8.9095
indirecta,14,8.9095
consecutives,14,8.9095
oh,14,8.9095
adjunten,14,8.9095
dopv,14,8.9095
correspondre,14,8.9095
corte,14,8.9095
taxes,14,8.9095
consellera,14,8.9095
pleca,14,8.9095
intervingut,14,8.9095
prestació,14,8.9095
safata,14,8.9095
agraden,14,8.9095
amplis,14,8.9095
assegurat,14,8.9095
trobareu,14,8.9095
tancarà,14,8.9095
reino,14,8.9095
migratoris,14,8.9095
nivel,14,8.9095
errades,14,8.9095
acceso,14,8.9095
autoaprenentatge,14,8.9095
calga,14,8.9095
enviament,14,8.9095
yego,14,8.9095
àvalo,14,8.9095
london,14,8.9095
europeo,14,8.9095
research,14,8.9095
morfosintaxi,14,8.9095
ellos,14,8.9095
ofereixen,14,8.9095
empúries,14,8.9095
uoc,14,8.9095
vs,14,8.9095
revernacularització,14,8.9095
political,14,8.9095
estados,14,8.9095
current,14,8.9095
aa,14,8.9095
monjos,14,8.9095
función,14,8.9095
llocnou,14,8.9095
editen,14,8.9095
estructurar,14,8.9095
implicacions,14,8.9095
dominio,14,8.9095
reverend,14,8.9095
idiomas,14,8.9095
aquellos,14,8.9095
ambas,14,8.9095
contrario,14,8.9095
había,14,8.9095
distintas,14,8.9095
resultados,14,8.9095
constitueixen,14,8.9095
ordres,14,8.9095
constitucionals,14,8.9095
pepd,14,8.9095
lemav,14,8.9095
interpersonal,14,8.9095
esperanto,14,8.9095
utilitzarem,14,8.9095
years,14,8.9095
ft,14,8.9095
square,14,8.9095
corporatiu,14,8.9095
ﬁxa,14,8.9095
oﬁci,14,8.9095
policies,14,8.9095
espacio,14,8.9095
ojwfstjubu,14,8.9095
censos,14,8.9095
expresión,14,8.9095
work,14,8.9095
difusión,14,8.9095
presencia,14,8.9095
regard,14,8.9095
promotion,14,8.9095
ec,14,8.9095
ik,14,8.9095
européenne,14,8.9095
cfr,14,8.9095
zv,14,8.9095
sentida,13,8.2731
privilegi,13,8.2731
passats,13,8.2731
complix,13,8.2731
basar,13,8.2731
pràctics,13,8.2731
esbrinar,13,8.2731
confraria,13,8.2731
bibliotecaris,13,8.2731
faig,13,8.2731
koda,13,8.2731
tebeo,13,8.2731
adoptiu,13,8.2731
fotografia,13,8.2731
immanent,13,8.2731
brillant,13,8.2731
pregària,13,8.2731
acurada,13,8.2731
explorar,13,8.2731
ariadna,13,8.2731
tristes,13,8.2731
cordes,13,8.2731
franc,13,8.2731
ceràmica,13,8.2731
cobrix,13,8.2731
ideològics,13,8.2731
adherir,13,8.2731
trama,13,8.2731
adscrita,13,8.2731
furió,13,8.2731
bru,13,8.2731
ingent,13,8.2731
pantalla,13,8.2731
automàticament,13,8.2731
dispositiu,13,8.2731
professores,13,8.2731
formatives,13,8.2731
anton,13,8.2731
howl,13,8.2731
bèsties,13,8.2731
morvedre,13,8.2731
disfrutar,13,8.2731
distribuït,13,8.2731
guiada,13,8.2731
clubs,13,8.2731
acollirà,13,8.2731
quadern,13,8.2731
etnologia,13,8.2731
transcendental,13,8.2731
suports,13,8.2731
inaugurar,13,8.2731
septentrional,13,8.2731
elaborats,13,8.2731
fabricació,13,8.2731
fosques,13,8.2731
vídeos,13,8.2731
afectat,13,8.2731
incidix,13,8.2731
contínuament,13,8.2731
pendents,13,8.2731
barberà,13,8.2731
calle,13,8.2731
amparo,13,8.2731
picó,13,8.2731
escartí,13,8.2731
júlia,13,8.2731
ruiz,13,8.2731
gaspar,13,8.2731
llorca,13,8.2731
mut,13,8.2731
boronat,13,8.2731
prats,13,8.2731
vallés,13,8.2731
amples,13,8.2731
enveja,13,8.2731
fèrria,13,8.2731
complicitats,13,8.2731
reestructuració,13,8.2731
implementar,13,8.2731
institución,13,8.2731
plan,13,8.2731
dèsset,13,8.2731
dossier,13,8.2731
redescobrir,13,8.2731
experimentar,13,8.2731
interiors,13,8.2731
comparable,13,8.2731
leles,13,8.2731
textura,13,8.2731
pòstum,13,8.2731
activista,13,8.2731
enamorat,13,8.2731
completat,13,8.2731
atribuïda,13,8.2731
exigixen,13,8.2731
conjuntura,13,8.2731
coral,13,8.2731
cruel,13,8.2731
ideològica,13,8.2731
coincidències,13,8.2731
pinya,13,8.2731
forcall,13,8.2731
aliena,13,8.2731
insistix,13,8.2731
posarà,13,8.2731
amiga,13,8.2731
interrelació,13,8.2731
estime,13,8.2731
laudatio,13,8.2731
resumir,13,8.2731
ceip,13,8.2731
efímera,13,8.2731
tele,13,8.2731
poemaris,13,8.2731
assessorar,13,8.2731
voltants,13,8.2731
dedicaven,13,8.2731
estaria,13,8.2731
sindicat,13,8.2731
cauen,13,8.2731
cul,13,8.2731
exposen,13,8.2731
andalusia,13,8.2731
fites,13,8.2731
candidatura,13,8.2731
productiva,13,8.2731
obtenir,13,8.2731
ambak,13,8.2731
dotzena,13,8.2731
secular,13,8.2731
creades,13,8.2731
llunyana,13,8.2731
brasil,13,8.2731
encoratjar,13,8.2731
porterval,13,8.2731
visitants,13,8.2731
fidelment,13,8.2731
conscientment,13,8.2731
convenciment,13,8.2731
haguérem,13,8.2731
relaciona,13,8.2731
gratitud,13,8.2731
recialla,13,8.2731
ineludiblement,13,8.2731
presidit,13,8.2731
simbolisme,13,8.2731
conforma,13,8.2731
coordinada,13,8.2731
llacuna,13,8.2731
adonar,13,8.2731
moncofa,13,8.2731
gegant,13,8.2731
vergonya,13,8.2731
dilema,13,8.2731
evidencia,13,8.2731
reproduïxen,13,8.2731
salem,13,8.2731
campo,13,8.2731
xàbia,13,8.2731
recte,13,8.2731
biar,13,8.2731
espiritual,13,8.2731
melancolia,13,8.2731
composicions,13,8.2731
soviètica,13,8.2731
conservadors,13,8.2731
duplica,13,8.2731
ª,13,8.2731
vistos,13,8.2731
carros,13,8.2731
ice,13,8.2731
popularitzar,13,8.2731
pelatge,13,8.2731
escalante,13,8.2731
parlàvem,13,8.2731
llinatge,13,8.2731
solstici,13,8.2731
presentava,13,8.2731
basades,13,8.2731
parlarem,13,8.2731
planetes,13,8.2731
constel,13,8.2731
típiques,13,8.2731
vulgars,13,8.2731
metafòrica,13,8.2731
arreplegats,13,8.2731
llima,13,8.2731
detriment,13,8.2731
televisiva,13,8.2731
preferit,13,8.2731
recomanar,13,8.2731
inflació,13,8.2731
fonèticament,13,8.2731
arreplegat,13,8.2731
incertesa,13,8.2731
dediquen,13,8.2731
planificar,13,8.2731
rumb,13,8.2731
moneda,13,8.2731
estalvi,13,8.2731
vaga,13,8.2731
assimilats,13,8.2731
delimitació,13,8.2731
llavor,13,8.2731
obrer,13,8.2731
temptació,13,8.2731
infern,13,8.2731
receptora,13,8.2731
aïllat,13,8.2731
preserva,13,8.2731
vibrant,13,8.2731
variades,13,8.2731
penúltima,13,8.2731
lliçó,13,8.2731
poquet,13,8.2731
ajudat,13,8.2731
sòcrates,13,8.2731
impostos,13,8.2731
ànsia,13,8.2731
gestes,13,8.2731
desviació,13,8.2731
vacuna,13,8.2731
llana,13,8.2731
unas,13,8.2731
simplificar,13,8.2731
celebraven,13,8.2731
màgica,13,8.2731
lluent,13,8.2731
groguenc,13,8.2731
càncer,13,8.2731
digna,13,8.2731
reticències,13,8.2731
consonàntic,13,8.2731
ʃ,13,8.2731
got,13,8.2731
feligresos,13,8.2731
similituds,13,8.2731
exàmens,13,8.2731
marcades,13,8.2731
alterat,13,8.2731
enlloc,13,8.2731
pista,13,8.2731
sagí,13,8.2731
suspicàcies,13,8.2731
seminaris,13,8.2731
musulmans,13,8.2731
sagrat,13,8.2731
hereus,13,8.2731
cuiro,13,8.2731
mentals,13,8.2731
exposat,13,8.2731
cavalleria,13,8.2731
babel,13,8.2731
japó,13,8.2731
justa,13,8.2731
collita,13,8.2731
evengudes,13,8.2731
ponderar,13,8.2731
cancelleria,13,8.2731
térbol,13,8.2731
desigual,13,8.2731
vespra,13,8.2731
germanes,13,8.2731
promesa,13,8.2731
excusa,13,8.2731
google,13,8.2731
esteses,13,8.2731
virtuts,13,8.2731
jugador,13,8.2731
poètiques,13,8.2731
contundent,13,8.2731
perdó,13,8.2731
districte,13,8.2731
triomf,13,8.2731
sincerament,13,8.2731
occidentals,13,8.2731
matisar,13,8.2731
ço,13,8.2731
dobles,13,8.2731
porcellana,13,8.2731
ci,13,8.2731
cosir,13,8.2731
abric,13,8.2731
acusatiu,13,8.2731
aclariment,13,8.2731
colpejar,13,8.2731
malalt,13,8.2731
insults,13,8.2731
diferenciat,13,8.2731
portava,13,8.2731
esperant,13,8.2731
margarita,13,8.2731
noruega,13,8.2731
blava,13,8.2731
dominació,13,8.2731
él,13,8.2731
contraure,13,8.2731
volar,13,8.2731
germania,13,8.2731
acotar,13,8.2731
bruixes,13,8.2731
complementaris,13,8.2731
verdures,13,8.2731
permanència,13,8.2731
situades,13,8.2731
enganyar,13,8.2731
conca,13,8.2731
erm,13,8.2731
desprendre,13,8.2731
contestar,13,8.2731
milotxa,13,8.2731
camarlenc,13,8.2731
sabates,13,8.2731
cama,13,8.2731
voga,13,8.2731
incloïa,13,8.2731
allargat,13,8.2731
incipient,13,8.2731
metafòricament,13,8.2731
valentina,13,8.2731
mesurar,13,8.2731
conill,13,8.2731
successives,13,8.2731
tortura,13,8.2731
menjat,13,8.2731
híbrid,13,8.2731
derivar,13,8.2731
procedixen,13,8.2731
sofre,13,8.2731
controlar,13,8.2731
ajusten,13,8.2731
componen,13,8.2731
formulada,13,8.2731
induir,13,8.2731
adjunció,13,8.2731
reforçament,13,8.2731
descans,13,8.2731
gòtic,13,8.2731
deus,13,8.2731
mariner,13,8.2731
prunyó,13,8.2731
sigue,13,8.2731
benefici,13,8.2731
parlamentari,13,8.2731
quantitats,13,8.2731
pessimisme,13,8.2731
adoptades,13,8.2731
pone,13,8.2731
realistes,13,8.2731
significació,13,8.2731
realista,13,8.2731
mico,13,8.2731
transcorregut,13,8.2731
musulmana,13,8.2731
màsquera,13,8.2731
manso,13,8.2731
fulls,13,8.2731
superació,13,8.2731
hispanitat,13,8.2731
unflar,13,8.2731
façana,13,8.2731
liciten,13,8.2731
recolzar,13,8.2731
eslovàquia,13,8.2731
exhaustiva,13,8.2731
atribució,13,8.2731
cotorra,13,8.2731
amarga,13,8.2731
conxa,13,8.2731
requerit,13,8.2731
autobús,13,8.2731
lapse,13,8.2731
caramull,13,8.2731
androna,13,8.2731
guinea,13,8.2731
castillo,13,8.2731
legislativa,13,8.2731
pitxer,13,8.2731
màcula,13,8.2731
parat,13,8.2731
expose,13,8.2731
adulta,13,8.2731
visitat,13,8.2731
oferit,13,8.2731
mencionada,13,8.2731
demografia,13,8.2731
quantitatives,13,8.2731
cual,13,8.2731
melic,13,8.2731
prosa,13,8.2731
desequilibri,13,8.2731
george,13,8.2731
hongria,13,8.2731
utilitze,13,8.2731
ocasional,13,8.2731
ària,13,8.2731
epifania,13,8.2731
romànica,13,8.2731
assistent,13,8.2731
integra,13,8.2731
alfabets,13,8.2731
terminis,13,8.2731
juvenils,13,8.2731
adient,13,8.2731
barracó,13,8.2731
elocució,13,8.2731
esdrúixoles,13,8.2731
fònic,13,8.2731
sobrenoms,13,8.2731
inflexió,13,8.2731
senceres,13,8.2731
asterisc,13,8.2731
especificador,13,8.2731
circumstancials,13,8.2731
pronominalització,13,8.2731
concorden,13,8.2731
posposen,13,8.2731
animats,13,8.2731
granja,13,8.2731
perifràstic,13,8.2731
elidida,13,8.2731
devers,13,8.2731
irregular,13,8.2731
heterogenis,13,8.2731
astúries,13,8.2731
certamen,13,8.2731
etcètera,13,8.2731
fas,13,8.2731
urgents,13,8.2731
tutela,13,8.2731
viabilitat,13,8.2731
cooptació,13,8.2731
travessa,13,8.2731
vic,13,8.2731
residix,13,8.2731
nuestros,13,8.2731
pspv,13,8.2731
grupo,13,8.2731
labora,13,8.2731
homologació,13,8.2731
analitzem,13,8.2731
alfabetització,13,8.2731
benifairó,13,8.2731
calàbria,13,8.2731
entender,13,8.2731
demogràfica,13,8.2731
decembrio,13,8.2731
if,13,8.2731
legislatius,13,8.2731
cabdals,13,8.2731
aracil,13,8.2731
siguiente,13,8.2731
policy,13,8.2731
laude,13,8.2731
malta,13,8.2731
relaciones,13,8.2731
valencianas,13,8.2731
últimos,13,8.2731
montenegro,13,8.2731
inspecció,13,8.2731
reconocimiento,13,8.2731
merino,13,8.2731
estableixen,13,8.2731
fòrums,13,8.2731
siendo,13,8.2731
hablan,13,8.2731
cuestión,13,8.2731
partidària,13,8.2731
hemos,13,8.2731
exigible,13,8.2731
podrán,13,8.2731
mancomunitats,13,8.2731
decrets,13,8.2731
autónomas,13,8.2731
proporción,13,8.2731
básica,13,8.2731
procesos,13,8.2731
objetivos,13,8.2731
riqueza,13,8.2731
pip,13,8.2731
valen,13,8.2731
economic,13,8.2731
televisión,13,8.2731
especíﬁques,13,8.2731
parlamento,13,8.2731
mestresses,13,8.2731
jurídicament,13,8.2731
triennal,13,8.2731
nwo,13,8.2731
interanuals,13,8.2731
feblesa,13,8.2731
indefinició,13,8.2731
nuevos,13,8.2731
multicultural,13,8.2731
tendeixen,13,8.2731
index,13,8.2731
gaèlic,13,8.2731
internostrum,13,8.2731
período,13,8.2731
autonómica,13,8.2731
matters,13,8.2731
but,13,8.2731
bmfodjbo,13,8.2731
contesta,13,8.2731
indús,13,8.2731
valencianismes,13,8.2731
pirkko,13,8.2731
ossètia,13,8.2731
oj,13,8.2731
siguin,13,8.2731
eblul,13,8.2731
vitalidad,13,8.2731
galego,13,8.2731
sustenta,12,7.6367
valuosa,12,7.6367
tecnològiques,12,7.6367
llopes,12,7.6367
plaza,12,7.6367
estudiós,12,7.6367
bolulla,12,7.6367
neologia,12,7.6367
constantment,12,7.6367
exigeix,12,7.6367
identifiquen,12,7.6367
difonen,12,7.6367
xarrar,12,7.6367
connexions,12,7.6367
posicionament,12,7.6367
itinerants,12,7.6367
distingixen,12,7.6367
combina,12,7.6367
llegendes,12,7.6367
litúrgic,12,7.6367
plantar,12,7.6367
incorporades,12,7.6367
abkhàzia,12,7.6367
karabakh,12,7.6367
guardonada,12,7.6367
excloent,12,7.6367
lemes,12,7.6367
fullet,12,7.6367
preparats,12,7.6367
gata,12,7.6367
rúbrica,12,7.6367
escultura,12,7.6367
programar,12,7.6367
ferit,12,7.6367
racons,12,7.6367
epistolari,12,7.6367
escenes,12,7.6367
russa,12,7.6367
obtinguda,12,7.6367
experimenten,12,7.6367
magda,12,7.6367
elvira,12,7.6367
cambrils,12,7.6367
silvestre,12,7.6367
grande,12,7.6367
granell,12,7.6367
herrero,12,7.6367
molins,12,7.6367
mompó,12,7.6367
portell,12,7.6367
robles,12,7.6367
rosselló,12,7.6367
tormo,12,7.6367
xambó,12,7.6367
ullal,12,7.6367
trobaven,12,7.6367
rebrà,12,7.6367
diàries,12,7.6367
inconstitucionalitat,12,7.6367
greuges,12,7.6367
ciutadella,12,7.6367
paul,12,7.6367
presentaran,12,7.6367
argument,12,7.6367
enemic,12,7.6367
barceló,12,7.6367
lelismes,12,7.6367
castanya,12,7.6367
interaccions,12,7.6367
teniu,12,7.6367
oralitat,12,7.6367
romanes,12,7.6367
veí,12,7.6367
dana,12,7.6367
amant,12,7.6367
assessora,12,7.6367
xile,12,7.6367
constitucionalitat,12,7.6367
sensible,12,7.6367
construïda,12,7.6367
aguilar,12,7.6367
presó,12,7.6367
diòcesis,12,7.6367
cuadernos,12,7.6367
colles,12,7.6367
bartomeu,12,7.6367
automòbils,12,7.6367
agradable,12,7.6367
reivindica,12,7.6367
advertix,12,7.6367
orquestra,12,7.6367
cresol,12,7.6367
relats,12,7.6367
inquietuds,12,7.6367
definixen,12,7.6367
abraça,12,7.6367
genealogia,12,7.6367
elementals,12,7.6367
complementari,12,7.6367
autèntics,12,7.6367
concentrar,12,7.6367
ambients,12,7.6367
matriculat,12,7.6367
lliurar,12,7.6367
guanyadors,12,7.6367
valdre,12,7.6367
guanyador,12,7.6367
expandit,12,7.6367
puigdevall,12,7.6367
ponents,12,7.6367
dolçainers,12,7.6367
emblema,12,7.6367
importantíssim,12,7.6367
comparteixen,12,7.6367
sebastián,12,7.6367
dominar,12,7.6367
humil,12,7.6367
cantaor,12,7.6367
esportiva,12,7.6367
divulgador,12,7.6367
pamplona,12,7.6367
palestina,12,7.6367
primordial,12,7.6367
representats,12,7.6367
ortogràfics,12,7.6367
propiciat,12,7.6367
signifiquen,12,7.6367
rec,12,7.6367
proposades,12,7.6367
alabajos,12,7.6367
tragèdia,12,7.6367
enramá,12,7.6367
màscara,12,7.6367
possibilita,12,7.6367
globalitat,12,7.6367
adversitats,12,7.6367
finalitzarà,12,7.6367
onda,12,7.6367
anima,12,7.6367
afirmacions,12,7.6367
monòver,12,7.6367
jorge,12,7.6367
useres,12,7.6367
clars,12,7.6367
ètnia,12,7.6367
distribuïts,12,7.6367
refugiats,12,7.6367
desgràcia,12,7.6367
frente,12,7.6367
servicio,12,7.6367
respectiu,12,7.6367
hivernacle,12,7.6367
monogràfic,12,7.6367
pansa,12,7.6367
subalterna,12,7.6367
representatius,12,7.6367
gaetà,12,7.6367
estatunidenc,12,7.6367
semblança,12,7.6367
astronomia,12,7.6367
matemàtiques,12,7.6367
embotit,12,7.6367
afició,12,7.6367
desús,12,7.6367
despertar,12,7.6367
facultats,12,7.6367
construïxen,12,7.6367
cristòfol,12,7.6367
processons,12,7.6367
moscou,12,7.6367
tron,12,7.6367
anyell,12,7.6367
augmentatiu,12,7.6367
agullent,12,7.6367
galiana,12,7.6367
herbes,12,7.6367
cucarella,12,7.6367
gotes,12,7.6367
regressió,12,7.6367
cru,12,7.6367
remunten,12,7.6367
pos,12,7.6367
recorren,12,7.6367
colps,12,7.6367
menjars,12,7.6367
suecà,12,7.6367
galtes,12,7.6367
jorn,12,7.6367
nits,12,7.6367
multimèdia,12,7.6367
radiodifusió,12,7.6367
encreuament,12,7.6367
latiu,12,7.6367
diminutius,12,7.6367
quedaven,12,7.6367
farcit,12,7.6367
insigne,12,7.6367
fils,12,7.6367
mor,12,7.6367
dominants,12,7.6367
delicte,12,7.6367
naixen,12,7.6367
cudol,12,7.6367
puresa,12,7.6367
parentiu,12,7.6367
lliçons,12,7.6367
tecnològics,12,7.6367
jean,12,7.6367
vicissituds,12,7.6367
anomalia,12,7.6367
procurant,12,7.6367
causant,12,7.6367
aïllada,12,7.6367
déiem,12,7.6367
tierra,12,7.6367
cronologia,12,7.6367
foix,12,7.6367
globalitzat,12,7.6367
mantenim,12,7.6367
apèndix,12,7.6367
circumscrit,12,7.6367
pecats,12,7.6367
marges,12,7.6367
metonímica,12,7.6367
advocat,12,7.6367
dissimilació,12,7.6367
accídia,12,7.6367
matriu,12,7.6367
ra,12,7.6367
recorrent,12,7.6367
posaven,12,7.6367
jacob,12,7.6367
dispersió,12,7.6367
casual,12,7.6367
ludint,12,7.6367
implícitament,12,7.6367
distint,12,7.6367
aprofita,12,7.6367
característics,12,7.6367
plasmació,12,7.6367
foll,12,7.6367
solitari,12,7.6367
betlem,12,7.6367
substrat,12,7.6367
consubstancial,12,7.6367
inrevés,12,7.6367
ingredient,12,7.6367
contrarestar,12,7.6367
gestar,12,7.6367
queixal,12,7.6367
impulsen,12,7.6367
èpic,12,7.6367
dígrafs,12,7.6367
noble,12,7.6367
pésol,12,7.6367
fertilitat,12,7.6367
assumint,12,7.6367
ludixen,12,7.6367
estant,12,7.6367
britànica,12,7.6367
incrementat,12,7.6367
difoses,12,7.6367
provoquen,12,7.6367
caracteritzar,12,7.6367
comenta,12,7.6367
blancs,12,7.6367
pobres,12,7.6367
prima,12,7.6367
ks,12,7.6367
reforçant,12,7.6367
biaix,12,7.6367
ea,12,7.6367
bellveser,12,7.6367
baixat,12,7.6367
velar,12,7.6367
ràpid,12,7.6367
desemparats,12,7.6367
persecució,12,7.6367
prefixada,12,7.6367
ratlles,12,7.6367
preliminar,12,7.6367
vestits,12,7.6367
ligent,12,7.6367
rebost,12,7.6367
nunca,12,7.6367
barres,12,7.6367
insecte,12,7.6367
perqué,12,7.6367
ossos,12,7.6367
rellotge,12,7.6367
canícula,12,7.6367
bruixa,12,7.6367
comparativa,12,7.6367
tonalitats,12,7.6367
restringida,12,7.6367
minut,12,7.6367
eufòria,12,7.6367
documentacions,12,7.6367
nòrdics,12,7.6367
eslògan,12,7.6367
alcançar,12,7.6367
guirigall,12,7.6367
representava,12,7.6367
vores,12,7.6367
catxirulo,12,7.6367
suggerir,12,7.6367
pintures,12,7.6367
hidra,12,7.6367
propòsits,12,7.6367
actius,12,7.6367
drap,12,7.6367
transferències,12,7.6367
japonés,12,7.6367
continents,12,7.6367
txec,12,7.6367
aniran,12,7.6367
fesol,12,7.6367
migracions,12,7.6367
ot,12,7.6367
puix,12,7.6367
ratificar,12,7.6367
públicament,12,7.6367
predominen,12,7.6367
lligar,12,7.6367
tancats,12,7.6367
tram,12,7.6367
rella,12,7.6367
redolí,12,7.6367
calla,12,7.6367
preeminència,12,7.6367
precedint,12,7.6367
voluntàriament,12,7.6367
botzina,12,7.6367
publicitària,12,7.6367
insatisfacció,12,7.6367
magnituds,12,7.6367
concentra,12,7.6367
palatalitzada,12,7.6367
aprovà,12,7.6367
indi,12,7.6367
polonés,12,7.6367
suís,12,7.6367
hongarés,12,7.6367
pizza,12,7.6367
compartits,12,7.6367
preveres,12,7.6367
dosis,12,7.6367
omissió,12,7.6367
despedir,12,7.6367
malnoms,12,7.6367
malferit,12,7.6367
nu,12,7.6367
naus,12,7.6367
corredor,12,7.6367
contacontes,12,7.6367
cérvol,12,7.6367
prejudici,12,7.6367
ista,12,7.6367
comprat,12,7.6367
ornitorrinc,12,7.6367
assut,12,7.6367
denoten,12,7.6367
aragonès,12,7.6367
perdent,12,7.6367
aspirada,12,7.6367
dinàmic,12,7.6367
vacances,12,7.6367
dèdal,12,7.6367
pepito,12,7.6367
arrelament,12,7.6367
baltasar,12,7.6367
loteria,12,7.6367
analitzats,12,7.6367
catalano,12,7.6367
basílica,12,7.6367
mariana,12,7.6367
incapacitat,12,7.6367
invisibilitat,12,7.6367
huracà,12,7.6367
eixample,12,7.6367
bulgària,12,7.6367
culturalment,12,7.6367
aspirants,12,7.6367
reconeixia,12,7.6367
estimen,12,7.6367
indicada,12,7.6367
inclinada,12,7.6367
demostrat,12,7.6367
erudits,12,7.6367
adela,12,7.6367
cerca,12,7.6367
tm,12,7.6367
novetlè,12,7.6367
sisé,12,7.6367
diacrítica,12,7.6367
sís,12,7.6367
prefixació,12,7.6367
apòstrof,12,7.6367
imposts,12,7.6367
horaris,12,7.6367
posposats,12,7.6367
emfàtic,12,7.6367
eliana,12,7.6367
ranes,12,7.6367
abstracte,12,7.6367
impersonal,12,7.6367
respectuós,12,7.6367
totals,12,7.6367
digues,12,7.6367
passiva,12,7.6367
cu,12,7.6367
aljub,12,7.6367
my,12,7.6367
convidar,12,7.6367
apa,12,7.6367
vicepresidència,12,7.6367
studi,12,7.6367
comissària,12,7.6367
herrera,12,7.6367
pessarrodona,12,7.6367
carcaixent,12,7.6367
innegable,12,7.6367
determinarà,12,7.6367
pablo,12,7.6367
nomenats,12,7.6367
modelo,12,7.6367
dinàmiques,12,7.6367
complicada,12,7.6367
occitana,12,7.6367
espot,12,7.6367
cooficialitat,12,7.6367
repassat,12,7.6367
marzà,12,7.6367
txeca,12,7.6367
transcorreguts,12,7.6367
patrocini,12,7.6367
compostela,12,7.6367
napolitana,12,7.6367
delle,12,7.6367
segueix,12,7.6367
garantit,12,7.6367
redactors,12,7.6367
diumenges,12,7.6367
prioritzar,12,7.6367
ponencia,12,7.6367
langue,12,7.6367
creación,12,7.6367
congreso,12,7.6367
two,12,7.6367
eumo,12,7.6367
cognitiva,12,7.6367
portuguès,12,7.6367
condicionants,12,7.6367
boix,12,7.6367
incompatibilitat,12,7.6367
dispose,12,7.6367
sistemas,12,7.6367
conjunto,12,7.6367
jurada,12,7.6367
grandes,12,7.6367
unos,12,7.6367
quienes,12,7.6367
dentro,12,7.6367
términos,12,7.6367
diversas,12,7.6367
referencia,12,7.6367
vincula,12,7.6367
exigencia,12,7.6367
efectivitat,12,7.6367
igualdad,12,7.6367
requisitos,12,7.6367
mencionat,12,7.6367
mancomunitat,12,7.6367
notificacions,12,7.6367
vehiculars,12,7.6367
tenor,12,7.6367
dp,12,7.6367
luxemburg,12,7.6367
suècia,12,7.6367
very,12,7.6367
she,12,7.6367
ﬁscal,12,7.6367
tecnològica,12,7.6367
oﬁcis,12,7.6367
pg,12,7.6367
consumidor,12,7.6367
comisión,12,7.6367
comunitario,12,7.6367
veo,12,7.6367
palància,12,7.6367
produeixen,12,7.6367
autonómico,12,7.6367
incrementant,12,7.6367
apud,12,7.6367
voy,12,7.6367
emprada,12,7.6367
exempcions,12,7.6367
solana,12,7.6367
eclesial,12,7.6367
groups,12,7.6367
recuperación,12,7.6367
educativo,12,7.6367
ejemplo,12,7.6367
objetivo,12,7.6367
associations,12,7.6367
tcv,12,7.6367
apren,12,7.6367
cuna,12,7.6367
psicosocial,12,7.6367
shall,12,7.6367
mercator,12,7.6367
modelos,12,7.6367
lfv,12,7.6367
nens,12,7.6367
akademi,12,7.6367
filològic,11,7.0003
profusió,11,7.0003
lletraferit,11,7.0003
inevitablement,11,7.0003
rossell,11,7.0003
nòmina,11,7.0003
gradualment,11,7.0003
tornant,11,7.0003
percebem,11,7.0003
feudal,11,7.0003
prudència,11,7.0003
cuidar,11,7.0003
xarrades,11,7.0003
curiositats,11,7.0003
porte,11,7.0003
integral,11,7.0003
javier,11,7.0003
proveir,11,7.0003
presentacions,11,7.0003
plau,11,7.0003
jiménez,11,7.0003
adolf,11,7.0003
aeter,11,7.0003
fòrum,11,7.0003
polifacètic,11,7.0003
parells,11,7.0003
historieta,11,7.0003
desconegudes,11,7.0003
alguenya,11,7.0003
manquen,11,7.0003
orientades,11,7.0003
reflectida,11,7.0003
indicador,11,7.0003
obtingudes,11,7.0003
apunts,11,7.0003
drassana,11,7.0003
acabant,11,7.0003
connectors,11,7.0003
recollits,11,7.0003
seleccionada,11,7.0003
incorporats,11,7.0003
habitat,11,7.0003
encapçalat,11,7.0003
atraure,11,7.0003
triada,11,7.0003
durada,11,7.0003
prendrà,11,7.0003
facilitarà,11,7.0003
alberto,11,7.0003
endinsar,11,7.0003
resumix,11,7.0003
arribarà,11,7.0003
catalogar,11,7.0003
historiografia,11,7.0003
traduïts,11,7.0003
adrecen,11,7.0003
canyes,11,7.0003
cuita,11,7.0003
hoste,11,7.0003
emocional,11,7.0003
nexe,11,7.0003
prohibicions,11,7.0003
escrivint,11,7.0003
bueno,11,7.0003
isidre,11,7.0003
mercé,11,7.0003
fluixà,11,7.0003
jaén,11,7.0003
peiró,11,7.0003
rodrigo,11,7.0003
rodolf,11,7.0003
albors,11,7.0003
vera,11,7.0003
ivan,11,7.0003
sierra,11,7.0003
armeni,11,7.0003
veny,11,7.0003
sotmeses,11,7.0003
reunirà,11,7.0003
guadalest,11,7.0003
pensats,11,7.0003
virtuals,11,7.0003
sobtada,11,7.0003
derrick,11,7.0003
ferides,11,7.0003
retrat,11,7.0003
mons,11,7.0003
establiren,11,7.0003
torí,11,7.0003
riscos,11,7.0003
enginyers,11,7.0003
animar,11,7.0003
desplaça,11,7.0003
conviure,11,7.0003
permès,11,7.0003
rondalles,11,7.0003
rectora,11,7.0003
catedràtica,11,7.0003
assignats,11,7.0003
instrumental,11,7.0003
connectar,11,7.0003
aborda,11,7.0003
àlbum,11,7.0003
esdevingué,11,7.0003
forçat,11,7.0003
periodístics,11,7.0003
día,11,7.0003
muixerangues,11,7.0003
desapareix,11,7.0003
branca,11,7.0003
fresca,11,7.0003
mereixen,11,7.0003
estrena,11,7.0003
certesa,11,7.0003
rememorar,11,7.0003
criptogínia,11,7.0003
rescatar,11,7.0003
valorada,11,7.0003
traçar,11,7.0003
imposada,11,7.0003
multiplicitat,11,7.0003
foscos,11,7.0003
vinc,11,7.0003
incidixen,11,7.0003
diploma,11,7.0003
decennis,11,7.0003
retrobar,11,7.0003
formaven,11,7.0003
excursionisme,11,7.0003
llunyà,11,7.0003
estigma,11,7.0003
restaurants,11,7.0003
lapiedra,11,7.0003
lustrat,11,7.0003
magnífic,11,7.0003
ajudarà,11,7.0003
bufa,11,7.0003
vàrem,11,7.0003
obrin,11,7.0003
ofèlia,11,7.0003
sanmartín,11,7.0003
francesco,11,7.0003
cuba,11,7.0003
vostres,11,7.0003
renova,11,7.0003
riera,11,7.0003
jou,11,7.0003
monumental,11,7.0003
creador,11,7.0003
estètic,11,7.0003
frares,11,7.0003
especifica,11,7.0003
longitud,11,7.0003
ch,11,7.0003
kg,11,7.0003
pintor,11,7.0003
moriscos,11,7.0003
bedoll,11,7.0003
economista,11,7.0003
localitzacions,11,7.0003
tamarit,11,7.0003
ritus,11,7.0003
popularitzat,11,7.0003
premissa,11,7.0003
vàlid,11,7.0003
creacions,11,7.0003
vallbona,11,7.0003
disposat,11,7.0003
admissible,11,7.0003
èuscar,11,7.0003
proposició,11,7.0003
entenent,11,7.0003
demogràfic,11,7.0003
davallada,11,7.0003
barreja,11,7.0003
encarregar,11,7.0003
alcoy,11,7.0003
incorporada,11,7.0003
remarcable,11,7.0003
sàpia,11,7.0003
ressenya,11,7.0003
podreu,11,7.0003
lectivitat,11,7.0003
argumentar,11,7.0003
lió,11,7.0003
envoltada,11,7.0003
depenent,11,7.0003
adapta,11,7.0003
amazic,11,7.0003
persistent,11,7.0003
narració,11,7.0003
promoguts,11,7.0003
ignacio,11,7.0003
començant,11,7.0003
veritable,11,7.0003
depositar,11,7.0003
licitat,11,7.0003
voluntari,11,7.0003
datada,11,7.0003
privilegis,11,7.0003
temperatures,11,7.0003
tornaren,11,7.0003
conviu,11,7.0003
vindran,11,7.0003
serralada,11,7.0003
paratges,11,7.0003
alfàs,11,7.0003
obrar,11,7.0003
prioritats,11,7.0003
cerimònies,11,7.0003
moma,11,7.0003
portaven,11,7.0003
forcada,11,7.0003
usual,11,7.0003
interval,11,7.0003
grapat,11,7.0003
ademús,11,7.0003
requerir,11,7.0003
llur,11,7.0003
víctima,11,7.0003
compensar,11,7.0003
begudes,11,7.0003
continguda,11,7.0003
seriosament,11,7.0003
ceba,11,7.0003
acreditat,11,7.0003
modismes,11,7.0003
vares,11,7.0003
variar,11,7.0003
llança,11,7.0003
ocultar,11,7.0003
serrans,11,7.0003
telèfons,11,7.0003
subscripció,11,7.0003
proliferació,11,7.0003
núvols,11,7.0003
envergadura,11,7.0003
estètics,11,7.0003
secà,11,7.0003
plànol,11,7.0003
aïllats,11,7.0003
primitiva,11,7.0003
conferir,11,7.0003
safrà,11,7.0003
decepció,11,7.0003
optà,11,7.0003
gol,11,7.0003
aventures,11,7.0003
lliga,11,7.0003
combinant,11,7.0003
seguim,11,7.0003
penal,11,7.0003
humanistes,11,7.0003
servisca,11,7.0003
morfològicament,11,7.0003
esser,11,7.0003
acreditada,11,7.0003
cremar,11,7.0003
fonamenten,11,7.0003
narcís,11,7.0003
pany,11,7.0003
prínceps,11,7.0003
consignada,11,7.0003
pareixia,11,7.0003
corresponia,11,7.0003
arreplegà,11,7.0003
contradiccions,11,7.0003
trencat,11,7.0003
presumptes,11,7.0003
reiterat,11,7.0003
pardals,11,7.0003
alimenta,11,7.0003
cercles,11,7.0003
suplement,11,7.0003
comtessa,11,7.0003
pluges,11,7.0003
brutícia,11,7.0003
tarquim,11,7.0003
callar,11,7.0003
tractant,11,7.0003
luque,11,7.0003
aversió,11,7.0003
cervo,11,7.0003
ol,11,7.0003
resistir,11,7.0003
invers,11,7.0003
tènue,11,7.0003
rodes,11,7.0003
cansalada,11,7.0003
subjacent,11,7.0003
pensaven,11,7.0003
separen,11,7.0003
responsabilitats,11,7.0003
anirà,11,7.0003
isaac,11,7.0003
acusat,11,7.0003
poderosa,11,7.0003
clero,11,7.0003
lot,11,7.0003
interconfessional,11,7.0003
referixen,11,7.0003
fondre,11,7.0003
eleva,11,7.0003
posaren,11,7.0003
batejar,11,7.0003
cintura,11,7.0003
jupetí,11,7.0003
ovelles,11,7.0003
english,11,7.0003
antiquíssima,11,7.0003
gasa,11,7.0003
atenem,11,7.0003
entrà,11,7.0003
turístic,11,7.0003
reciprocitat,11,7.0003
hedonisme,11,7.0003
tro,11,7.0003
domèstics,11,7.0003
articular,11,7.0003
repetit,11,7.0003
hereu,11,7.0003
desconegut,11,7.0003
cendra,11,7.0003
mecenatge,11,7.0003
protector,11,7.0003
afavorit,11,7.0003
fanàtic,11,7.0003
detectar,11,7.0003
rendiment,11,7.0003
venir,11,7.0003
ègida,11,7.0003
combat,11,7.0003
posseïdor,11,7.0003
posseir,11,7.0003
raça,11,7.0003
influir,11,7.0003
explosió,11,7.0003
tallada,11,7.0003
continuava,11,7.0003
sacerdot,11,7.0003
complementària,11,7.0003
contribuí,11,7.0003
sufixada,11,7.0003
cèlebre,11,7.0003
think,11,7.0003
harmonitzar,11,7.0003
rectangular,11,7.0003
recorde,11,7.0003
començats,11,7.0003
ansietat,11,7.0003
amagar,11,7.0003
olives,11,7.0003
galta,11,7.0003
segarra,11,7.0003
fosca,11,7.0003
defensiva,11,7.0003
diferencials,11,7.0003
duratiu,11,7.0003
assimilant,11,7.0003
dèficit,11,7.0003
arruixó,11,7.0003
existencial,11,7.0003
frustració,11,7.0003
esperava,11,7.0003
intentat,11,7.0003
ressenyar,11,7.0003
morera,11,7.0003
arrancar,11,7.0003
dominat,11,7.0003
seure,11,7.0003
habitació,11,7.0003
sibil,11,7.0003
rata,11,7.0003
esportius,11,7.0003
situant,11,7.0003
comparatius,11,7.0003
escot,11,7.0003
panses,11,7.0003
catí,11,7.0003
cerimònia,11,7.0003
abunden,11,7.0003
amotinar,11,7.0003
controvèrsies,11,7.0003
volcà,11,7.0003
proclamat,11,7.0003
tàxon,11,7.0003
perills,11,7.0003
curts,11,7.0003
gassull,11,7.0003
boda,11,7.0003
substàncies,11,7.0003
llom,11,7.0003
inventat,11,7.0003
llegums,11,7.0003
baina,11,7.0003
evita,11,7.0003
primaris,11,7.0003
densa,11,7.0003
concedida,11,7.0003
sincretisme,11,7.0003
setge,11,7.0003
reforç,11,7.0003
anomenaven,11,7.0003
safareig,11,7.0003
palesa,11,7.0003
ras,11,7.0003
disminuir,11,7.0003
revetla,11,7.0003
veïna,11,7.0003
constatació,11,7.0003
campament,11,7.0003
rescabalar,11,7.0003
abandona,11,7.0003
deficiències,11,7.0003
consellers,11,7.0003
nada,11,7.0003
productius,11,7.0003
revolta,11,7.0003
lexicalitzada,11,7.0003
contradiu,11,7.0003
segurs,11,7.0003
prepara,11,7.0003
long,11,7.0003
hipòcrates,11,7.0003
assajos,11,7.0003
pentecosta,11,7.0003
socioeconòmic,11,7.0003
fixats,11,7.0003
catalogació,11,7.0003
arredonida,11,7.0003
pegàs,11,7.0003
campana,11,7.0003
matalaf,11,7.0003
russafa,11,7.0003
imperial,11,7.0003
galleta,11,7.0003
vinguera,11,7.0003
calfar,11,7.0003
austràlia,11,7.0003
farcir,11,7.0003
reservat,11,7.0003
insolència,11,7.0003
espia,11,7.0003
passaven,11,7.0003
entrebanc,11,7.0003
incidit,11,7.0003
obvi,11,7.0003
crisis,11,7.0003
putxero,11,7.0003
ordenada,11,7.0003
cívics,11,7.0003
censor,11,7.0003
renda,11,7.0003
urss,11,7.0003
carreró,11,7.0003
aterrar,11,7.0003
hegemonia,11,7.0003
jurisdicció,11,7.0003
apressar,11,7.0003
posposa,11,7.0003
ic,11,7.0003
palleter,11,7.0003
parlarà,11,7.0003
fiesta,11,7.0003
indecís,11,7.0003
alto,11,7.0003
aptituds,11,7.0003
giovanni,11,7.0003
adultes,11,7.0003
assumida,11,7.0003
habilitar,11,7.0003
aprofitament,11,7.0003
declarades,11,7.0003
necròpolis,11,7.0003
tra,11,7.0003
lledó,11,7.0003
humanisme,11,7.0003
excepcionalment,11,7.0003
redactades,11,7.0003
implantar,11,7.0003
indult,11,7.0003
hostal,11,7.0003
olleria,11,7.0003
exposades,11,7.0003
obviar,11,7.0003
explícites,11,7.0003
libri,11,7.0003
flexible,11,7.0003
eficiència,11,7.0003
carril,11,7.0003
ferrocarril,11,7.0003
caramel,11,7.0003
canes,11,7.0003
são,11,7.0003
contrau,11,7.0003
butaca,11,7.0003
fèlix,11,7.0003
manifestada,11,7.0003
pretendre,11,7.0003
introduïda,11,7.0003
bestreta,11,7.0003
beca,11,7.0003
audiències,11,7.0003
gradació,11,7.0003
ui,11,7.0003
ador,11,7.0003
bm,11,7.0003
opcionalment,11,7.0003
imperfets,11,7.0003
enciclopèdies,11,7.0003
analitzaran,11,7.0003
modificats,11,7.0003
homogènies,11,7.0003
posposar,11,7.0003
tornesa,11,7.0003
ràfol,11,7.0003
obligatòriament,11,7.0003
lustríssima,11,7.0003
multiplicatius,11,7.0003
conjunts,11,7.0003
quelcom,11,7.0003
gradual,11,7.0003
pronominals,11,7.0003
denominades,11,7.0003
remarques,11,7.0003
indirectes,11,7.0003
completives,11,7.0003
velaritzats,11,7.0003
sintagmàtics,11,7.0003
subordinants,11,7.0003
botó,11,7.0003
falcó,11,7.0003
montesa,11,7.0003
alberic,11,7.0003
diré,11,7.0003
observat,11,7.0003
pouet,11,7.0003
indique,11,7.0003
mutu,11,7.0003
windows,11,7.0003
quadrat,11,7.0003
convidat,11,7.0003
exigit,11,7.0003
emés,11,7.0003
districtes,11,7.0003
buenos,11,7.0003
cabo,11,7.0003
payà,11,7.0003
retrobament,11,7.0003
avança,11,7.0003
òscar,11,7.0003
acostat,11,7.0003
garantixen,11,7.0003
ribó,11,7.0003
android,11,7.0003
intercanvis,11,7.0003
adreçada,11,7.0003
castellón,11,7.0003
esborrany,11,7.0003
diglòssia,11,7.0003
trenzano,11,7.0003
anuals,11,7.0003
ms,11,7.0003
poner,11,7.0003
requereix,11,7.0003
duda,11,7.0003
bruni,11,7.0003
cambrer,11,7.0003
essent,11,7.0003
aiora,11,7.0003
socialització,11,7.0003
capacitada,11,7.0003
actualitzada,11,7.0003
anit,11,7.0003
apple,11,7.0003
dirección,11,7.0003
escritos,11,7.0003
bancal,11,7.0003
interpretación,11,7.0003
inexistència,11,7.0003
histórico,11,7.0003
aproximación,11,7.0003
referencial,11,7.0003
pueblos,11,7.0003
xest,11,7.0003
cuenca,11,7.0003
bourdieu,11,7.0003
prenoms,11,7.0003
cult,11,7.0003
cursar,11,7.0003
figurar,11,7.0003
ateses,11,7.0003
dicho,11,7.0003
práctica,11,7.0003
dado,11,7.0003
cuanto,11,7.0003
muchas,11,7.0003
extranjeras,11,7.0003
debemos,11,7.0003
nuestro,11,7.0003
estatutos,11,7.0003
resultado,11,7.0003
equilingüisme,11,7.0003
coneguen,11,7.0003
obligatoris,11,7.0003
encetat,11,7.0003
provincials,11,7.0003
dependrà,11,7.0003
dificulten,11,7.0003
equivalències,11,7.0003
ejercicio,11,7.0003
preceptiu,11,7.0003
matriculats,11,7.0003
producción,11,7.0003
secessionistes,11,7.0003
protección,11,7.0003
diferencial,11,7.0003
once,11,7.0003
primeros,11,7.0003
convoque,11,7.0003
falques,11,7.0003
doc,11,7.0003
copenhaguen,11,7.0003
estonià,11,7.0003
forçosament,11,7.0003
softcatalà,11,7.0003
cursets,11,7.0003
licitant,11,7.0003
sot,11,7.0003
mt,11,7.0003
tpcsf,11,7.0003
democratització,11,7.0003
migratori,11,7.0003
autonomies,11,7.0003
inversament,11,7.0003
fj,11,7.0003
tc,11,7.0003
mmfohvb,11,7.0003
tpdjbm,11,7.0003
tuvejt,11,7.0003
disminueix,11,7.0003
discogràfiques,11,7.0003
díe,11,7.0003
putnam,11,7.0003
acción,11,7.0003
festers,11,7.0003
incluso,11,7.0003
euromosaic,11,7.0003
claro,11,7.0003
mientras,11,7.0003
manifiesto,11,7.0003
process,11,7.0003
programme,11,7.0003
sociodemogràfiques,11,7.0003
enquestada,11,7.0003
dialectalismes,11,7.0003
bovalar,11,7.0003
cingle,11,7.0003
contínuum,11,7.0003
anxo,11,7.0003
willemyns,11,7.0003
hagi,11,7.0003
ucraïnès,11,7.0003
gagaúsia,11,7.0003
culturelle,11,7.0003
celex,11,7.0003
lesser,11,7.0003
monolingüismo,11,7.0003
tópicos,11,7.0003
emilianenses,11,7.0003
jcmc,11,7.0003
finlands,11,7.0003
cultivar,10,6.3639
profunds,10,6.3639
pressions,10,6.3639
recels,10,6.3639
apte,10,6.3639
pose,10,6.3639
rau,10,6.3639
regidors,10,6.3639
sumat,10,6.3639
beneficència,10,6.3639
finalitza,10,6.3639
rapera,10,6.3639
oferirà,10,6.3639
discorre,10,6.3639
natal,10,6.3639
republicana,10,6.3639
solemnitats,10,6.3639
prolongada,10,6.3639
companyes,10,6.3639
ena,10,6.3639
dragó,10,6.3639
especificitat,10,6.3639
dispositius,10,6.3639
alienes,10,6.3639
motle,10,6.3639
conferix,10,6.3639
promogut,10,6.3639
mecànica,10,6.3639
sotmés,10,6.3639
tribu,10,6.3639
activisme,10,6.3639
icona,10,6.3639
oferint,10,6.3639
actualitzat,10,6.3639
acudir,10,6.3639
uab,10,6.3639
quanta,10,6.3639
homenatjada,10,6.3639
participaren,10,6.3639
visibles,10,6.3639
gorgos,10,6.3639
fotos,10,6.3639
subvencionar,10,6.3639
armengol,10,6.3639
acostament,10,6.3639
largo,10,6.3639
león,10,6.3639
bibliogràfica,10,6.3639
revisitar,10,6.3639
embolic,10,6.3639
groguet,10,6.3639
recessió,10,6.3639
tomaca,10,6.3639
progressiu,10,6.3639
òptica,10,6.3639
emfatitzar,10,6.3639
estèril,10,6.3639
espert,10,6.3639
bellver,10,6.3639
broseta,10,6.3639
fani,10,6.3639
gisbert,10,6.3639
lahuerta,10,6.3639
usó,10,6.3639
ribes,10,6.3639
frederic,10,6.3639
sevilla,10,6.3639
santonja,10,6.3639
morant,10,6.3639
etiquetes,10,6.3639
estèrils,10,6.3639
insígnia,10,6.3639
estructural,10,6.3639
resultava,10,6.3639
vicerectora,10,6.3639
quantia,10,6.3639
servirà,10,6.3639
pleno,10,6.3639
fonamentades,10,6.3639
gravetat,10,6.3639
mereixedor,10,6.3639
protegits,10,6.3639
campos,10,6.3639
programadors,10,6.3639
generosament,10,6.3639
scott,10,6.3639
expressava,10,6.3639
propers,10,6.3639
lectivament,10,6.3639
coure,10,6.3639
reduïts,10,6.3639
ensenya,10,6.3639
mirem,10,6.3639
quotidians,10,6.3639
lúdiques,10,6.3639
celebraran,10,6.3639
picanya,10,6.3639
desenvolupen,10,6.3639
indrets,10,6.3639
revisarà,10,6.3639
miler,10,6.3639
visualitzar,10,6.3639
existien,10,6.3639
increments,10,6.3639
pressupostaris,10,6.3639
objectives,10,6.3639
lingüisticotècnics,10,6.3639
falten,10,6.3639
mediterráneo,10,6.3639
amistats,10,6.3639
remarca,10,6.3639
iborra,10,6.3639
representades,10,6.3639
sonar,10,6.3639
melodies,10,6.3639
proporcionades,10,6.3639
fermesa,10,6.3639
vullguen,10,6.3639
olla,10,6.3639
aparega,10,6.3639
intervindran,10,6.3639
poètics,10,6.3639
àvia,10,6.3639
ram,10,6.3639
vertigen,10,6.3639
triat,10,6.3639
pioners,10,6.3639
heterogeni,10,6.3639
abadejo,10,6.3639
apartar,10,6.3639
emergix,10,6.3639
reconstrucció,10,6.3639
traca,10,6.3639
tona,10,6.3639
aportat,10,6.3639
paula,10,6.3639
presta,10,6.3639
hàbit,10,6.3639
vinalesa,10,6.3639
mascletà,10,6.3639
prèvies,10,6.3639
desastres,10,6.3639
residus,10,6.3639
desequilibris,10,6.3639
hip,10,6.3639
hop,10,6.3639
beat,10,6.3639
enderrock,10,6.3639
donada,10,6.3639
hereua,10,6.3639
rosanna,10,6.3639
anyó,10,6.3639
pòdcast,10,6.3639
inscrit,10,6.3639
superficial,10,6.3639
alfarb,10,6.3639
invertir,10,6.3639
apostar,10,6.3639
recolza,10,6.3639
assegurant,10,6.3639
narrador,10,6.3639
guardonat,10,6.3639
memorable,10,6.3639
fondó,10,6.3639
montesinos,10,6.3639
ligible,10,6.3639
criat,10,6.3639
resolen,10,6.3639
velasco,10,6.3639
pionera,10,6.3639
detalla,10,6.3639
allunyar,10,6.3639
magnífica,10,6.3639
tendim,10,6.3639
aspirar,10,6.3639
donaven,10,6.3639
directori,10,6.3639
aprén,10,6.3639
finestrat,10,6.3639
divertir,10,6.3639
tauler,10,6.3639
disjuntiva,10,6.3639
opressió,10,6.3639
autòctones,10,6.3639
crevillent,10,6.3639
constaten,10,6.3639
obre,10,6.3639
incòmoda,10,6.3639
meteorologia,10,6.3639
cid,10,6.3639
vilafranca,10,6.3639
ecologia,10,6.3639
reclama,10,6.3639
xivito,10,6.3639
meliana,10,6.3639
antelació,10,6.3639
exactes,10,6.3639
despleguen,10,6.3639
avatars,10,6.3639
fundadors,10,6.3639
realenc,10,6.3639
allunyat,10,6.3639
doménec,10,6.3639
governamental,10,6.3639
gestant,10,6.3639
assimila,10,6.3639
periodística,10,6.3639
profusament,10,6.3639
reunits,10,6.3639
imposades,10,6.3639
tarannà,10,6.3639
puelles,10,6.3639
proverbis,10,6.3639
insolències,10,6.3639
judgements,10,6.3639
aforismes,10,6.3639
òrbita,10,6.3639
diàmetre,10,6.3639
sengles,10,6.3639
diví,10,6.3639
savi,10,6.3639
crema,10,6.3639
incorporant,10,6.3639
ràpides,10,6.3639
gana,10,6.3639
agrupen,10,6.3639
constituïts,10,6.3639
posseïa,10,6.3639
encarreguen,10,6.3639
cirialot,10,6.3639
associem,10,6.3639
fines,10,6.3639
abundants,10,6.3639
castellonenca,10,6.3639
palés,10,6.3639
designaven,10,6.3639
emparentada,10,6.3639
argot,10,6.3639
faré,10,6.3639
bíblics,10,6.3639
dolorosa,10,6.3639
mural,10,6.3639
locar,10,6.3639
dolços,10,6.3639
cocot,10,6.3639
sainets,10,6.3639
rares,10,6.3639
grotesc,10,6.3639
fluid,10,6.3639
entrava,10,6.3639
ullada,10,6.3639
ocultació,10,6.3639
llibrell,10,6.3639
crearen,10,6.3639
fonètics,10,6.3639
adaptades,10,6.3639
mòbils,10,6.3639
turquia,10,6.3639
estètica,10,6.3639
transportar,10,6.3639
vel,10,6.3639
compartiran,10,6.3639
verdós,10,6.3639
distintius,10,6.3639
esportiu,10,6.3639
peculiaritats,10,6.3639
actuava,10,6.3639
jueua,10,6.3639
inquietud,10,6.3639
entesos,10,6.3639
enllaçar,10,6.3639
civilització,10,6.3639
doctrinal,10,6.3639
cometre,10,6.3639
iran,10,6.3639
contigües,10,6.3639
passara,10,6.3639
conclave,10,6.3639
restringixen,10,6.3639
permís,10,6.3639
provocà,10,6.3639
desitjat,10,6.3639
trien,10,6.3639
rics,10,6.3639
recompensa,10,6.3639
aristocràcia,10,6.3639
estadi,10,6.3639
occident,10,6.3639
meréixer,10,6.3639
cerimoniós,10,6.3639
errònia,10,6.3639
escampant,10,6.3639
encunyada,10,6.3639
lexicògraf,10,6.3639
edición,10,6.3639
agrupades,10,6.3639
polpa,10,6.3639
pardalets,10,6.3639
raig,10,6.3639
fals,10,6.3639
entenguen,10,6.3639
civilitzacions,10,6.3639
repetida,10,6.3639
heretgia,10,6.3639
acollit,10,6.3639
estaran,10,6.3639
marbre,10,6.3639
auguri,10,6.3639
inclinació,10,6.3639
penjar,10,6.3639
homer,10,6.3639
aflicció,10,6.3639
propietari,10,6.3639
hàgem,10,6.3639
autòctons,10,6.3639
socarrat,10,6.3639
existixen,10,6.3639
lelisme,10,6.3639
judaisme,10,6.3639
expandí,10,6.3639
resultes,10,6.3639
violentament,10,6.3639
còmoda,10,6.3639
desconeguts,10,6.3639
elevats,10,6.3639
minerals,10,6.3639
reflexos,10,6.3639
lentament,10,6.3639
esforçar,10,6.3639
sicília,10,6.3639
líquida,10,6.3639
prostitució,10,6.3639
trobà,10,6.3639
sorolla,10,6.3639
seguí,10,6.3639
incomprensible,10,6.3639
pastors,10,6.3639
johan,10,6.3639
explicativa,10,6.3639
asturià,10,6.3639
sistemàtic,10,6.3639
nombrosa,10,6.3639
eclesiàstics,10,6.3639
optimista,10,6.3639
restaurant,10,6.3639
adapten,10,6.3639
capaces,10,6.3639
submissió,10,6.3639
ofrena,10,6.3639
viatges,10,6.3639
recrear,10,6.3639
jutjat,10,6.3639
escriptures,10,6.3639
terror,10,6.3639
servien,10,6.3639
significant,10,6.3639
pareixen,10,6.3639
rem,10,6.3639
abandonats,10,6.3639
ninou,10,6.3639
salat,10,6.3639
dol,10,6.3639
sinistre,10,6.3639
enormes,10,6.3639
marcadament,10,6.3639
escampa,10,6.3639
provocant,10,6.3639
venus,10,6.3639
compensació,10,6.3639
mecenes,10,6.3639
correspondria,10,6.3639
ariet,10,6.3639
resultarà,10,6.3639
dictats,10,6.3639
cèltic,10,6.3639
algèria,10,6.3639
marroc,10,6.3639
elit,10,6.3639
cornucòpia,10,6.3639
inútil,10,6.3639
perú,10,6.3639
panamà,10,6.3639
nadar,10,6.3639
humit,10,6.3639
mou,10,6.3639
pietat,10,6.3639
prejuí,10,6.3639
estranyesa,10,6.3639
meeting,10,6.3639
rocambolesc,10,6.3639
absent,10,6.3639
mostrava,10,6.3639
simbòlics,10,6.3639
derrota,10,6.3639
indulgència,10,6.3639
preservant,10,6.3639
cames,10,6.3639
coincidents,10,6.3639
anell,10,6.3639
seient,10,6.3639
plàstic,10,6.3639
xàrcies,10,6.3639
prescindible,10,6.3639
lleus,10,6.3639
fràncic,10,6.3639
cabeça,10,6.3639
actriu,10,6.3639
guilopo,10,6.3639
astúcia,10,6.3639
mànec,10,6.3639
onomatopeic,10,6.3639
flux,10,6.3639
mina,10,6.3639
maça,10,6.3639
collites,10,6.3639
caganiu,10,6.3639
tendresa,10,6.3639
volant,10,6.3639
líquids,10,6.3639
desperta,10,6.3639
cereal,10,6.3639
caldo,10,6.3639
intensos,10,6.3639
regir,10,6.3639
racisme,10,6.3639
descrits,10,6.3639
reelegit,10,6.3639
itzar,10,6.3639
tribut,10,6.3639
tributs,10,6.3639
teòricament,10,6.3639
iaios,10,6.3639
boletes,10,6.3639
gordo,10,6.3639
proporcional,10,6.3639
introduïts,10,6.3639
purificador,10,6.3639
dinasties,10,6.3639
mitològiques,10,6.3639
solem,10,6.3639
criatura,10,6.3639
lleixiu,10,6.3639
cregut,10,6.3639
lava,10,6.3639
verdes,10,6.3639
allargada,10,6.3639
consistència,10,6.3639
dotant,10,6.3639
velluter,10,6.3639
convenció,10,6.3639
bodes,10,6.3639
aplicà,10,6.3639
inflamació,10,6.3639
tuit,10,6.3639
eufemisme,10,6.3639
alimenten,10,6.3639
hispànic,10,6.3639
tórtora,10,6.3639
irònic,10,6.3639
cotna,10,6.3639
test,10,6.3639
james,10,6.3639
tavella,10,6.3639
casella,10,6.3639
intensament,10,6.3639
tarara,10,6.3639
boig,10,6.3639
confiar,10,6.3639
dividir,10,6.3639
excepcionals,10,6.3639
variat,10,6.3639
itat,10,6.3639
xampany,10,6.3639
io,10,6.3639
charles,10,6.3639
filosòfic,10,6.3639
sesta,10,6.3639
observava,10,6.3639
gaiata,10,6.3639
traslladant,10,6.3639
collir,10,6.3639
pudor,10,6.3639
llamps,10,6.3639
dionís,10,6.3639
diferenciades,10,6.3639
grisenc,10,6.3639
ubicats,10,6.3639
deixebles,10,6.3639
calcer,10,6.3639
talla,10,6.3639
disposades,10,6.3639
replanell,10,6.3639
guiar,10,6.3639
ideals,10,6.3639
purs,10,6.3639
golf,10,6.3639
dominada,10,6.3639
emmarquen,10,6.3639
electricitat,10,6.3639
denomina,10,6.3639
venècia,10,6.3639
corresponguen,10,6.3639
cartó,10,6.3639
neci,10,6.3639
burrera,10,6.3639
muscle,10,6.3639
néts,10,6.3639
decreixent,10,6.3639
farsa,10,6.3639
pirineus,10,6.3639
domèstic,10,6.3639
parsimònia,10,6.3639
identitaris,10,6.3639
hedra,10,6.3639
significativament,10,6.3639
curandero,10,6.3639
alemanys,10,6.3639
abella,10,6.3639
biologia,10,6.3639
ambigua,10,6.3639
màquines,10,6.3639
comportat,10,6.3639
llavadora,10,6.3639
lliurat,10,6.3639
observats,10,6.3639
patent,10,6.3639
examinar,10,6.3639
homogènia,10,6.3639
antropologia,10,6.3639
manxa,10,6.3639
aportava,10,6.3639
sociològic,10,6.3639
atroç,10,6.3639
avió,10,6.3639
convocades,10,6.3639
contraccions,10,6.3639
privacitat,10,6.3639
anormalitat,10,6.3639
saragossa,10,6.3639
lits,10,6.3639
interjecció,10,6.3639
paradigmes,10,6.3639
dependent,10,6.3639
sòlids,10,6.3639
enamorament,10,6.3639
socio,10,6.3639
interrompre,10,6.3639
open,10,6.3639
simplificació,10,6.3639
ucraïnés,10,6.3639
xusma,10,6.3639
annexa,10,6.3639
aïllar,10,6.3639
barroc,10,6.3639
pudent,10,6.3639
baròmetre,10,6.3639
arquitecte,10,6.3639
abús,10,6.3639
perdona,10,6.3639
pallola,10,6.3639
necessitava,10,6.3639
puntuals,10,6.3639
desfilada,10,6.3639
mis,10,6.3639
milhòmens,10,6.3639
guitarra,10,6.3639
idèntica,10,6.3639
sobra,10,6.3639
tira,10,6.3639
louis,10,6.3639
restants,10,6.3639
praga,10,6.3639
jubilació,10,6.3639
ministres,10,6.3639
hoteleria,10,6.3639
dogma,10,6.3639
haca,10,6.3639
alçada,10,6.3639
gasto,10,6.3639
demane,10,6.3639
primerament,10,6.3639
reciclatge,10,6.3639
eriçó,10,6.3639
observades,10,6.3639
engrunsar,10,6.3639
fel,10,6.3639
encanar,10,6.3639
jubilats,10,6.3639
minoritari,10,6.3639
dramàtic,10,6.3639
posseïx,10,6.3639
despedida,10,6.3639
clandestí,10,6.3639
reunixen,10,6.3639
catarro,10,6.3639
declivi,10,6.3639
cinco,10,6.3639
carxofa,10,6.3639
canalla,10,6.3639
ny,10,6.3639
oportuna,10,6.3639
cuines,10,6.3639
bròfec,10,6.3639
hola,10,6.3639
insaculació,10,6.3639
agrària,10,6.3639
bardissa,10,6.3639
ortologia,10,6.3639
terròs,10,6.3639
àton,10,6.3639
ts,10,6.3639
xeraco,10,6.3639
bitllet,10,6.3639
apostrofar,10,6.3639
manuscrita,10,6.3639
conjuntives,10,6.3639
adversatives,10,6.3639
concessives,10,6.3639
demostratiu,10,6.3639
partitius,10,6.3639
posposició,10,6.3639
colze,10,6.3639
modal,10,6.3639
precedixen,10,6.3639
jana,10,6.3639
copulatives,10,6.3639
encapçalar,10,6.3639
referirem,10,6.3639
reformes,10,6.3639
locatiu,10,6.3639
epígraf,10,6.3639
exclamatives,10,6.3639
passives,10,6.3639
barata,10,6.3639
particularitats,10,6.3639
serveixen,10,6.3639
endocèntrics,10,6.3639
gvb,10,6.3639
numeració,10,6.3639
santíssima,10,6.3639
degà,10,6.3639
remoure,10,6.3639
trametre,10,6.3639
imposen,10,6.3639
meva,10,6.3639
dvd,10,6.3639
apartament,10,6.3639
tractem,10,6.3639
decididament,10,6.3639
codirectora,10,6.3639
tensions,10,6.3639
nel,10,6.3639
parera,10,6.3639
pronunciarà,10,6.3639
upv,10,6.3639
entregat,10,6.3639
tindrem,10,6.3639
recollit,10,6.3639
beltrán,10,6.3639
gestora,10,6.3639
reflecteix,10,6.3639
pen,10,6.3639
conjuntes,10,6.3639
viver,10,6.3639
fundar,10,6.3639
margarida,10,6.3639
presidents,10,6.3639
fitor,10,6.3639
debatut,10,6.3639
capdavall,10,6.3639
internacionalment,10,6.3639
incompatible,10,6.3639
ribelles,10,6.3639
borriol,10,6.3639
uib,10,6.3639
villanueva,10,6.3639
impartides,10,6.3639
school,10,6.3639
afers,10,6.3639
primero,10,6.3639
llombard,10,6.3639
napoli,10,6.3639
gli,10,6.3639
fuentes,10,6.3639
nuevas,10,6.3639
who,10,6.3639
many,10,6.3639
leave,10,6.3639
baja,10,6.3639
economía,10,6.3639
dpd,10,6.3639
destina,10,6.3639
confirmen,10,6.3639
tractades,10,6.3639
músiques,10,6.3639
fields,10,6.3639
maternes,10,6.3639
chaume,10,6.3639
case,10,6.3639
normas,10,6.3639
telecomunicacions,10,6.3639
vinculant,10,6.3639
communauté,10,6.3639
ambdues,10,6.3639
invitat,10,6.3639
filología,10,6.3639
calidad,10,6.3639
pasado,10,6.3639
you,10,6.3639
anuari,10,6.3639
programas,10,6.3639
organización,10,6.3639
cooficiales,10,6.3639
culture,10,6.3639
change,10,6.3639
aspecto,10,6.3639
being,10,6.3639
reading,10,6.3639
jerònim,10,6.3639
presidi,10,6.3639
olmos,10,6.3639
assistim,10,6.3639
empobriment,10,6.3639
terços,10,6.3639
extensión,10,6.3639
view,10,6.3639
nombres,10,6.3639
encontramos,10,6.3639
romances,10,6.3639
hijos,10,6.3639
opinión,10,6.3639
escrito,10,6.3639
aplicación,10,6.3639
propias,10,6.3639
obligatoria,10,6.3639
governamentals,10,6.3639
tolerància,10,6.3639
profesionales,10,6.3639
criterios,10,6.3639
regule,10,6.3639
desfavorable,10,6.3639
efectives,10,6.3639
alumnos,10,6.3639
posibilidad,10,6.3639
medidas,10,6.3639
impedeix,10,6.3639
concertada,10,6.3639
noviembre,10,6.3639
productores,10,6.3639
deben,10,6.3639
serán,10,6.3639
prioritàriament,10,6.3639
multicopiat,10,6.3639
bosnià,10,6.3639
about,10,6.3639
state,10,6.3639
had,10,6.3639
encetar,10,6.3639
ref,10,6.3639
cientíﬁc,10,6.3639
signiﬁcat,10,6.3639
modulació,10,6.3639
polígon,10,6.3639
reverendíssim,10,6.3639
ﬁlls,10,6.3639
xunta,10,6.3639
massalfassar,10,6.3639
qspnpdjw,10,6.3639
gente,10,6.3639
inﬂuència,10,6.3639
immigrades,10,6.3639
deﬁnir,10,6.3639
poblats,10,6.3639
bdjw,10,6.3639
ﬁnalitat,10,6.3639
branchadell,10,6.3639
reﬂexió,10,6.3639
culturas,10,6.3639
riutort,10,6.3639
subvencionat,10,6.3639
neerlandesa,10,6.3639
sociológicas,10,6.3639
assalariats,10,6.3639
bmoodjb,10,6.3639
autobusos,10,6.3639
bilingüismo,10,6.3639
pugui,10,6.3639
calen,10,6.3639
secessió,10,6.3639
saladar,10,6.3639
voluntad,10,6.3639
carena,10,6.3639
ﬁdels,10,6.3639
incremento,10,6.3639
gobiernos,10,6.3639
haya,10,6.3639
since,10,6.3639
uif,10,6.3639
th,10,6.3639
than,10,6.3639
will,10,6.3639
action,10,6.3639
ptfq,10,6.3639
prof,10,6.3639
alcoigandia,10,6.3639
prácticamente,10,6.3639
suárez,10,6.3639
cuña,10,6.3639
finlandesa,10,6.3639
nagorno,10,6.3639
limba,10,6.3639
republic,10,6.3639
oligàrquic,10,6.3639
rt,10,6.3639
problemas,10,6.3639
actitudes,10,6.3639
erosión,10,6.3639
vascófona,10,6.3639
cursivas,10,6.3639
suposava,9,5.7275
humilitat,9,5.7275
retornar,9,5.7275
andalusí,9,5.7275
regularització,9,5.7275
conservats,9,5.7275
ajude,9,5.7275
còmodes,9,5.7275
respectuosa,9,5.7275
desperten,9,5.7275
propietaris,9,5.7275
premiats,9,5.7275
fenollosa,9,5.7275
xxv,9,5.7275
menjador,9,5.7275
conduït,9,5.7275
violeta,9,5.7275
onomàstics,9,5.7275
dolores,9,5.7275
repassen,9,5.7275
descobrix,9,5.7275
opuscles,9,5.7275
tenacitat,9,5.7275
ortiz,9,5.7275
algueña,9,5.7275
teories,9,5.7275
ornamental,9,5.7275
entorns,9,5.7275
desplaçaments,9,5.7275
abandonen,9,5.7275
temàtic,9,5.7275
veurà,9,5.7275
obtinguts,9,5.7275
algoleja,9,5.7275
busques,9,5.7275
eficient,9,5.7275
guanyadora,9,5.7275
farnals,9,5.7275
aposten,9,5.7275
espinar,9,5.7275
emmarca,9,5.7275
cinquantena,9,5.7275
encontres,9,5.7275
celebrem,9,5.7275
estrenada,9,5.7275
faltes,9,5.7275
commoure,9,5.7275
enemics,9,5.7275
retrets,9,5.7275
remissió,9,5.7275
angoixa,9,5.7275
tristor,9,5.7275
vox,9,5.7275
association,9,5.7275
compromeses,9,5.7275
rebent,9,5.7275
rebaixes,9,5.7275
inequívoca,9,5.7275
isca,9,5.7275
complicitat,9,5.7275
denunciar,9,5.7275
prestacions,9,5.7275
benimeli,9,5.7275
noguera,9,5.7275
devesa,9,5.7275
forment,9,5.7275
franch,9,5.7275
gascó,9,5.7275
leonardo,9,5.7275
molina,9,5.7275
moner,9,5.7275
josepa,9,5.7275
teruel,9,5.7275
ondara,9,5.7275
subdirector,9,5.7275
xurra,9,5.7275
ambaixador,9,5.7275
mixtes,9,5.7275
malauradament,9,5.7275
nadiu,9,5.7275
bondat,9,5.7275
adoptada,9,5.7275
interposició,9,5.7275
visto,9,5.7275
dramàtica,9,5.7275
deliberació,9,5.7275
desenvolupant,9,5.7275
massamagrell,9,5.7275
biogràfic,9,5.7275
candelas,9,5.7275
agradar,9,5.7275
narracions,9,5.7275
compostel,9,5.7275
recullen,9,5.7275
preval,9,5.7275
véncer,9,5.7275
comuniquen,9,5.7275
aprenen,9,5.7275
senta,9,5.7275
marató,9,5.7275
estimat,9,5.7275
aplegar,9,5.7275
iniciarà,9,5.7275
marines,9,5.7275
esdevinga,9,5.7275
seré,9,5.7275
greument,9,5.7275
efectuat,9,5.7275
deixarà,9,5.7275
denuncia,9,5.7275
assignat,9,5.7275
quotidianitat,9,5.7275
emancipació,9,5.7275
viene,9,5.7275
traductora,9,5.7275
seleccionat,9,5.7275
visuals,9,5.7275
equivalència,9,5.7275
hipocorístics,9,5.7275
expressivitat,9,5.7275
desorde,9,5.7275
punitivisme,9,5.7275
contaminació,9,5.7275
màrqueting,9,5.7275
concreció,9,5.7275
hostils,9,5.7275
exhaustiu,9,5.7275
dibuixant,9,5.7275
plasmat,9,5.7275
precedir,9,5.7275
nebots,9,5.7275
íntima,9,5.7275
delimitat,9,5.7275
belles,9,5.7275
exhibir,9,5.7275
cites,9,5.7275
diferencias,9,5.7275
elaboración,9,5.7275
aragón,9,5.7275
rioja,9,5.7275
voces,9,5.7275
contingudes,9,5.7275
vaivens,9,5.7275
atent,9,5.7275
escoleta,9,5.7275
infinites,9,5.7275
directiu,9,5.7275
ampliada,9,5.7275
cosina,9,5.7275
palanques,9,5.7275
vulga,9,5.7275
còmode,9,5.7275
existir,9,5.7275
funcionat,9,5.7275
fabuel,9,5.7275
hidrografia,9,5.7275
orografia,9,5.7275
recopilar,9,5.7275
aïlladament,9,5.7275
registrar,9,5.7275
tous,9,5.7275
accents,9,5.7275
llepolies,9,5.7275
gossa,9,5.7275
emoció,9,5.7275
sàpien,9,5.7275
chicago,9,5.7275
etnogràfic,9,5.7275
pedreguer,9,5.7275
adquirits,9,5.7275
intolerància,9,5.7275
pego,9,5.7275
abstracció,9,5.7275
comuniquem,9,5.7275
sorprén,9,5.7275
extret,9,5.7275
densitat,9,5.7275
benaixeve,9,5.7275
moró,9,5.7275
escrivien,9,5.7275
unitària,9,5.7275
indici,9,5.7275
aficionats,9,5.7275
renovat,9,5.7275
bover,9,5.7275
fonen,9,5.7275
recorrerà,9,5.7275
cedit,9,5.7275
despertat,9,5.7275
subsegüent,9,5.7275
lats,9,5.7275
andrea,9,5.7275
mediàtica,9,5.7275
estàvem,9,5.7275
vetllar,9,5.7275
sorells,9,5.7275
bonica,9,5.7275
perpetuar,9,5.7275
preocupant,9,5.7275
testimonial,9,5.7275
dominen,9,5.7275
discriminat,9,5.7275
incòmodes,9,5.7275
batalles,9,5.7275
explicatius,9,5.7275
benicàssim,9,5.7275
pinós,9,5.7275
actualitza,9,5.7275
bíblica,9,5.7275
servidor,9,5.7275
gentrificació,9,5.7275
urbanística,9,5.7275
habilitació,9,5.7275
bars,9,5.7275
indubtable,9,5.7275
fonda,9,5.7275
rocafort,9,5.7275
barrera,9,5.7275
enrere,9,5.7275
bastants,9,5.7275
mensual,9,5.7275
rerefons,9,5.7275
participà,9,5.7275
guzmán,9,5.7275
vasta,9,5.7275
grandesa,9,5.7275
demostren,9,5.7275
retaule,9,5.7275
esplà,9,5.7275
perucho,9,5.7275
aub,9,5.7275
ann,9,5.7275
damià,9,5.7275
cefire,9,5.7275
emmagatzemar,9,5.7275
addicionals,9,5.7275
acostumat,9,5.7275
suscitar,9,5.7275
governant,9,5.7275
fur,9,5.7275
regnes,9,5.7275
anomenava,9,5.7275
fàcils,9,5.7275
aquellas,9,5.7275
ó,9,5.7275
morralla,9,5.7275
menyspreable,9,5.7275
sàhara,9,5.7275
ocult,9,5.7275
oix,9,5.7275
pronoia,9,5.7275
rebuts,9,5.7275
donació,9,5.7275
calixt,9,5.7275
gegants,9,5.7275
cera,9,5.7275
lliures,9,5.7275
alginet,9,5.7275
sexenni,9,5.7275
intimitat,9,5.7275
prengueren,9,5.7275
pila,9,5.7275
muntó,9,5.7275
esclat,9,5.7275
configura,9,5.7275
rondalla,9,5.7275
documenten,9,5.7275
baldoví,9,5.7275
convertint,9,5.7275
alterada,9,5.7275
pacients,9,5.7275
enfit,9,5.7275
mèdica,9,5.7275
endins,9,5.7275
moniato,9,5.7275
algo,9,5.7275
regulava,9,5.7275
pessetes,9,5.7275
tocava,9,5.7275
genet,9,5.7275
poma,9,5.7275
figues,9,5.7275
nyofla,9,5.7275
transports,9,5.7275
ompli,9,5.7275
experimentà,9,5.7275
figuratiu,9,5.7275
novísimo,9,5.7275
pardalet,9,5.7275
innecessari,9,5.7275
actuaven,9,5.7275
suscitat,9,5.7275
doctrines,9,5.7275
sobrenom,9,5.7275
contrapunt,9,5.7275
shakespeare,9,5.7275
temors,9,5.7275
cervell,9,5.7275
cordell,9,5.7275
invent,9,5.7275
ei,9,5.7275
trobaràs,9,5.7275
capturar,9,5.7275
aràbia,9,5.7275
convingut,9,5.7275
reberen,9,5.7275
panxa,9,5.7275
gestada,9,5.7275
sosté,9,5.7275
postulats,9,5.7275
posseïdors,9,5.7275
acumular,9,5.7275
comerciants,9,5.7275
convençut,9,5.7275
morí,9,5.7275
solta,9,5.7275
ordinacions,9,5.7275
aberració,9,5.7275
jugat,9,5.7275
metàtesi,9,5.7275
començaven,9,5.7275
dicció,9,5.7275
meteorològic,9,5.7275
fresc,9,5.7275
obria,9,5.7275
càndid,9,5.7275
mengen,9,5.7275
paradoxes,9,5.7275
extrau,9,5.7275
melodia,9,5.7275
importar,9,5.7275
reivindicat,9,5.7275
entreveure,9,5.7275
africat,9,5.7275
fricatiu,9,5.7275
extremadament,9,5.7275
ama,9,5.7275
amar,9,5.7275
alighieri,9,5.7275
soterrar,9,5.7275
germen,9,5.7275
llot,9,5.7275
paradigmàtic,9,5.7275
comprensibles,9,5.7275
oients,9,5.7275
anant,9,5.7275
premisses,9,5.7275
innecessàries,9,5.7275
rajola,9,5.7275
practiquen,9,5.7275
cuit,9,5.7275
deverbal,9,5.7275
ensalades,9,5.7275
barbacoa,9,5.7275
contagi,9,5.7275
conformació,9,5.7275
entendrà,9,5.7275
expulsats,9,5.7275
acullen,9,5.7275
aglutina,9,5.7275
abraham,9,5.7275
deixaren,9,5.7275
nazi,9,5.7275
últimament,9,5.7275
sodomita,9,5.7275
expressades,9,5.7275
fèrtil,9,5.7275
pour,9,5.7275
danés,9,5.7275
dors,9,5.7275
palmito,9,5.7275
pollets,9,5.7275
ètic,9,5.7275
folls,9,5.7275
recinte,9,5.7275
lleugera,9,5.7275
plorar,9,5.7275
parcs,9,5.7275
niu,9,5.7275
altera,9,5.7275
oient,9,5.7275
idèntic,9,5.7275
paisatges,9,5.7275
uruguai,9,5.7275
convencional,9,5.7275
arqueològiques,9,5.7275
somnis,9,5.7275
reclusió,9,5.7275
retòrics,9,5.7275
seleccionar,9,5.7275
trac,9,5.7275
vesta,9,5.7275
cronològic,9,5.7275
venien,9,5.7275
meiga,9,5.7275
barreres,9,5.7275
gratuït,9,5.7275
savis,9,5.7275
libre,9,5.7275
pica,9,5.7275
marcats,9,5.7275
nombrós,9,5.7275
dificulta,9,5.7275
giny,9,5.7275
sing,9,5.7275
sagrats,9,5.7275
enviat,9,5.7275
bri,9,5.7275
guanyant,9,5.7275
indiferent,9,5.7275
atlàntic,9,5.7275
júpiter,9,5.7275
denota,9,5.7275
aprofundint,9,5.7275
truja,9,5.7275
troia,9,5.7275
porcs,9,5.7275
null,9,5.7275
tensionar,9,5.7275
trasllada,9,5.7275
detindre,9,5.7275
là,9,5.7275
sida,9,5.7275
perdurat,9,5.7275
ànimes,9,5.7275
cansat,9,5.7275
ton,9,5.7275
carregada,9,5.7275
oliver,9,5.7275
lics,9,5.7275
magistrats,9,5.7275
claudicar,9,5.7275
seducció,9,5.7275
creients,9,5.7275
orador,9,5.7275
caracul,9,5.7275
remugar,9,5.7275
evolucionà,9,5.7275
pronunciacions,9,5.7275
refranys,9,5.7275
recta,9,5.7275
privació,9,5.7275
exercia,9,5.7275
estrella,9,5.7275
missatger,9,5.7275
matinada,9,5.7275
monges,9,5.7275
trans,9,5.7275
roges,9,5.7275
cadàvers,9,5.7275
leg,9,5.7275
valeri,9,5.7275
ofensiva,9,5.7275
anara,9,5.7275
ràbia,9,5.7275
consumit,9,5.7275
unida,9,5.7275
màgia,9,5.7275
malalts,9,5.7275
cremades,9,5.7275
ob,9,5.7275
egipcis,9,5.7275
molesta,9,5.7275
roman,9,5.7275
perfídia,9,5.7275
crueltat,9,5.7275
míting,9,5.7275
garrofera,9,5.7275
afavorint,9,5.7275
gents,9,5.7275
motriu,9,5.7275
pastissos,9,5.7275
pobresa,9,5.7275
ebre,9,5.7275
autèntiques,9,5.7275
agarrar,9,5.7275
enigma,9,5.7275
cànem,9,5.7275
anou,9,5.7275
pornografia,9,5.7275
satisfactòriament,9,5.7275
múltiple,9,5.7275
oronella,9,5.7275
espectacular,9,5.7275
baptisme,9,5.7275
arxipèleg,9,5.7275
abandonat,9,5.7275
mordaç,9,5.7275
allotjament,9,5.7275
creïble,9,5.7275
muralla,9,5.7275
inestabilitat,9,5.7275
vicerector,9,5.7275
creixen,9,5.7275
humits,9,5.7275
sagrada,9,5.7275
prevere,9,5.7275
esperits,9,5.7275
trompellot,9,5.7275
trévol,9,5.7275
curar,9,5.7275
transliteració,9,5.7275
ciríl,9,5.7275
pólvora,9,5.7275
patronals,9,5.7275
separada,9,5.7275
sinònima,9,5.7275
cana,9,5.7275
eufemismes,9,5.7275
picada,9,5.7275
preromà,9,5.7275
debilitat,9,5.7275
competencial,9,5.7275
qualssevol,9,5.7275
pèrsia,9,5.7275
sopols,9,5.7275
canta,9,5.7275
teòleg,9,5.7275
infecciosa,9,5.7275
provisional,9,5.7275
apreciada,9,5.7275
orientada,9,5.7275
castellonencs,9,5.7275
gaiates,9,5.7275
regar,9,5.7275
filosòfica,9,5.7275
carreres,9,5.7275
concedia,9,5.7275
tombatossals,9,5.7275
aranya,9,5.7275
pressuposa,9,5.7275
assenyalades,9,5.7275
forçada,9,5.7275
resiliència,9,5.7275
repunt,9,5.7275
rentar,9,5.7275
cego,9,5.7275
pertànyer,9,5.7275
rima,9,5.7275
analitzant,9,5.7275
í,9,5.7275
proveïdors,9,5.7275
espirituals,9,5.7275
suprema,9,5.7275
emissora,9,5.7275
radar,9,5.7275
qatar,9,5.7275
àcid,9,5.7275
assignar,9,5.7275
caragol,9,5.7275
polp,9,5.7275
pocavergonya,9,5.7275
constatable,9,5.7275
objecció,9,5.7275
justificat,9,5.7275
plèiade,9,5.7275
pixaví,9,5.7275
esfèrica,9,5.7275
vivendes,9,5.7275
dèbil,9,5.7275
humils,9,5.7275
familias,9,5.7275
envoltat,9,5.7275
bresquilla,9,5.7275
extraordinàriament,9,5.7275
pandora,9,5.7275
àgil,9,5.7275
palmera,9,5.7275
substancialment,9,5.7275
obsolet,9,5.7275
míssil,9,5.7275
bilis,9,5.7275
coneixia,9,5.7275
simbòlicament,9,5.7275
divorci,9,5.7275
ven,9,5.7275
receptiva,9,5.7275
prat,9,5.7275
vinya,9,5.7275
tabac,9,5.7275
comercialització,9,5.7275
servisquen,9,5.7275
grat,9,5.7275
maco,9,5.7275
compendi,9,5.7275
idiota,9,5.7275
puta,9,5.7275
esmenta,9,5.7275
pese,9,5.7275
vappa,9,5.7275
governar,9,5.7275
navegador,9,5.7275
receptors,9,5.7275
mocador,9,5.7275
vingueren,9,5.7275
elogi,9,5.7275
espigolar,9,5.7275
eslové,9,5.7275
carterista,9,5.7275
cota,9,5.7275
escalada,9,5.7275
cordial,9,5.7275
localitzar,9,5.7275
cunyat,9,5.7275
tràfic,9,5.7275
ferroviàries,9,5.7275
confinar,9,5.7275
imposat,9,5.7275
dificultar,9,5.7275
avis,9,5.7275
pam,9,5.7275
monolític,9,5.7275
redones,9,5.7275
reiterar,9,5.7275
fix,9,5.7275
atzucac,9,5.7275
satírica,9,5.7275
arrasar,9,5.7275
arcàdia,9,5.7275
napolità,9,5.7275
cristal,9,5.7275
indeterminat,9,5.7275
alter,9,5.7275
inter,9,5.7275
esdevindre,9,5.7275
radica,9,5.7275
infaust,9,5.7275
actrius,9,5.7275
patim,9,5.7275
acabarà,9,5.7275
pakistan,9,5.7275
búlgar,9,5.7275
veto,9,5.7275
estenen,9,5.7275
despectiu,9,5.7275
xalet,9,5.7275
residencial,9,5.7275
drac,9,5.7275
presentaven,9,5.7275
menstruació,9,5.7275
pissarra,9,5.7275
píndola,9,5.7275
florència,9,5.7275
palissa,9,5.7275
nega,9,5.7275
arranca,9,5.7275
enuncia,9,5.7275
ocupe,9,5.7275
beneficiar,9,5.7275
naïf,9,5.7275
separades,9,5.7275
calze,9,5.7275
salamanca,9,5.7275
substituint,9,5.7275
impedit,9,5.7275
exteriors,9,5.7275
gua,9,5.7275
irresponsabilitat,9,5.7275
matrícula,9,5.7275
descriptiu,9,5.7275
guillotina,9,5.7275
gavina,9,5.7275
evitarem,9,5.7275
tarongers,9,5.7275
transitori,9,5.7275
estades,9,5.7275
distanciament,9,5.7275
contradictoris,9,5.7275
espòs,9,5.7275
susceptibles,9,5.7275
displicent,9,5.7275
advertit,9,5.7275
satisfet,9,5.7275
comboi,9,5.7275
civisme,9,5.7275
competir,9,5.7275
organigrama,9,5.7275
jeràrquic,9,5.7275
petrarca,9,5.7275
declarats,9,5.7275
pedrera,9,5.7275
tallat,9,5.7275
bleda,9,5.7275
bany,9,5.7275
bambolla,9,5.7275
auxiliars,9,5.7275
funcionalitat,9,5.7275
vàlides,9,5.7275
accentuades,9,5.7275
ɾt,9,5.7275
consonantisme,9,5.7275
tll,9,5.7275
guatla,9,5.7275
dl,9,5.7275
desinències,9,5.7275
ee,9,5.7275
lés,9,5.7275
reduïxen,9,5.7275
enunciats,9,5.7275
selecciona,9,5.7275
estructurals,9,5.7275
xt,9,5.7275
heterogènia,9,5.7275
xxiii,9,5.7275
partitiva,9,5.7275
contestat,9,5.7275
locatius,9,5.7275
llàstima,9,5.7275
quantitativa,9,5.7275
coordinen,9,5.7275
conjugacions,9,5.7275
teixim,9,5.7275
sistemàtiques,9,5.7275
assumixen,9,5.7275
distributives,9,5.7275
consecutiu,9,5.7275
parallamps,9,5.7275
botes,9,5.7275
cia,9,5.7275
grafiar,9,5.7275
nobiliaris,9,5.7275
arribes,9,5.7275
cohesionada,9,5.7275
orgullosos,9,5.7275
entrevistat,9,5.7275
assumides,9,5.7275
metro,9,5.7275
defés,9,5.7275
universitario,9,5.7275
ressaltat,9,5.7275
comparada,9,5.7275
efectuada,9,5.7275
espontaneïtat,9,5.7275
obrirà,9,5.7275
monzó,9,5.7275
mutxamel,9,5.7275
recer,9,5.7275
insular,9,5.7275
properes,9,5.7275
mantindrà,9,5.7275
españolas,9,5.7275
vernet,9,5.7275
coautora,9,5.7275
repensar,9,5.7275
realitzats,9,5.7275
estratègic,9,5.7275
sostenible,9,5.7275
montañés,9,5.7275
abadessa,9,5.7275
gojos,9,5.7275
salines,9,5.7275
castalla,9,5.7275
avantatge,9,5.7275
coordinadors,9,5.7275
atorgament,9,5.7275
convergents,9,5.7275
villar,9,5.7275
fester,9,5.7275
garantisquen,9,5.7275
budapest,9,5.7275
albocàsser,9,5.7275
dramàtics,9,5.7275
competencials,9,5.7275
duch,9,5.7275
ideològicament,9,5.7275
predilectes,9,5.7275
publicaciones,9,5.7275
first,9,5.7275
latina,9,5.7275
great,9,5.7275
romance,9,5.7275
calguen,9,5.7275
benimaclet,9,5.7275
qualitativa,9,5.7275
adscrit,9,5.7275
beques,9,5.7275
subscriu,9,5.7275
please,9,5.7275
empty,9,5.7275
comprove,9,5.7275
apps,9,5.7275
vulnerat,9,5.7275
aepd,9,5.7275
llicències,9,5.7275
políticos,9,5.7275
ets,9,5.7275
urbanisme,9,5.7275
informem,9,5.7275
comunicades,9,5.7275
dr,9,5.7275
support,9,5.7275
calixto,9,5.7275
expansión,9,5.7275
histórica,9,5.7275
bruges,9,5.7275
tarragona,9,5.7275
ediciones,9,5.7275
editores,9,5.7275
parroquial,9,5.7275
dificultades,9,5.7275
línea,9,5.7275
académico,9,5.7275
different,9,5.7275
ducs,9,5.7275
claustres,9,5.7275
constava,9,5.7275
catadau,9,5.7275
olocau,9,5.7275
vertader,9,5.7275
legiats,9,5.7275
certificacions,9,5.7275
declarant,9,5.7275
demarcacions,9,5.7275
partes,9,5.7275
regionales,9,5.7275
europeas,9,5.7275
identidad,9,5.7275
podrá,9,5.7275
ésta,9,5.7275
nosotros,9,5.7275
tenemos,9,5.7275
puestos,9,5.7275
propio,9,5.7275
territorios,9,5.7275
corresponde,9,5.7275
reglamentació,9,5.7275
partim,9,5.7275
curso,9,5.7275
disposición,9,5.7275
existencia,9,5.7275
académica,9,5.7275
integre,9,5.7275
diglòssica,9,5.7275
vincular,9,5.7275
comprometen,9,5.7275
gradualitat,9,5.7275
vocalisme,9,5.7275
funcionarials,9,5.7275
deberán,9,5.7275
tipo,9,5.7275
discriminación,9,5.7275
junto,9,5.7275
hacerlo,9,5.7275
circunstancias,9,5.7275
asociaciones,9,5.7275
académicos,9,5.7275
produce,9,5.7275
correspondrà,9,5.7275
paloma,9,5.7275
dinamarca,9,5.7275
macedoni,9,5.7275
status,9,5.7275
well,9,5.7275
united,9,5.7275
milla,9,5.7275
measures,9,5.7275
claves,9,5.7275
morral,9,5.7275
especíﬁca,9,5.7275
especíﬁc,9,5.7275
bétera,9,5.7275
circulars,9,5.7275
recerques,9,5.7275
adjunte,9,5.7275
oﬁcines,9,5.7275
especíﬁcs,9,5.7275
bup,9,5.7275
monsenyor,9,5.7275
fundación,9,5.7275
states,9,5.7275
venta,9,5.7275
cantautors,9,5.7275
contingent,9,5.7275
tendeix,9,5.7275
cooﬁcial,9,5.7275
progressista,9,5.7275
bmfodjbob,9,5.7275
deﬁnició,9,5.7275
equiparable,9,5.7275
regulación,9,5.7275
progressistes,9,5.7275
mµhncju,9,5.7275
vstpt,9,5.7275
segells,9,5.7275
autoescoles,9,5.7275
associatives,9,5.7275
ratificació,9,5.7275
observarem,9,5.7275
concentren,9,5.7275
docs,9,5.7275
perifèrics,9,5.7275
marítims,9,5.7275
escasses,9,5.7275
gaudeixen,9,5.7275
notariat,9,5.7275
protocols,9,5.7275
prensa,9,5.7275
muntatges,9,5.7275
euskadi,9,5.7275
directives,9,5.7275
veces,9,5.7275
fuera,9,5.7275
existeixen,9,5.7275
progresiva,9,5.7275
festeres,9,5.7275
hernàndez,9,5.7275
patrimonialització,9,5.7275
obligación,9,5.7275
alminyana,9,5.7275
insatisfactori,9,5.7275
production,9,5.7275
normativo,9,5.7275
lado,9,5.7275
importancia,9,5.7275
justicia,9,5.7275
individuales,9,5.7275
éstas,9,5.7275
evolution,9,5.7275
order,9,5.7275
development,9,5.7275
institutions,9,5.7275
knowledge,9,5.7275
rights,9,5.7275
públi,9,5.7275
lingüís,9,5.7275
altet,9,5.7275
embassament,9,5.7275
iulen,9,5.7275
urbiola,9,5.7275
nederlands,9,5.7275
daniëls,9,5.7275
flamenca,9,5.7275
jezik,9,5.7275
albanès,9,5.7275
osce,9,5.7275
promouvoir,9,5.7275
rx,9,5.7275
rh,9,5.7275
rm,9,5.7275
rp,9,5.7275
tingui,9,5.7275
fueron,9,5.7275
zc,9,5.7275
teòrics,8,5.0911
vulnerable,8,5.0911
adquirida,8,5.0911
institucionalització,8,5.0911
comunicadora,8,5.0911
vetla,8,5.0911
màsters,8,5.0911
dialogar,8,5.0911
serenitat,8,5.0911
rigorós,8,5.0911
tòpics,8,5.0911
encarregarà,8,5.0911
camacuc,8,5.0911
terminològica,8,5.0911
gravació,8,5.0911
legitimitat,8,5.0911
regidora,8,5.0911
comissariada,8,5.0911
reu,8,5.0911
comprometre,8,5.0911
agrupar,8,5.0911
brillants,8,5.0911
reservada,8,5.0911
rodarà,8,5.0911
impulsor,8,5.0911
grafema,8,5.0911
honrar,8,5.0911
facetes,8,5.0911
pensador,8,5.0911
literat,8,5.0911
vitals,8,5.0911
abandonament,8,5.0911
sostinguda,8,5.0911
antigua,8,5.0911
compartiments,8,5.0911
reguladores,8,5.0911
electes,8,5.0911
glotopolítica,8,5.0911
cofundador,8,5.0911
orientat,8,5.0911
buscador,8,5.0911
complets,8,5.0911
operadors,8,5.0911
nomenclàtors,8,5.0911
accessibilitat,8,5.0911
contribuirà,8,5.0911
baydal,8,5.0911
periple,8,5.0911
bibliotecari,8,5.0911
guadassuar,8,5.0911
benimodo,8,5.0911
precarietat,8,5.0911
prenga,8,5.0911
urbanitzacions,8,5.0911
victoria,8,5.0911
interpel,8,5.0911
erudició,8,5.0911
reconeixements,8,5.0911
menandre,8,5.0911
misantrop,8,5.0911
inherent,8,5.0911
incorporacions,8,5.0911
retallada,8,5.0911
promogudes,8,5.0911
guardonats,8,5.0911
homenatges,8,5.0911
presidida,8,5.0911
instar,8,5.0911
valentia,8,5.0911
arribarem,8,5.0911
reclamar,8,5.0911
pretés,8,5.0911
agressió,8,5.0911
legues,8,5.0911
lola,8,5.0911
laia,8,5.0911
borràs,8,5.0911
rubén,8,5.0911
collado,8,5.0911
crespo,8,5.0911
lorente,8,5.0911
pallarés,8,5.0911
molla,8,5.0911
gustau,8,5.0911
amàlia,8,5.0911
polinyà,8,5.0911
constatem,8,5.0911
entranyables,8,5.0911
tabarca,8,5.0911
alacantins,8,5.0911
votat,8,5.0911
innecessaris,8,5.0911
confluït,8,5.0911
bàndols,8,5.0911
met,8,5.0911
mestratge,8,5.0911
deixeble,8,5.0911
caminant,8,5.0911
solvent,8,5.0911
intencionalitat,8,5.0911
alacantines,8,5.0911
fundadora,8,5.0911
ministra,8,5.0911
modificación,8,5.0911
sección,8,5.0911
generales,8,5.0911
remés,8,5.0911
pitiüses,8,5.0911
coloma,8,5.0911
úbeda,8,5.0911
formativa,8,5.0911
inèdits,8,5.0911
troballa,8,5.0911
acurtar,8,5.0911
aventurar,8,5.0911
william,8,5.0911
bastit,8,5.0911
toponímics,8,5.0911
italianes,8,5.0911
palerm,8,5.0911
euskaltzaindia,8,5.0911
barret,8,5.0911
revisat,8,5.0911
corporal,8,5.0911
jugant,8,5.0911
juguen,8,5.0911
mp,8,5.0911
sentien,8,5.0911
mallorquines,8,5.0911
fotogràfica,8,5.0911
preciós,8,5.0911
pogué,8,5.0911
reflexiona,8,5.0911
viscudes,8,5.0911
irredempt,8,5.0911
minuciós,8,5.0911
maquetació,8,5.0911
eduardo,8,5.0911
proclamada,8,5.0911
prescriu,8,5.0911
tramitar,8,5.0911
convertisca,8,5.0911
fructífera,8,5.0911
dilemes,8,5.0911
desigualtats,8,5.0911
ret,8,5.0911
apassionant,8,5.0911
benlloch,8,5.0911
promotors,8,5.0911
donats,8,5.0911
reverència,8,5.0911
descripcions,8,5.0911
saïdia,8,5.0911
qualificatiu,8,5.0911
caracteritzats,8,5.0911
seqüències,8,5.0911
capes,8,5.0911
pacífic,8,5.0911
recitals,8,5.0911
valero,8,5.0911
exhibirà,8,5.0911
publicaran,8,5.0911
rotes,8,5.0911
esdevenia,8,5.0911
carpeta,8,5.0911
latituds,8,5.0911
còmplice,8,5.0911
bilabial,8,5.0911
complementen,8,5.0911
desgast,8,5.0911
encert,8,5.0911
abordat,8,5.0911
baula,8,5.0911
bioparc,8,5.0911
sirena,8,5.0911
seixantena,8,5.0911
configurat,8,5.0911
dotats,8,5.0911
moderats,8,5.0911
over,8,5.0911
pseudònim,8,5.0911
andilla,8,5.0911
santo,8,5.0911
obispo,8,5.0911
osuna,8,5.0911
beniardà,8,5.0911
podíem,8,5.0911
plasmar,8,5.0911
oclusiu,8,5.0911
elaboren,8,5.0911
prevenció,8,5.0911
diagnòstic,8,5.0911
comés,8,5.0911
ska,8,5.0911
ep,8,5.0911
lugo,8,5.0911
moltó,8,5.0911
venim,8,5.0911
patrona,8,5.0911
quefer,8,5.0911
sardenya,8,5.0911
filològics,8,5.0911
quinzena,8,5.0911
massaguer,8,5.0911
impagable,8,5.0911
visitaran,8,5.0911
infraestructura,8,5.0911
talent,8,5.0911
center,8,5.0911
automàtic,8,5.0911
formentera,8,5.0911
frau,8,5.0911
codirector,8,5.0911
llibreter,8,5.0911
gallinera,8,5.0911
vilafamés,8,5.0911
opuscle,8,5.0911
presumpta,8,5.0911
suprimit,8,5.0911
jutjar,8,5.0911
diplomàcia,8,5.0911
mamprendre,8,5.0911
duran,8,5.0911
indicava,8,5.0911
cantautor,8,5.0911
desenllaç,8,5.0911
atractiu,8,5.0911
acompanyades,8,5.0911
impulsant,8,5.0911
cl,8,5.0911
habitant,8,5.0911
bord,8,5.0911
generacional,8,5.0911
adeptes,8,5.0911
convençuts,8,5.0911
difon,8,5.0911
conscienciació,8,5.0911
jubilat,8,5.0911
compareixença,8,5.0911
ideologies,8,5.0911
hegemònic,8,5.0911
veja,8,5.0911
vernacles,8,5.0911
recordant,8,5.0911
asunción,8,5.0911
suficiència,8,5.0911
concreten,8,5.0911
enllestit,8,5.0911
iniciats,8,5.0911
seleccionades,8,5.0911
ebo,8,5.0911
hondón,8,5.0911
todolella,8,5.0911
orxa,8,5.0911
suera,8,5.0911
migjorn,8,5.0911
segart,8,5.0911
electorals,8,5.0911
mediàtic,8,5.0911
buscaven,8,5.0911
separant,8,5.0911
vivència,8,5.0911
ombres,8,5.0911
batxiller,8,5.0911
configurant,8,5.0911
toquen,8,5.0911
còmput,8,5.0911
exiliar,8,5.0911
amaga,8,5.0911
documentats,8,5.0911
peripècies,8,5.0911
mirador,8,5.0911
exiliat,8,5.0911
villargordo,8,5.0911
cabriel,8,5.0911
algorfa,8,5.0911
contorns,8,5.0911
berber,8,5.0911
publicant,8,5.0911
captura,8,5.0911
obrera,8,5.0911
basats,8,5.0911
senyores,8,5.0911
munt,8,5.0911
gálvez,8,5.0911
jordana,8,5.0911
coordinades,8,5.0911
produirà,8,5.0911
apogeu,8,5.0911
romàntica,8,5.0911
reclamacions,8,5.0911
guarden,8,5.0911
recurrents,8,5.0911
onades,8,5.0911
polo,8,5.0911
documentar,8,5.0911
patològic,8,5.0911
baronia,8,5.0911
vingués,8,5.0911
galceran,8,5.0911
escorredor,8,5.0911
balma,8,5.0911
angle,8,5.0911
vallada,8,5.0911
torreblanca,8,5.0911
lideratge,8,5.0911
august,8,5.0911
acostuma,8,5.0911
papal,8,5.0911
solemnes,8,5.0911
desfilen,8,5.0911
ble,8,5.0911
firmament,8,5.0911
roses,8,5.0911
parir,8,5.0911
inconvenients,8,5.0911
mantàfula,8,5.0911
engany,8,5.0911
artificials,8,5.0911
perfecta,8,5.0911
begut,8,5.0911
concís,8,5.0911
doblets,8,5.0911
gitana,8,5.0911
evangelis,8,5.0911
difusos,8,5.0911
viacrucis,8,5.0911
flagel,8,5.0911
porpra,8,5.0911
batuda,8,5.0911
pastissets,8,5.0911
bous,8,5.0911
francament,8,5.0911
puntal,8,5.0911
tub,8,5.0911
onofre,8,5.0911
dotada,8,5.0911
típics,8,5.0911
ofertes,8,5.0911
bunyols,8,5.0911
rogent,8,5.0911
metalls,8,5.0911
eminentment,8,5.0911
toga,8,5.0911
adduir,8,5.0911
rastre,8,5.0911
preservat,8,5.0911
pantaló,8,5.0911
calces,8,5.0911
paradoxalment,8,5.0911
apòstols,8,5.0911
judes,8,5.0911
calent,8,5.0911
excitació,8,5.0911
reparar,8,5.0911
paga,8,5.0911
evolutiu,8,5.0911
pronuncie,8,5.0911
lliurement,8,5.0911
paregut,8,5.0911
trobaran,8,5.0911
poderosos,8,5.0911
trump,8,5.0911
plutocràcia,8,5.0911
acumula,8,5.0911
particularitat,8,5.0911
filològiques,8,5.0911
seguien,8,5.0911
productors,8,5.0911
buscava,8,5.0911
recuperà,8,5.0911
imperis,8,5.0911
poderós,8,5.0911
ingesta,8,5.0911
sacrificar,8,5.0911
ludit,8,5.0911
encés,8,5.0911
defectes,8,5.0911
sembra,8,5.0911
subscrit,8,5.0911
unificació,8,5.0911
cataplasma,8,5.0911
alleujar,8,5.0911
gasten,8,5.0911
destructiu,8,5.0911
aparegué,8,5.0911
biogràfica,8,5.0911
anglosaxona,8,5.0911
tremendament,8,5.0911
substantivat,8,5.0911
summa,8,5.0911
evocar,8,5.0911
prohibida,8,5.0911
saludable,8,5.0911
peninsulars,8,5.0911
conestable,8,5.0911
diguen,8,5.0911
barraques,8,5.0911
cebrià,8,5.0911
preromana,8,5.0911
sancta,8,5.0911
vulgarisme,8,5.0911
presumpte,8,5.0911
incendis,8,5.0911
celest,8,5.0911
designis,8,5.0911
desgraciat,8,5.0911
empindongat,8,5.0911
perceben,8,5.0911
prostituta,8,5.0911
vorera,8,5.0911
patiment,8,5.0911
solcs,8,5.0911
recurrentment,8,5.0911
tàndem,8,5.0911
cervol,8,5.0911
banyes,8,5.0911
caçar,8,5.0911
sous,8,5.0911
contrades,8,5.0911
autenticitat,8,5.0911
consigna,8,5.0911
indefectiblement,8,5.0911
truà,8,5.0911
palatalització,8,5.0911
plaers,8,5.0911
rutines,8,5.0911
llancen,8,5.0911
xulla,8,5.0911
greix,8,5.0911
establí,8,5.0911
quedem,8,5.0911
tribus,8,5.0911
impulsos,8,5.0911
pederàstia,8,5.0911
nasqué,8,5.0911
demanaren,8,5.0911
implicades,8,5.0911
generant,8,5.0911
succeir,8,5.0911
avivar,8,5.0911
breument,8,5.0911
músculs,8,5.0911
contagiosa,8,5.0911
ridícul,8,5.0911
gaudi,8,5.0911
boscos,8,5.0911
taca,8,5.0911
ininterrompudament,8,5.0911
closca,8,5.0911
canten,8,5.0911
cotó,8,5.0911
químics,8,5.0911
incorporaria,8,5.0911
metaforització,8,5.0911
remuntar,8,5.0911
previsible,8,5.0911
cròniques,8,5.0911
periodístiques,8,5.0911
sediments,8,5.0911
castellanitzada,8,5.0911
tornarà,8,5.0911
ramadà,8,5.0911
disposava,8,5.0911
condemna,8,5.0911
entenia,8,5.0911
reconvertit,8,5.0911
sos,8,5.0911
cércol,8,5.0911
fascinació,8,5.0911
bixest,8,5.0911
anomenà,8,5.0911
traspàs,8,5.0911
cendres,8,5.0911
escudellar,8,5.0911
carregats,8,5.0911
incorporarà,8,5.0911
apol,8,5.0911
finançar,8,5.0911
solidària,8,5.0911
oxigen,8,5.0911
recupera,8,5.0911
espiral,8,5.0911
ligerant,8,5.0911
iaia,8,5.0911
defén,8,5.0911
veient,8,5.0911
beüt,8,5.0911
dieta,8,5.0911
llums,8,5.0911
cosmos,8,5.0911
corn,8,5.0911
lamentable,8,5.0911
veneçuela,8,5.0911
gaudixen,8,5.0911
redundant,8,5.0911
artana,8,5.0911
prohibir,8,5.0911
habita,8,5.0911
difongué,8,5.0911
tèxtil,8,5.0911
secta,8,5.0911
casat,8,5.0911
ficat,8,5.0911
cercar,8,5.0911
aura,8,5.0911
senyoria,8,5.0911
estaments,8,5.0911
anjou,8,5.0911
afegix,8,5.0911
inf,8,5.0911
encendre,8,5.0911
lawfare,8,5.0911
intr,8,5.0911
coix,8,5.0911
antisemitisme,8,5.0911
asimetria,8,5.0911
esclata,8,5.0911
faç,8,5.0911
rumiar,8,5.0911
llanda,8,5.0911
suor,8,5.0911
flames,8,5.0911
picar,8,5.0911
duia,8,5.0911
emparar,8,5.0911
apoderar,8,5.0911
previndre,8,5.0911
anodí,8,5.0911
pins,8,5.0911
tre,8,5.0911
teus,8,5.0911
dat,8,5.0911
patxorra,8,5.0911
grosses,8,5.0911
eixia,8,5.0911
estandard,8,5.0911
host,8,5.0911
residuals,8,5.0911
enlluernar,8,5.0911
serena,8,5.0911
proses,8,5.0911
hàbil,8,5.0911
escarotar,8,5.0911
respiració,8,5.0911
cotxes,8,5.0911
marcava,8,5.0911
especulació,8,5.0911
sobreïx,8,5.0911
mag,8,5.0911
nervi,8,5.0911
comoditat,8,5.0911
arcaica,8,5.0911
innovador,8,5.0911
barral,8,5.0911
gats,8,5.0911
colònies,8,5.0911
contrada,8,5.0911
creta,8,5.0911
formava,8,5.0911
carraixet,8,5.0911
moldre,8,5.0911
anvers,8,5.0911
tempesta,8,5.0911
postverbal,8,5.0911
originar,8,5.0911
expedició,8,5.0911
embarcació,8,5.0911
competicions,8,5.0911
fisc,8,5.0911
reporta,8,5.0911
guanyat,8,5.0911
motora,8,5.0911
sinònimes,8,5.0911
especialitzar,8,5.0911
generosos,8,5.0911
mossegar,8,5.0911
gratuïtament,8,5.0911
legítimes,8,5.0911
expresident,8,5.0911
afonar,8,5.0911
fica,8,5.0911
delícies,8,5.0911
homilies,8,5.0911
gregues,8,5.0911
relíquia,8,5.0911
cartera,8,5.0911
ɾ,8,5.0911
ro,8,5.0911
oroneta,8,5.0911
intacta,8,5.0911
dramàtiques,8,5.0911
contribuïren,8,5.0911
xorro,8,5.0911
xenofòbia,8,5.0911
auge,8,5.0911
felicitats,8,5.0911
viking,8,5.0911
psicològic,8,5.0911
transmetia,8,5.0911
daltabaix,8,5.0911
compassió,8,5.0911
gregal,8,5.0911
vestigis,8,5.0911
diversió,8,5.0911
valentí,8,5.0911
excloents,8,5.0911
inocular,8,5.0911
insinuar,8,5.0911
funeraris,8,5.0911
rítmic,8,5.0911
injusta,8,5.0911
gremis,8,5.0911
psicòleg,8,5.0911
término,8,5.0911
iceberg,8,5.0911
tauleta,8,5.0911
interrogativa,8,5.0911
agafat,8,5.0911
autumne,8,5.0911
sutja,8,5.0911
combustió,8,5.0911
surrealisme,8,5.0911
disciplines,8,5.0911
creatius,8,5.0911
quallar,8,5.0911
sots,8,5.0911
monyica,8,5.0911
actuant,8,5.0911
dramatúrgia,8,5.0911
arbust,8,5.0911
sobrassada,8,5.0911
filòsofs,8,5.0911
afecció,8,5.0911
sicari,8,5.0911
sentllàtzer,8,5.0911
biòleg,8,5.0911
princesa,8,5.0911
serví,8,5.0911
serviren,8,5.0911
rovelló,8,5.0911
gruixut,8,5.0911
aposició,8,5.0911
ronya,8,5.0911
romer,8,5.0911
desagradable,8,5.0911
rodalia,8,5.0911
robo,8,5.0911
riberenc,8,5.0911
quatretonda,8,5.0911
ressaca,8,5.0911
psicòlegs,8,5.0911
ruptura,8,5.0911
remodelar,8,5.0911
organitzativa,8,5.0911
relator,8,5.0911
rebrot,8,5.0911
rauxa,8,5.0911
gresca,8,5.0911
sobtat,8,5.0911
pregàries,8,5.0911
regix,8,5.0911
genung,8,5.0911
presentats,8,5.0911
vàlids,8,5.0911
elidit,8,5.0911
aprofitava,8,5.0911
botànica,8,5.0911
càlid,8,5.0911
concentrat,8,5.0911
recuperant,8,5.0911
molière,8,5.0911
modificada,8,5.0911
atén,8,5.0911
centímetre,8,5.0911
neteja,8,5.0911
proporcionat,8,5.0911
consol,8,5.0911
desproveït,8,5.0911
pangolí,8,5.0911
panderola,8,5.0911
pandero,8,5.0911
margalló,8,5.0911
marfil,8,5.0911
ninot,8,5.0911
ratolí,8,5.0911
oferien,8,5.0911
desacord,8,5.0911
basen,8,5.0911
medusa,8,5.0911
predicacions,8,5.0911
matalafer,8,5.0911
bufó,8,5.0911
mascota,8,5.0911
valuós,8,5.0911
blanquerna,8,5.0911
precises,8,5.0911
llombardia,8,5.0911
ordenat,8,5.0911
secundaris,8,5.0911
interviu,8,5.0911
ídol,8,5.0911
betxí,8,5.0911
enviada,8,5.0911
fuita,8,5.0911
absurda,8,5.0911
desitjada,8,5.0911
amplià,8,5.0911
flipar,8,5.0911
fiasco,8,5.0911
aplique,8,5.0911
matheu,8,5.0911
creïlles,8,5.0911
unificar,8,5.0911
escàndol,8,5.0911
lustren,8,5.0911
inamovibles,8,5.0911
genuïnament,8,5.0911
cuquello,8,5.0911
masculines,8,5.0911
cursa,8,5.0911
convulsió,8,5.0911
contuberni,8,5.0911
ge,8,5.0911
sic,8,5.0911
difosa,8,5.0911
magistrat,8,5.0911
palomar,8,5.0911
guardat,8,5.0911
basquetbol,8,5.0911
verí,8,5.0911
arna,8,5.0911
armut,8,5.0911
desactivar,8,5.0911
farmàcia,8,5.0911
visions,8,5.0911
esdevindrà,8,5.0911
litúrgiques,8,5.0911
dei,8,5.0911
multiplicat,8,5.0911
castellanitzat,8,5.0911
illeta,8,5.0911
alifac,8,5.0911
alger,8,5.0911
onomàstic,8,5.0911
reglamentari,8,5.0911
permeteren,8,5.0911
die,8,5.0911
desenrotllades,8,5.0911
intrínsecament,8,5.0911
glamur,8,5.0911
trasllat,8,5.0911
castellar,8,5.0911
terrorisme,8,5.0911
tenis,8,5.0911
tauró,8,5.0911
llops,8,5.0911
tafur,8,5.0911
marieta,8,5.0911
vampir,8,5.0911
genovés,8,5.0911
xino,8,5.0911
bóta,8,5.0911
xafarder,8,5.0911
agudes,8,5.0911
zenit,8,5.0911
motivat,8,5.0911
quixot,8,5.0911
dent,8,5.0911
sanitàries,8,5.0911
alarma,8,5.0911
lució,8,5.0911
perdedor,8,5.0911
intensiu,8,5.0911
mer,8,5.0911
distant,8,5.0911
pantaix,8,5.0911
contenia,8,5.0911
immunitat,8,5.0911
llistat,8,5.0911
vietnamita,8,5.0911
pàbul,8,5.0911
obtús,8,5.0911
afegitó,8,5.0911
danses,8,5.0911
lúdica,8,5.0911
remoció,8,5.0911
manises,8,5.0911
rotllo,8,5.0911
marcià,8,5.0911
manga,8,5.0911
ga,8,5.0911
manejar,8,5.0911
llidó,8,5.0911
llanterner,8,5.0911
libido,8,5.0911
garantisca,8,5.0911
jeroglífic,8,5.0911
javalí,8,5.0911
acceleració,8,5.0911
imprés,8,5.0911
pujades,8,5.0911
productives,8,5.0911
impeachment,8,5.0911
jutjats,8,5.0911
immune,8,5.0911
manipulació,8,5.0911
hipoteca,8,5.0911
estereotips,8,5.0911
judici,8,5.0911
sonors,8,5.0911
grip,8,5.0911
gingebre,8,5.0911
destinar,8,5.0911
forrar,8,5.0911
fart,8,5.0911
esvàstica,8,5.0911
organitzatives,8,5.0911
epidèmia,8,5.0911
administrats,8,5.0911
emèrit,8,5.0911
moltíssim,8,5.0911
palmeral,8,5.0911
democràtiques,8,5.0911
tresorer,8,5.0911
dèspota,8,5.0911
anteposa,8,5.0911
déjà,8,5.0911
vu,8,5.0911
colpbol,8,5.0911
qualificats,8,5.0911
especificació,8,5.0911
carxot,8,5.0911
constitutiu,8,5.0911
canapé,8,5.0911
cabut,8,5.0911
carrascal,8,5.0911
aiguamoll,8,5.0911
bypass,8,5.0911
votar,8,5.0911
θ,8,5.0911
biodiversitat,8,5.0911
breve,8,5.0911
pretònica,8,5.0911
dibuixar,8,5.0911
oclusives,8,5.0911
rɔ,8,5.0911
predicar,8,5.0911
tn,8,5.0911
mn,8,5.0911
polisíl,8,5.0911
ti,8,5.0911
barx,8,5.0911
avel,8,5.0911
lí,8,5.0911
indicades,8,5.0911
divergències,8,5.0911
dupliquen,8,5.0911
sòls,8,5.0911
aqüeducte,8,5.0911
nyam,8,5.0911
suprimix,8,5.0911
pròtasi,8,5.0911
intercalar,8,5.0911
exemplifiquen,8,5.0911
crespins,8,5.0911
campello,8,5.0911
vinromà,8,5.0911
anafòrica,8,5.0911
centrarem,8,5.0911
trobes,8,5.0911
tractaran,8,5.0911
proclítica,8,5.0911
completiva,8,5.0911
quantificat,8,5.0911
intransitius,8,5.0911
especificatives,8,5.0911
mancança,8,5.0911
orientats,8,5.0911
perifràstiques,8,5.0911
oferim,8,5.0911
uniformitat,8,5.0911
porto,8,5.0911
vistiplau,8,5.0911
prescriptiu,8,5.0911
especifiquen,8,5.0911
potenciarà,8,5.0911
prioritzen,8,5.0911
oc,8,5.0911
cup,8,5.0911
refós,8,5.0911
simfonia,8,5.0911
precària,8,5.0911
borbons,8,5.0911
llombai,8,5.0911
caterina,8,5.0911
desorientació,8,5.0911
invertida,8,5.0911
titla,8,5.0911
abellix,8,5.0911
benaguasil,8,5.0911
barem,8,5.0911
agradat,8,5.0911
queixes,8,5.0911
pujat,8,5.0911
serem,8,5.0911
plantejada,8,5.0911
persistència,8,5.0911
cabuda,8,5.0911
dignament,8,5.0911
castro,8,5.0911
cessament,8,5.0911
laboradora,8,5.0911
ciscar,8,5.0911
campus,8,5.0911
postals,8,5.0911
sensibilització,8,5.0911
situem,8,5.0911
lectora,8,5.0911
inspirar,8,5.0911
alfafar,8,5.0911
xaló,8,5.0911
enriquit,8,5.0911
predilecte,8,5.0911
centelles,8,5.0911
impartirà,8,5.0911
conrear,8,5.0911
migrants,8,5.0911
feminisme,8,5.0911
manuela,8,5.0911
realitzaran,8,5.0911
maleta,8,5.0911
civera,8,5.0911
autònoms,8,5.0911
proposats,8,5.0911
exònims,8,5.0911
beniarrés,8,5.0911
famorca,8,5.0911
villores,8,5.0911
gorga,8,5.0911
coincideixen,8,5.0911
ten,8,5.0911
madre,8,5.0911
vicentina,8,5.0911
licita,8,5.0911
demarcació,8,5.0911
avals,8,5.0911
elevades,8,5.0911
òrfens,8,5.0911
programacions,8,5.0911
estilística,8,5.0911
possibiliten,8,5.0911
integrador,8,5.0911
der,8,5.0911
vv,8,5.0911
mejor,8,5.0911
filippo,8,5.0911
borgonya,8,5.0911
montferrat,8,5.0911
manlleus,8,5.0911
bisticci,8,5.0911
aveva,8,5.0911
latine,8,5.0911
pier,8,5.0911
candido,8,5.0911
dávalos,8,5.0911
promoguda,8,5.0911
heretada,8,5.0911
príncipe,8,5.0911
into,8,5.0911
linguistics,8,5.0911
contact,8,5.0911
sintonia,8,5.0911
seglars,8,5.0911
pastoral,8,5.0911
homogeneïtat,8,5.0911
convocarà,8,5.0911
consultiva,8,5.0911
sociabilitat,8,5.0911
monografies,8,5.0911
taronjada,8,5.0911
aturat,8,5.0911
joanet,8,5.0911
falda,8,5.0911
gestión,8,5.0911
slash,8,5.0911
dd,8,5.0911
spl,8,5.0911
conferencia,8,5.0911
ariel,8,5.0911
bilingual,8,5.0911
reglamentàries,8,5.0911
documentos,8,5.0911
obras,8,5.0911
libros,8,5.0911
american,8,5.0911
interactiu,8,5.0911
orden,8,5.0911
gerent,8,5.0911
escritores,8,5.0911
posible,8,5.0911
consultada,8,5.0911
torno,8,5.0911
consecuencias,8,5.0911
teoría,8,5.0911
ensenyen,8,5.0911
aragonesismes,8,5.0911
aspects,8,5.0911
washington,8,5.0911
inap,8,5.0911
profesional,8,5.0911
covarrubias,8,5.0911
contraforts,8,5.0911
refectori,8,5.0911
elevarà,8,5.0911
teodoro,8,5.0911
costur,8,5.0911
milloria,8,5.0911
progressar,8,5.0911
escau,8,5.0911
establerts,8,5.0911
realitzarà,8,5.0911
aplicarà,8,5.0911
figure,8,5.0911
quòrum,8,5.0911
system,8,5.0911
cumplimiento,8,5.0911
diferente,8,5.0911
esos,8,5.0911
entienden,8,5.0911
éstos,8,5.0911
haber,8,5.0911
secessionista,8,5.0911
tuvo,8,5.0911
objeto,8,5.0911
universitaria,8,5.0911
capdavanters,8,5.0911
dinamitzadors,8,5.0911
seté,8,5.0911
funcionarial,8,5.0911
proporcionalitat,8,5.0911
procede,8,5.0911
ciudadanía,8,5.0911
porcentaje,8,5.0911
competencia,8,5.0911
determinación,8,5.0911
reivindicacions,8,5.0911
vinculen,8,5.0911
notificació,8,5.0911
regulacions,8,5.0911
equilibrada,8,5.0911
utilización,8,5.0911
diciembre,8,5.0911
promover,8,5.0911
atención,8,5.0911
introducción,8,5.0911
principios,8,5.0911
establecido,8,5.0911
permite,8,5.0911
funcionamiento,8,5.0911
teniendo,8,5.0911
cuyos,8,5.0911
resto,8,5.0911
marcha,8,5.0911
estructuració,8,5.0911
reglamento,8,5.0911
escull,8,5.0911
quotes,8,5.0911
ac,8,5.0911
cià,8,5.0911
arribats,8,5.0911
insistim,8,5.0911
light,8,5.0911
borrego,8,5.0911
nativa,8,5.0911
brasilera,8,5.0911
ments,8,5.0911
cofrents,8,5.0911
ciana,8,5.0911
puerto,8,5.0911
partido,8,5.0911
bòsnia,8,5.0911
corea,8,5.0911
moldau,8,5.0911
oslo,8,5.0911
vincent,8,5.0911
tomé,8,5.0911
made,8,5.0911
second,8,5.0911
office,8,5.0911
must,8,5.0911
busquem,8,5.0911
periódico,8,5.0911
identiﬁquen,8,5.0911
destacables,8,5.0911
av,8,5.0911
ediﬁcis,8,5.0911
feliu,8,5.0911
hble,8,5.0911
ltre,8,5.0911
alemán,8,5.0911
bancaixa,8,5.0911
cc,8,5.0911
bocairent,8,5.0911
take,8,5.0911
sociológico,8,5.0911
estabilització,8,5.0911
entrem,8,5.0911
planiﬁcació,8,5.0911
morelló,8,5.0911
mbdbou,8,5.0911
reformat,8,5.0911
decisives,8,5.0911
radicades,8,5.0911
cooﬁcialitat,8,5.0911
garanteix,8,5.0911
incideix,8,5.0911
conﬂictes,8,5.0911
acompliment,8,5.0911
enjojtusbdjw,8,5.0911
implementació,8,5.0911
garantida,8,5.0911
demogràfics,8,5.0911
descensos,8,5.0911
assalariada,8,5.0911
immigrada,8,5.0911
roqueta,8,5.0911
plurinacional,8,5.0911
fmt,8,5.0911
hegemònica,8,5.0911
puguin,8,5.0911
defineixen,8,5.0911
discogràfica,8,5.0911
mercado,8,5.0911
cierto,8,5.0911
holanda,8,5.0911
etnoterritorial,8,5.0911
talaia,8,5.0911
iaraní,8,5.0911
nelde,8,5.0911
ido,8,5.0911
encuesta,8,5.0911
poderes,8,5.0911
planificación,8,5.0911
ver,8,5.0911
using,8,5.0911
own,8,5.0911
some,8,5.0911
when,8,5.0911
finally,8,5.0911
future,8,5.0911
sup,8,5.0911
insatis,8,5.0911
perfectamente,8,5.0911
cadolla,8,5.0911
seseo,8,5.0911
avenc,8,5.0911
mallada,8,5.0911
в,8,5.0911
oto,8,5.0911
succeeix,8,5.0911
finland,8,5.0911
clevedon,8,5.0911
luxemburguès,8,5.0911
язык,8,5.0911
în,8,5.0911
gov,8,5.0911
conseil,8,5.0911
tout,8,5.0911
promote,8,5.0911
charter,8,5.0911
variedad,8,5.0911
concepto,8,5.0911
moderno,8,5.0911
nenes,8,5.0911
legitima,7,4.4547
menester,7,4.4547
impressions,7,4.4547
gestor,7,4.4547
centrats,7,4.4547
consolidant,7,4.4547
redactora,7,4.4547
girat,7,4.4547
vertebrar,7,4.4547
contribuint,7,4.4547
rígida,7,4.4547
puríssima,7,4.4547
divulgativa,7,4.4547
estímul,7,4.4547
configuren,7,4.4547
projectant,7,4.4547
entregar,7,4.4547
expositius,7,4.4547
ressorgiment,7,4.4547
ecumènica,7,4.4547
accessibles,7,4.4547
insuficients,7,4.4547
autònom,7,4.4547
etiqueta,7,4.4547
emirats,7,4.4547
llargària,7,4.4547
monografia,7,4.4547
eslaves,7,4.4547
eixam,7,4.4547
analitzarà,7,4.4547
casadesús,7,4.4547
menorquina,7,4.4547
prestatgeries,7,4.4547
potries,7,4.4547
cadires,7,4.4547
hipocresia,7,4.4547
inspira,7,4.4547
validació,7,4.4547
constituirà,7,4.4547
presidix,7,4.4547
encapçalada,7,4.4547
llegint,7,4.4547
donaran,7,4.4547
coetanis,7,4.4547
exemplifica,7,4.4547
insociable,7,4.4547
sàmia,7,4.4547
peloponés,7,4.4547
predecessors,7,4.4547
candelera,7,4.4547
tomata,7,4.4547
confirma,7,4.4547
provocada,7,4.4547
degradació,7,4.4547
firmats,7,4.4547
organitzadora,7,4.4547
documentalistes,7,4.4547
samaruc,7,4.4547
apreciat,7,4.4547
vivint,7,4.4547
heretat,7,4.4547
perseverança,7,4.4547
diàriament,7,4.4547
adhesions,7,4.4547
aparicio,7,4.4547
belda,7,4.4547
esther,7,4.4547
espinós,7,4.4547
roberto,7,4.4547
garrigós,7,4.4547
arinyó,7,4.4547
lloret,7,4.4547
purificació,7,4.4547
penadés,7,4.4547
pozo,7,4.4547
sofia,7,4.4547
encarna,7,4.4547
royo,7,4.4547
clàudia,7,4.4547
sorribes,7,4.4547
verger,7,4.4547
viana,7,4.4547
ocell,7,4.4547
alacantina,7,4.4547
manta,7,4.4547
platges,7,4.4547
sensibles,7,4.4547
sostraure,7,4.4547
liberal,7,4.4547
sana,7,4.4547
curiosos,7,4.4547
complementa,7,4.4547
enguerina,7,4.4547
comprovat,7,4.4547
deslegitimació,7,4.4547
creatives,7,4.4547
realizar,7,4.4547
propuesta,7,4.4547
actuación,7,4.4547
restaurar,7,4.4547
benesiu,7,4.4547
fiol,7,4.4547
meritxell,7,4.4547
sabadell,7,4.4547
castex,7,4.4547
ey,7,4.4547
virtualment,7,4.4547
espentar,7,4.4547
narratives,7,4.4547
experimentació,7,4.4547
retalls,7,4.4547
permetria,7,4.4547
reiterada,7,4.4547
cobrar,7,4.4547
financera,7,4.4547
vigilància,7,4.4547
bacteris,7,4.4547
estratègics,7,4.4547
sostenibilitat,7,4.4547
extraordinaris,7,4.4547
férem,7,4.4547
enriquidora,7,4.4547
ibn,7,4.4547
bromes,7,4.4547
artesanal,7,4.4547
torrevella,7,4.4547
pescadors,7,4.4547
sempere,7,4.4547
professionalitat,7,4.4547
generarà,7,4.4547
reproduït,7,4.4547
passatges,7,4.4547
traça,7,4.4547
crecido,7,4.4547
ambientada,7,4.4547
conduïx,7,4.4547
deixaven,7,4.4547
signar,7,4.4547
redaccions,7,4.4547
signats,7,4.4547
vanguardia,7,4.4547
quarts,7,4.4547
malícia,7,4.4547
cria,7,4.4547
inscriure,7,4.4547
requerida,7,4.4547
ubicació,7,4.4547
depositat,7,4.4547
gimenogràfic,7,4.4547
acompanyarà,7,4.4547
creadores,7,4.4547
culminant,7,4.4547
panoràmica,7,4.4547
repòs,7,4.4547
comprenen,7,4.4547
aragonesos,7,4.4547
afins,7,4.4547
atlas,7,4.4547
aragoneses,7,4.4547
oclusiva,7,4.4547
perfecció,7,4.4547
carrasco,7,4.4547
amenacen,7,4.4547
xicalla,7,4.4547
tertúlies,7,4.4547
pòdcasts,7,4.4547
foraster,7,4.4547
tallava,7,4.4547
bezares,7,4.4547
moble,7,4.4547
mostrant,7,4.4547
recular,7,4.4547
antònims,7,4.4547
adjectiva,7,4.4547
transcendix,7,4.4547
disputa,7,4.4547
abelles,7,4.4547
electrònics,7,4.4547
emotius,7,4.4547
canadenc,7,4.4547
caliu,7,4.4547
lenària,7,4.4547
àlvaro,7,4.4547
titelles,7,4.4547
semblances,7,4.4547
repassar,7,4.4547
almoina,7,4.4547
hostilitat,7,4.4547
enfrontem,7,4.4547
duent,7,4.4547
potencien,7,4.4547
supervisió,7,4.4547
investigación,7,4.4547
tecnologías,7,4.4547
dalmau,7,4.4547
abasta,7,4.4547
vençuts,7,4.4547
amat,7,4.4547
convenients,7,4.4547
concep,7,4.4547
benicull,7,4.4547
benagéber,7,4.4547
teuladí,7,4.4547
incorpore,7,4.4547
presses,7,4.4547
inintel,7,4.4547
estrictes,7,4.4547
fascinant,7,4.4547
contribuïsquen,7,4.4547
grimalt,7,4.4547
professa,7,4.4547
subtils,7,4.4547
capritxosa,7,4.4547
valorarà,7,4.4547
gendre,7,4.4547
mecanoscrits,7,4.4547
stanbrook,7,4.4547
curador,7,4.4547
unien,7,4.4547
enyorada,7,4.4547
narrar,7,4.4547
inclusiu,7,4.4547
disfruten,7,4.4547
monteagudo,7,4.4547
inactivitat,7,4.4547
publique,7,4.4547
obs,7,4.4547
divertida,7,4.4547
informen,7,4.4547
diràs,7,4.4547
superposa,7,4.4547
particularista,7,4.4547
nella,7,4.4547
instantània,7,4.4547
diagnòstics,7,4.4547
sanet,7,4.4547
normalitzats,7,4.4547
maestre,7,4.4547
alqueries,7,4.4547
niño,7,4.4547
llucena,7,4.4547
montroi,7,4.4547
xodos,7,4.4547
demanà,7,4.4547
interpreten,7,4.4547
fitxa,7,4.4547
minvant,7,4.4547
entremig,7,4.4547
llegua,7,4.4547
antena,7,4.4547
alliberament,7,4.4547
demostració,7,4.4547
informat,7,4.4547
xelva,7,4.4547
consoliden,7,4.4547
cable,7,4.4547
liar,7,4.4547
idònia,7,4.4547
contradictòria,7,4.4547
distorsions,7,4.4547
cebrián,7,4.4547
homònim,7,4.4547
sostenia,7,4.4547
introductori,7,4.4547
ociosos,7,4.4547
retirar,7,4.4547
access,7,4.4547
revolucions,7,4.4547
bondadós,7,4.4547
successors,7,4.4547
evoca,7,4.4547
gelada,7,4.4547
portaren,7,4.4547
fabricar,7,4.4547
gastronòmiques,7,4.4547
senzilles,7,4.4547
algímia,7,4.4547
ronsejar,7,4.4547
atmosfèric,7,4.4547
senyes,7,4.4547
andalús,7,4.4547
cosas,7,4.4547
anotar,7,4.4547
geogràficament,7,4.4547
originat,7,4.4547
colòmbia,7,4.4547
benimantell,7,4.4547
ribesalbes,7,4.4547
paranoia,7,4.4547
meta,7,4.4547
ornaments,7,4.4547
rebien,7,4.4547
participaven,7,4.4547
apocalipsi,7,4.4547
representaven,7,4.4547
túnica,7,4.4547
repertoris,7,4.4547
festeig,7,4.4547
sine,7,4.4547
astronòmic,7,4.4547
homosexual,7,4.4547
parental,7,4.4547
parent,7,4.4547
restrictiu,7,4.4547
emparentat,7,4.4547
híbrids,7,4.4547
alcoiana,7,4.4547
coco,7,4.4547
governador,7,4.4547
natzaret,7,4.4547
espines,7,4.4547
condemnat,7,4.4547
pastís,7,4.4547
acumulada,7,4.4547
cascú,7,4.4547
pescar,7,4.4547
acabaria,7,4.4547
sacabutx,7,4.4547
thesaurus,7,4.4547
puerilis,7,4.4547
estirar,7,4.4547
dens,7,4.4547
aneu,7,4.4547
costumista,7,4.4547
adhesius,7,4.4547
convertiren,7,4.4547
introduí,7,4.4547
abruptes,7,4.4547
tortuosos,7,4.4547
inventada,7,4.4547
capell,7,4.4547
equipatge,7,4.4547
camiseta,7,4.4547
penúria,7,4.4547
judea,7,4.4547
argamassa,7,4.4547
emblemàtica,7,4.4547
celestial,7,4.4547
cudols,7,4.4547
inconscient,7,4.4547
elisions,7,4.4547
estrangerisme,7,4.4547
islàmica,7,4.4547
sudan,7,4.4547
afganistan,7,4.4547
consonàntica,7,4.4547
filiació,7,4.4547
traiguerí,7,4.4547
esdrúixola,7,4.4547
registrà,7,4.4547
riqueses,7,4.4547
corones,7,4.4547
vestimenta,7,4.4547
eficaçment,7,4.4547
instauració,7,4.4547
prosperitat,7,4.4547
conseqüentment,7,4.4547
puguem,7,4.4547
desentranyar,7,4.4547
exercida,7,4.4547
salvo,7,4.4547
alternant,7,4.4547
ubicat,7,4.4547
arrelats,7,4.4547
aparences,7,4.4547
discursius,7,4.4547
acrediten,7,4.4547
sembrar,7,4.4547
límetre,7,4.4547
combinada,7,4.4547
cou,7,4.4547
precisos,7,4.4547
alcalá,7,4.4547
biogràfiques,7,4.4547
vinguen,7,4.4547
assimilen,7,4.4547
alberg,7,4.4547
bes,7,4.4547
caçadors,7,4.4547
xicotets,7,4.4547
arribaran,7,4.4547
lineal,7,4.4547
judeocristiana,7,4.4547
qualque,7,4.4547
erosió,7,4.4547
imprevisible,7,4.4547
ant,7,4.4547
consent,7,4.4547
fuga,7,4.4547
vici,7,4.4547
animadversió,7,4.4547
catalanisme,7,4.4547
hostil,7,4.4547
criticar,7,4.4547
inconvenient,7,4.4547
interrogants,7,4.4547
acceptem,7,4.4547
claude,7,4.4547
burla,7,4.4547
alimentaris,7,4.4547
peninsular,7,4.4547
ʎ,7,4.4547
aglutinen,7,4.4547
confós,7,4.4547
indistinta,7,4.4547
israelites,7,4.4547
dispersa,7,4.4547
abraçar,7,4.4547
definitiu,7,4.4547
passiu,7,4.4547
retruc,7,4.4547
indefinidament,7,4.4547
reputació,7,4.4547
sexualitat,7,4.4547
alcorà,7,4.4547
forasters,7,4.4547
subtil,7,4.4547
reduïa,7,4.4547
constituïen,7,4.4547
sabent,7,4.4547
pegant,7,4.4547
associant,7,4.4547
judia,7,4.4547
passaria,7,4.4547
sospita,7,4.4547
temporada,7,4.4547
obligats,7,4.4547
encomana,7,4.4547
transaccions,7,4.4547
fornicar,7,4.4547
originàries,7,4.4547
assimilada,7,4.4547
burlar,7,4.4547
propensió,7,4.4547
necis,7,4.4547
burgos,7,4.4547
persistix,7,4.4547
blanquinós,7,4.4547
mànegues,7,4.4547
ovella,7,4.4547
revelador,7,4.4547
depurar,7,4.4547
sinècdoque,7,4.4547
crucial,7,4.4547
piràmide,7,4.4547
noé,7,4.4547
aurèola,7,4.4547
enfora,7,4.4547
substituïx,7,4.4547
incapaços,7,4.4547
tastar,7,4.4547
sensacions,7,4.4547
gastronòmic,7,4.4547
exòtic,7,4.4547
convençuda,7,4.4547
almussafes,7,4.4547
remota,7,4.4547
plantejava,7,4.4547
viceversa,7,4.4547
doblegar,7,4.4547
generosa,7,4.4547
sacrificis,7,4.4547
evidències,7,4.4547
obediència,7,4.4547
advertiment,7,4.4547
jeràrquica,7,4.4547
ètics,7,4.4547
urgències,7,4.4547
proclius,7,4.4547
gastat,7,4.4547
aprofiten,7,4.4547
fembra,7,4.4547
administrar,7,4.4547
practicada,7,4.4547
macabre,7,4.4547
inserció,7,4.4547
bullent,7,4.4547
temples,7,4.4547
perdé,7,4.4547
protectora,7,4.4547
tempestat,7,4.4547
bis,7,4.4547
after,7,4.4547
funest,7,4.4547
atribuïa,7,4.4547
folklòrica,7,4.4547
dejuni,7,4.4547
purificar,7,4.4547
mercaderies,7,4.4547
heli,7,4.4547
orientatiu,7,4.4547
pictòriques,7,4.4547
perepunyetes,7,4.4547
accelerat,7,4.4547
perceptible,7,4.4547
clavar,7,4.4547
cucó,7,4.4547
havies,7,4.4547
investigar,7,4.4547
belenguer,7,4.4547
habiten,7,4.4547
llançat,7,4.4547
natalis,7,4.4547
nadals,7,4.4547
pecuniari,7,4.4547
revitalització,7,4.4547
quedara,7,4.4547
emigrants,7,4.4547
atra,7,4.4547
aygua,7,4.4547
lusc,7,4.4547
mars,7,4.4547
tropicals,7,4.4547
alcora,7,4.4547
crua,7,4.4547
saduceu,7,4.4547
neguen,7,4.4547
narrava,7,4.4547
invasió,7,4.4547
brines,7,4.4547
perseguir,7,4.4547
then,7,4.4547
ambivalència,7,4.4547
trifulca,7,4.4547
enlaire,7,4.4547
proveït,7,4.4547
honoris,7,4.4547
ressonàncies,7,4.4547
delicat,7,4.4547
manco,7,4.4547
interpreta,7,4.4547
islamofòbia,7,4.4547
homofòbia,7,4.4547
integrant,7,4.4547
véns,7,4.4547
gamma,7,4.4547
disgust,7,4.4547
regnat,7,4.4547
jàssena,7,4.4547
biga,7,4.4547
main,7,4.4547
pastura,7,4.4547
lica,7,4.4547
immund,7,4.4547
anteposant,7,4.4547
ð,7,4.4547
comestibles,7,4.4547
provisions,7,4.4547
llenya,7,4.4547
llegia,7,4.4547
generà,7,4.4547
pobra,7,4.4547
immiscir,7,4.4547
pergamins,7,4.4547
comptabilitat,7,4.4547
sagra,7,4.4547
definides,7,4.4547
falses,7,4.4547
abdomen,7,4.4547
dedicà,7,4.4547
obtenció,7,4.4547
cuixa,7,4.4547
cantaven,7,4.4547
eres,7,4.4547
líders,7,4.4547
mosquits,7,4.4547
expulsar,7,4.4547
tallant,7,4.4547
pinar,7,4.4547
entranyable,7,4.4547
arrugues,7,4.4547
granera,7,4.4547
irlandés,7,4.4547
anticipar,7,4.4547
llarguíssima,7,4.4547
ofendre,7,4.4547
robust,7,4.4547
porfídia,7,4.4547
jurament,7,4.4547
substituïsca,7,4.4547
bassal,7,4.4547
festejar,7,4.4547
brasiler,7,4.4547
samuel,7,4.4547
intentarem,7,4.4547
gallina,7,4.4547
extremes,7,4.4547
especialitzant,7,4.4547
divinitats,7,4.4547
propaganda,7,4.4547
emesos,7,4.4547
fossilitzats,7,4.4547
microorganismes,7,4.4547
flexibilitat,7,4.4547
transformant,7,4.4547
anàlegs,7,4.4547
instituïda,7,4.4547
fires,7,4.4547
ordenances,7,4.4547
feix,7,4.4547
custòdia,7,4.4547
projectat,7,4.4547
ceres,7,4.4547
difonent,7,4.4547
lenni,7,4.4547
exagerada,7,4.4547
apostes,7,4.4547
representatiu,7,4.4547
plora,7,4.4547
indiferència,7,4.4547
egipci,7,4.4547
fabulós,7,4.4547
abocat,7,4.4547
toponímiques,7,4.4547
dissipar,7,4.4547
espectaculars,7,4.4547
anous,7,4.4547
recepta,7,4.4547
permanentment,7,4.4547
reiteració,7,4.4547
tenebres,7,4.4547
litúrgica,7,4.4547
triangular,7,4.4547
resar,7,4.4547
duu,7,4.4547
celebrava,7,4.4547
sagrament,7,4.4547
massalavés,7,4.4547
practicat,7,4.4547
xapata,7,4.4547
crosta,7,4.4547
oculta,7,4.4547
xancla,7,4.4547
simultània,7,4.4547
vés,7,4.4547
factible,7,4.4547
costes,7,4.4547
bens,7,4.4547
anotació,7,4.4547
girar,7,4.4547
tiges,7,4.4547
exponent,7,4.4547
vellut,7,4.4547
arcaic,7,4.4547
galeries,7,4.4547
tumult,7,4.4547
indignació,7,4.4547
provocava,7,4.4547
ràfega,7,4.4547
tsunami,7,4.4547
popularitzà,7,4.4547
fiar,7,4.4547
trident,7,4.4547
líder,7,4.4547
trasto,7,4.4547
peset,7,4.4547
tramús,7,4.4547
amarg,7,4.4547
nové,7,4.4547
mantenien,7,4.4547
tòtem,7,4.4547
primitives,7,4.4547
coincident,7,4.4547
blai,7,4.4547
gloriós,7,4.4547
legislacions,7,4.4547
ametles,7,4.4547
testaferro,7,4.4547
raonament,7,4.4547
automòbil,7,4.4547
sencera,7,4.4547
confirmació,7,4.4547
pertot,7,4.4547
químiques,7,4.4547
incompleta,7,4.4547
superflu,7,4.4547
suïcidi,7,4.4547
succedani,7,4.4547
subliminar,7,4.4547
obtingué,7,4.4547
soliloqui,7,4.4547
mites,7,4.4547
pendre,7,4.4547
marítim,7,4.4547
sinusoidal,7,4.4547
concurrència,7,4.4547
acrònim,7,4.4547
dama,7,4.4547
sexta,7,4.4547
muntatge,7,4.4547
regadiu,7,4.4547
ètniques,7,4.4547
par,7,4.4547
semàfor,7,4.4547
desplaçat,7,4.4547
acurtada,7,4.4547
advocació,7,4.4547
atemptat,7,4.4547
salari,7,4.4547
diluïda,7,4.4547
incidències,7,4.4547
tons,7,4.4547
rufià,7,4.4547
immemorials,7,4.4547
miserable,7,4.4547
perjudicial,7,4.4547
pixar,7,4.4547
trens,7,4.4547
exclòs,7,4.4547
infondre,7,4.4547
funcionava,7,4.4547
reduplicació,7,4.4547
desmemòria,7,4.4547
rims,7,4.4547
borsa,7,4.4547
refugiat,7,4.4547
provençal,7,4.4547
manifestava,7,4.4547
vereda,7,4.4547
ravatxol,7,4.4547
racional,7,4.4547
rames,7,4.4547
subterrània,7,4.4547
elidir,7,4.4547
mana,7,4.4547
púding,7,4.4547
bescuit,7,4.4547
prejutjar,7,4.4547
precipici,7,4.4547
oferia,7,4.4547
porrat,7,4.4547
facilite,7,4.4547
pòquer,7,4.4547
escrúpols,7,4.4547
pneumònia,7,4.4547
ploramiques,7,4.4547
plàtan,7,4.4547
coordina,7,4.4547
suscita,7,4.4547
patum,7,4.4547
paraguaià,7,4.4547
paraguai,7,4.4547
degudes,7,4.4547
rutina,7,4.4547
dell,7,4.4547
pantalà,7,4.4547
filipines,7,4.4547
gastronòmica,7,4.4547
intermedi,7,4.4547
residual,7,4.4547
irònicament,7,4.4547
combinats,7,4.4547
formalitzar,7,4.4547
convertia,7,4.4547
hèrcules,7,4.4547
friedrich,7,4.4547
credibilitat,7,4.4547
mamífers,7,4.4547
advertia,7,4.4547
fantàstic,7,4.4547
mesquí,7,4.4547
cultivada,7,4.4547
agra,7,4.4547
matraca,7,4.4547
master,7,4.4547
volgué,7,4.4547
marx,7,4.4547
marmota,7,4.4547
negat,7,4.4547
marjals,7,4.4547
fauna,7,4.4547
contradictori,7,4.4547
escurar,7,4.4547
pioner,7,4.4547
hotels,7,4.4547
graníssol,7,4.4547
meteorològics,7,4.4547
evolucionant,7,4.4547
concedix,7,4.4547
sinergies,7,4.4547
races,7,4.4547
passejada,7,4.4547
marítimes,7,4.4547
honors,7,4.4547
catecisme,7,4.4547
fonedís,7,4.4547
vestigi,7,4.4547
teòrica,7,4.4547
farol,7,4.4547
inútils,7,4.4547
sella,7,4.4547
esmerçar,7,4.4547
esglaiar,7,4.4547
baixant,7,4.4547
bucal,7,4.4547
escombrar,7,4.4547
escarnir,7,4.4547
escardussó,7,4.4547
coneixedors,7,4.4547
eixugadora,7,4.4547
maldat,7,4.4547
desé,7,4.4547
díhuit,7,4.4547
augmentatius,7,4.4547
crisantem,7,4.4547
retraure,7,4.4547
creïlla,7,4.4547
ulleres,7,4.4547
toscà,7,4.4547
integritat,7,4.4547
cuerpo,7,4.4547
entenien,7,4.4547
estaba,7,4.4547
orgànic,7,4.4547
aclaparadora,7,4.4547
dimitir,7,4.4547
alternatius,7,4.4547
bragueta,7,4.4547
deliri,7,4.4547
atarantar,7,4.4547
assertivitat,7,4.4547
assassí,7,4.4547
falca,7,4.4547
altament,7,4.4547
argentí,7,4.4547
adult,7,4.4547
verticals,7,4.4547
come,7,4.4547
agrupa,7,4.4547
restituir,7,4.4547
horitzontals,7,4.4547
dien,7,4.4547
eixamplat,7,4.4547
jaure,7,4.4547
allipebre,7,4.4547
correccions,7,4.4547
assenta,7,4.4547
retard,7,4.4547
ampul,7,4.4547
sociològiques,7,4.4547
trapatroles,7,4.4547
iste,7,4.4547
liberalisme,7,4.4547
talibà,7,4.4547
universalitat,7,4.4547
laics,7,4.4547
unicorn,7,4.4547
pretensió,7,4.4547
udolar,7,4.4547
vespa,7,4.4547
conurbació,7,4.4547
verda,7,4.4547
neutralització,7,4.4547
reduplicatius,7,4.4547
cala,7,4.4547
admés,7,4.4547
zebra,7,4.4547
universals,7,4.4547
quiròfan,7,4.4547
intuïció,7,4.4547
muses,7,4.4547
plagi,7,4.4547
piscolabis,7,4.4547
perimetral,7,4.4547
perdiu,7,4.4547
orgullós,7,4.4547
hebrea,7,4.4547
faura,7,4.4547
roll,7,4.4547
pallasso,7,4.4547
pàdel,7,4.4547
ostracisme,7,4.4547
directius,7,4.4547
opereta,7,4.4547
opera,7,4.4547
onanisme,7,4.4547
oligarquia,7,4.4547
núbil,7,4.4547
nominar,7,4.4547
detecten,7,4.4547
femenines,7,4.4547
halloween,7,4.4547
monestrell,7,4.4547
místic,7,4.4547
marginació,7,4.4547
milpeus,7,4.4547
metgessa,7,4.4547
marmessor,7,4.4547
soldat,7,4.4547
fenoll,7,4.4547
malson,7,4.4547
llevantança,7,4.4547
blanquejar,7,4.4547
tambor,7,4.4547
line,7,4.4547
rocós,7,4.4547
kafkià,7,4.4547
rosetta,7,4.4547
jaumet,7,4.4547
intelligence,7,4.4547
huelva,7,4.4547
bressol,7,4.4547
times,7,4.4547
mínimes,7,4.4547
devolució,7,4.4547
eventual,7,4.4547
hijab,7,4.4547
elèctric,7,4.4547
hermenèutica,7,4.4547
galileu,7,4.4547
acaparar,7,4.4547
extreta,7,4.4547
dimissió,7,4.4547
mitològics,7,4.4547
grévol,7,4.4547
gepa,7,4.4547
gemecar,7,4.4547
garbí,7,4.4547
gandul,7,4.4547
defugir,7,4.4547
feréstec,7,4.4547
feminicidi,7,4.4547
febrero,7,4.4547
fatxa,7,4.4547
fatu,7,4.4547
fartar,7,4.4547
faristol,7,4.4547
radicats,7,4.4547
fragilitat,7,4.4547
dinamitzar,7,4.4547
fantotxe,7,4.4547
modificant,7,4.4547
modifique,7,4.4547
excusat,7,4.4547
estultícia,7,4.4547
africà,7,4.4547
eòlic,7,4.4547
enervar,7,4.4547
energumen,7,4.4547
enconar,7,4.4547
ofegar,7,4.4547
eixorc,7,4.4547
ectoplasma,7,4.4547
labs,7,4.4547
diabetis,7,4.4547
desfibril,7,4.4547
direccionalitat,7,4.4547
desfeta,7,4.4547
estables,7,4.4547
compacta,7,4.4547
cisa,7,4.4547
cigró,7,4.4547
cataclisme,7,4.4547
carrusel,7,4.4547
disposats,7,4.4547
funcionalment,7,4.4547
jaqueta,7,4.4547
caqui,7,4.4547
canceller,7,4.4547
calamar,7,4.4547
adveniment,7,4.4547
rellegir,7,4.4547
adrenalina,7,4.4547
hac,7,4.4547
almoines,7,4.4547
bus,7,4.4547
bufanúvols,7,4.4547
boicot,7,4.4547
blindar,7,4.4547
blasfèmia,7,4.4547
berbena,7,4.4547
registrades,7,4.4547
beceroles,7,4.4547
batistot,7,4.4547
bateria,7,4.4547
batall,7,4.4547
transitòriament,7,4.4547
bambar,7,4.4547
baladre,7,4.4547
bac,7,4.4547
sɛ,7,4.4547
sépia,7,4.4547
ós,7,4.4547
pɔ,7,4.4547
subs,7,4.4547
subscriure,7,4.4547
organitzador,7,4.4547
nn,7,4.4547
ri,7,4.4547
gu,7,4.4547
accentuen,7,4.4547
esdrúixols,7,4.4547
lès,7,4.4547
cafè,7,4.4547
demarcativa,7,4.4547
pseudònims,7,4.4547
consonàntiques,7,4.4547
senzills,7,4.4547
incisos,7,4.4547
numèriques,7,4.4547
certifique,7,4.4547
onomatopeies,7,4.4547
flexiva,7,4.4547
integrades,7,4.4547
classificacions,7,4.4547
líptic,7,4.4547
impersonals,7,4.4547
especificitats,7,4.4547
finita,7,4.4547
anteposar,7,4.4547
elidix,7,4.4547
dislocat,7,4.4547
benirredrà,7,4.4547
contenta,7,4.4547
holandesa,7,4.4547
analitzades,7,4.4547
salzadella,7,4.4547
besora,7,4.4547
haia,7,4.4547
txad,7,4.4547
intensius,7,4.4547
aproximada,7,4.4547
altri,7,4.4547
afirmatiu,7,4.4547
prosòdica,7,4.4547
binàries,7,4.4547
epígrafs,7,4.4547
exclamativa,7,4.4547
causals,7,4.4547
idiosincràtic,7,4.4547
horitzontal,7,4.4547
diferenciats,7,4.4547
satisfets,7,4.4547
vens,7,4.4547
velaritzades,7,4.4547
lamente,7,4.4547
caldre,7,4.4547
valoratius,7,4.4547
productivitat,7,4.4547
exocèntrics,7,4.4547
coordinants,7,4.4547
prenguen,7,4.4547
revest,7,4.4547
optimitzar,7,4.4547
priorització,7,4.4547
parlo,7,4.4547
ossa,7,4.4547
tutorial,7,4.4547
mostraran,7,4.4547
ɾta,7,4.4547
tornes,7,4.4547
escorial,7,4.4547
bellreguard,7,4.4547
express,7,4.4547
bonrepòs,7,4.4547
mirambell,7,4.4547
prestigiosos,7,4.4547
calderó,7,4.4547
marisc,7,4.4547
patronal,7,4.4547
demanada,7,4.4547
assegure,7,4.4547
lament,7,4.4547
maset,7,4.4547
respecten,7,4.4547
declare,7,4.4547
nevera,7,4.4547
perifèria,7,4.4547
organitzadors,7,4.4547
intervé,7,4.4547
comence,7,4.4547
calles,7,4.4547
tipologies,7,4.4547
segell,7,4.4547
reclamat,7,4.4547
contràries,7,4.4547
alcaldes,7,4.4547
quedarà,7,4.4547
espectador,7,4.4547
efectuades,7,4.4547
implicava,7,4.4547
amplien,7,4.4547
traslladarà,7,4.4547
minguet,7,4.4547
recordarà,7,4.4547
qüestionar,7,4.4547
pronunciaments,7,4.4547
fragmentació,7,4.4547
benestant,7,4.4547
mujeres,7,4.4547
lesa,7,4.4547
cronològica,7,4.4547
decidixen,7,4.4547
especialitats,7,4.4547
prioritaris,7,4.4547
suggeriment,7,4.4547
quatretondeta,7,4.4547
penàguila,7,4.4547
escalas,7,4.4547
fundacional,7,4.4547
argumentació,7,4.4547
discòrdia,7,4.4547
colofó,7,4.4547
fuset,7,4.4547
antropòleg,7,4.4547
briz,7,4.4547
bodoque,7,4.4547
defunció,7,4.4547
organitzant,7,4.4547
filelfo,7,4.4547
visconti,7,4.4547
servidors,7,4.4547
cornell,7,4.4547
literario,7,4.4547
dedicatòria,7,4.4547
tunis,7,4.4547
fontanals,7,4.4547
gaudeix,7,4.4547
più,7,4.4547
buonissima,7,4.4547
tutte,7,4.4547
ogni,7,4.4547
paolo,7,4.4547
íñigo,7,4.4547
avalos,7,4.4547
guevara,7,4.4547
po,7,4.4547
valladolid,7,4.4547
entès,7,4.4547
catalanoparlants,7,4.4547
cava,7,4.4547
peter,7,4.4547
novo,7,4.4547
magnánimo,7,4.4547
life,7,4.4547
racv,7,4.4547
alejandro,7,4.4547
apta,7,4.4547
icv,7,4.4547
formación,7,4.4547
fecha,7,4.4547
coautors,7,4.4547
publicaven,7,4.4547
mirava,7,4.4547
tinent,7,4.4547
asturiana,7,4.4547
conservaran,7,4.4547
opose,7,4.4547
revocat,7,4.4547
accepten,7,4.4547
millán,7,4.4547
prioritàries,7,4.4547
notas,7,4.4547
entorno,7,4.4547
godes,7,4.4547
gestors,7,4.4547
books,7,4.4547
metodològic,7,4.4547
comparat,7,4.4547
network,7,4.4547
ideas,7,4.4547
quebec,7,4.4547
nacionalismes,7,4.4547
gramaticalització,7,4.4547
contemporary,7,4.4547
issues,7,4.4547
history,7,4.4547
mediació,7,4.4547
discourse,7,4.4547
debates,7,4.4547
económica,7,4.4547
holandés,7,4.4547
williams,7,4.4547
selección,7,4.4547
funden,7,4.4547
ubiquen,7,4.4547
valores,7,4.4547
càrcer,7,4.4547
corbera,7,4.4547
salinas,7,4.4547
serratella,7,4.4547
puçol,7,4.4547
enguita,7,4.4547
quotidianament,7,4.4547
racionalitat,7,4.4547
licitarà,7,4.4547
capitol,7,4.4547
ordinàries,7,4.4547
aprove,7,4.4547
adscrits,7,4.4547
prevists,7,4.4547
millorat,7,4.4547
gramática,7,4.4547
organisation,7,4.4547
dicha,7,4.4547
siscar,7,4.4547
lemosina,7,4.4547
montaña,7,4.4547
cómo,7,4.4547
obstante,7,4.4547
sean,7,4.4547
ciudades,7,4.4547
tenido,7,4.4547
elemento,7,4.4547
restantes,7,4.4547
legislación,7,4.4547
habitantes,7,4.4547
época,7,4.4547
ningún,7,4.4547
pueblo,7,4.4547
establecer,7,4.4547
refiere,7,4.4547
respectivamente,7,4.4547
tendrá,7,4.4547
correspondientes,7,4.4547
seno,7,4.4547
convoquen,7,4.4547
mismas,7,4.4547
conocimientos,7,4.4547
posesión,7,4.4547
respectivas,7,4.4547
comunique,7,4.4547
establisquen,7,4.4547
aeroports,7,4.4547
eficaces,7,4.4547
unitàries,7,4.4547
normalitzadora,7,4.4547
asimètricament,7,4.4547
marcs,7,4.4547
assumisquen,7,4.4547
adequacions,7,4.4547
adients,7,4.4547
correlativa,7,4.4547
usaran,7,4.4547
assenyalava,7,4.4547
nacimiento,7,4.4547
competente,7,4.4547
ayudas,7,4.4547
valoración,7,4.4547
periodo,7,4.4547
distribución,7,4.4547
procedimiento,7,4.4547
plazo,7,4.4547
utilitzaran,7,4.4547
assenyalada,7,4.4547
etiquetatge,7,4.4547
nacionalitats,7,4.4547
asimismo,7,4.4547
immigrats,7,4.4547
cobra,7,4.4547
limitación,7,4.4547
orgánica,7,4.4547
importantes,7,4.4547
patrimonio,7,4.4547
presidencia,7,4.4547
académicas,7,4.4547
supuesto,7,4.4547
atorgant,7,4.4547
cuarto,7,4.4547
administrativo,7,4.4547
sexista,7,4.4547
formas,7,4.4547
servicios,7,4.4547
impartits,7,4.4547
tutors,7,4.4547
augmente,7,4.4547
presentadors,7,4.4547
heavy,7,4.4547
llen,7,4.4547
tica,7,4.4547
regularitat,7,4.4547
bielorús,7,4.4547
eslovac,7,4.4547
lituà,7,4.4547
marino,7,4.4547
what,7,4.4547
does,7,4.4547
point,7,4.4547
speak,7,4.4547
inch,7,4.4547
casals,7,4.4547
micròfon,7,4.4547
corregida,7,4.4547
ruaix,7,4.4547
esadir,7,4.4547
contractacions,7,4.4547
suﬁcients,7,4.4547
qualiﬁcadora,7,4.4547
justiﬁcar,7,4.4547
ﬁgures,7,4.4547
nations,7,4.4547
educational,7,4.4547
organization,7,4.4547
bnc,7,4.4547
rev,7,4.4547
signiﬁca,7,4.4547
conﬁança,7,4.4547
colegio,7,4.4547
calp,7,4.4547
canyada,7,4.4547
figueroles,7,4.4547
otfozbnfou,7,4.4547
aprovaren,7,4.4547
gvuvs,7,4.4547
introdueix,7,4.4547
controla,7,4.4547
accentua,7,4.4547
boom,7,4.4547
oblidem,7,4.4547
cooﬁcials,7,4.4547
diﬁcultats,7,4.4547
potencials,7,4.4547
convergir,7,4.4547
desenvolupades,7,4.4547
hoc,7,4.4547
converteix,7,4.4547
multilingüismo,7,4.4547
básicos,7,4.4547
plv,7,4.4547
lencià,7,4.4547
kveft,7,4.4547
augments,7,4.4547
demolingüística,7,4.4547
atur,7,4.4547
poblacional,7,4.4547
nouvinguda,7,4.4547
hablaban,7,4.4547
permiten,7,4.4547
familia,7,4.4547
adreçats,7,4.4547
tessitura,7,4.4547
voluntarisme,7,4.4547
compleixen,7,4.4547
alianza,7,4.4547
estudiantat,7,4.4547
elecciones,7,4.4547
estrets,7,4.4547
fedataris,7,4.4547
tradueix,7,4.4547
catalanista,7,4.4547
vehiculació,7,4.4547
solistes,7,4.4547
paràmetre,7,4.4547
discogràﬁca,7,4.4547
mestissatge,7,4.4547
nando,7,4.4547
globalización,7,4.4547
ritualització,7,4.4547
collet,7,4.4547
petits,7,4.4547
buades,7,4.4547
religiosas,7,4.4547
catequesi,7,4.4547
mayoral,7,4.4547
diocesana,7,4.4547
heterogeneïtat,7,4.4547
glocalització,7,4.4547
frisó,7,4.4547
linux,7,4.4547
factores,7,4.4547
económico,7,4.4547
debido,7,4.4547
efectivo,7,4.4547
apoyo,7,4.4547
década,7,4.4547
allá,7,4.4547
locales,7,4.4547
llega,7,4.4547
aprender,7,4.4547
significativo,7,4.4547
empresas,7,4.4547
necesarias,7,4.4547
valoraciones,7,4.4547
criterio,7,4.4547
constituye,7,4.4547
reflexión,7,4.4547
during,7,4.4547
normalisation,7,4.4547
especially,7,4.4547
schools,7,4.4547
programmes,7,4.4547
among,7,4.4547
would,7,4.4547
while,7,4.4547
increasing,7,4.4547
planning,7,4.4547
companies,7,4.4547
religious,7,4.4547
members,7,4.4547
church,7,4.4547
jdfou,7,4.4547
retroceso,7,4.4547
abeurador,7,4.4547
clotada,7,4.4547
clotxa,7,4.4547
mota,7,4.4547
juncar,7,4.4547
basaguren,7,4.4547
loiarte,7,4.4547
neerlandòfons,7,4.4547
јазик,7,4.4547
elf,7,4.4547
autres,7,4.4547
decisión,7,4.4547
tinguin,7,4.4547
tratados,7,4.4547
adhesión,7,4.4547
doue,7,4.4547
miembro,7,4.4547
imponer,7,4.4547
negativas,7,4.4547
eran,7,4.4547
gallegos,7,4.4547
castellanohablantes,7,4.4547
amplio,7,4.4547
profundamente,7,4.4547
sociedade,7,4.4547
realmente,7,4.4547
aprendido,7,4.4547
marzo,7,4.4547
estándar,7,4.4547
lavratti,7,4.4547
humanístic,6,3.8183
pensades,6,3.8183
mires,6,3.8183
treballe,6,3.8183
emana,6,3.8183
revertir,6,3.8183
doctorar,6,3.8183
intrínseca,6,3.8183
acosten,6,3.8183
vitòria,6,3.8183
fomenten,6,3.8183
interactuar,6,3.8183
toqueu,6,3.8183
desena,6,3.8183
efemèrides,6,3.8183
teòric,6,3.8183
extraescolars,6,3.8183
marisol,6,3.8183
elegància,6,3.8183
elaborant,6,3.8183
vinarossenc,6,3.8183
encapçalats,6,3.8183
plafó,6,3.8183
prolífica,6,3.8183
caracteritzaren,6,3.8183
projectada,6,3.8183
valéncia,6,3.8183
abstencions,6,3.8183
justifique,6,3.8183
aliat,6,3.8183
comesa,6,3.8183
barbuda,6,3.8183
bahrain,6,3.8183
fermament,6,3.8183
oposar,6,3.8183
verificar,6,3.8183
grava,6,3.8183
celebrades,6,3.8183
contrastiva,6,3.8183
numerari,6,3.8183
descàrrega,6,3.8183
visor,6,3.8183
continga,6,3.8183
accedix,6,3.8183
interesse,6,3.8183
cardiff,6,3.8183
bernabé,6,3.8183
turística,6,3.8183
clausura,6,3.8183
setmanalment,6,3.8183
tertúlia,6,3.8183
barrancada,6,3.8183
sollana,6,3.8183
matemàtic,6,3.8183
complixen,6,3.8183
periodicitat,6,3.8183
tiratge,6,3.8183
consistoris,6,3.8183
barrancs,6,3.8183
facilitats,6,3.8183
defensat,6,3.8183
momentos,6,3.8183
elsa,6,3.8183
finestres,6,3.8183
confeccionant,6,3.8183
trossos,6,3.8183
provar,6,3.8183
originalment,6,3.8183
manifestant,6,3.8183
convuls,6,3.8183
triomfen,6,3.8183
libres,6,3.8183
tragèdies,6,3.8183
gaza,6,3.8183
mercuri,6,3.8183
protegida,6,3.8183
sobirania,6,3.8183
ambientals,6,3.8183
confessar,6,3.8183
rambleta,6,3.8183
patint,6,3.8183
pateix,6,3.8183
emprem,6,3.8183
facilitant,6,3.8183
durs,6,3.8183
abad,6,3.8183
alberola,6,3.8183
belén,6,3.8183
lourdes,6,3.8183
bolta,6,3.8183
bonet,6,3.8183
brotons,6,3.8183
begonya,6,3.8183
espí,6,3.8183
urban,6,3.8183
moncho,6,3.8183
morales,6,3.8183
morell,6,3.8183
àngela,6,3.8183
aguado,6,3.8183
reus,6,3.8183
sanç,6,3.8183
llogaret,6,3.8183
satorres,6,3.8183
citant,6,3.8183
eminent,6,3.8183
antología,6,3.8183
modèstia,6,3.8183
filòloga,6,3.8183
agraint,6,3.8183
prometre,6,3.8183
tombar,6,3.8183
defenent,6,3.8183
exportació,6,3.8183
aras,6,3.8183
solo,6,3.8183
inviable,6,3.8183
illencs,6,3.8183
adrover,6,3.8183
benejam,6,3.8183
bagunyà,6,3.8183
cedó,6,3.8183
banyoles,6,3.8183
rafart,6,3.8183
mediadors,6,3.8183
programaran,6,3.8183
inspiradors,6,3.8183
retrats,6,3.8183
terrat,6,3.8183
reimpressió,6,3.8183
estudiosa,6,3.8183
escritura,6,3.8183
llunyans,6,3.8183
extensos,6,3.8183
exacadèmica,6,3.8183
figuraven,6,3.8183
arreplegava,6,3.8183
ocórrega,6,3.8183
emergent,6,3.8183
nutrients,6,3.8183
preescolar,6,3.8183
microscopi,6,3.8183
afavorix,6,3.8183
sentiren,6,3.8183
sopes,6,3.8183
inca,6,3.8183
manacor,6,3.8183
pintar,6,3.8183
diada,6,3.8183
après,6,3.8183
perduren,6,3.8183
inquiet,6,3.8183
polièdrica,6,3.8183
reblar,6,3.8183
estimava,6,3.8183
senabre,6,3.8183
confraries,6,3.8183
lucre,6,3.8183
formaran,6,3.8183
elaborarà,6,3.8183
recopilada,6,3.8183
apareixeran,6,3.8183
agrupats,6,3.8183
sostreta,6,3.8183
minoració,6,3.8183
pressupostàries,6,3.8183
aprovava,6,3.8183
reduint,6,3.8183
rebaixa,6,3.8183
percentual,6,3.8183
sumant,6,3.8183
decidisca,6,3.8183
reeditat,6,3.8183
reivindicativa,6,3.8183
burgés,6,3.8183
retrata,6,3.8183
evolucionar,6,3.8183
dignes,6,3.8183
guardià,6,3.8183
declarava,6,3.8183
reeixir,6,3.8183
movimiento,6,3.8183
fotogràfic,6,3.8183
bausset,6,3.8183
diálogo,6,3.8183
idiosincràsia,6,3.8183
alcen,6,3.8183
evolucions,6,3.8183
registral,6,3.8183
cacau,6,3.8183
inadequat,6,3.8183
borda,6,3.8183
panís,6,3.8183
extinta,6,3.8183
desitgem,6,3.8183
forques,6,3.8183
laborarà,6,3.8183
partitura,6,3.8183
feminista,6,3.8183
helena,6,3.8183
rosario,6,3.8183
indubtablement,6,3.8183
comparar,6,3.8183
recoberta,6,3.8183
conformant,6,3.8183
contada,6,3.8183
escèptica,6,3.8183
fars,6,3.8183
extrets,6,3.8183
cega,6,3.8183
torrents,6,3.8183
radiografien,6,3.8183
speech,6,3.8183
dcvb,6,3.8183
eliminació,6,3.8183
detallades,6,3.8183
asseverar,6,3.8183
militància,6,3.8183
epíleg,6,3.8183
investigat,6,3.8183
vehiculen,6,3.8183
transcorre,6,3.8183
premia,6,3.8183
ponç,6,3.8183
moderador,6,3.8183
mirall,6,3.8183
xiques,6,3.8183
antologies,6,3.8183
autopista,6,3.8183
detecta,6,3.8183
conten,6,3.8183
benijófar,6,3.8183
losa,6,3.8183
alpuente,6,3.8183
amalgama,6,3.8183
mogut,6,3.8183
amplitud,6,3.8183
riuà,6,3.8183
pantanà,6,3.8183
saba,6,3.8183
competició,6,3.8183
absorbir,6,3.8183
carboni,6,3.8183
suposadament,6,3.8183
tast,6,3.8183
combustible,6,3.8183
sintètic,6,3.8183
sociolingüista,6,3.8183
seguirà,6,3.8183
excursionista,6,3.8183
iruña,6,3.8183
distingit,6,3.8183
culminació,6,3.8183
caroig,6,3.8183
extensiva,6,3.8183
lloar,6,3.8183
enriquixen,6,3.8183
conega,6,3.8183
aes,6,3.8183
llotja,6,3.8183
palmar,6,3.8183
tesa,6,3.8183
monfort,6,3.8183
agraïts,6,3.8183
plantejades,6,3.8183
identificats,6,3.8183
díctic,6,3.8183
desplegant,6,3.8183
accelerar,6,3.8183
paraigua,6,3.8183
governança,6,3.8183
digitalització,6,3.8183
desenvolupats,6,3.8183
dossiers,6,3.8183
solsona,6,3.8183
cecília,6,3.8183
ocells,6,3.8183
obscurs,6,3.8183
diable,6,3.8183
crucificat,6,3.8183
incondicional,6,3.8183
emergir,6,3.8183
dota,6,3.8183
sentint,6,3.8183
encaixa,6,3.8183
torne,6,3.8183
caudiel,6,3.8183
atribuint,6,3.8183
almoradí,6,3.8183
albatera,6,3.8183
estalviar,6,3.8183
abreviades,6,3.8183
diferix,6,3.8183
discrepància,6,3.8183
competitiu,6,3.8183
abasten,6,3.8183
mereixia,6,3.8183
homenatjats,6,3.8183
nets,6,3.8183
amena,6,3.8183
quico,6,3.8183
soterrat,6,3.8183
pergamí,6,3.8183
invocat,6,3.8183
caiga,6,3.8183
volíem,6,3.8183
estand,6,3.8183
roïns,6,3.8183
euro,6,3.8183
rosella,6,3.8183
twitch,6,3.8183
mencionats,6,3.8183
afluència,6,3.8183
acostada,6,3.8183
perícia,6,3.8183
programen,6,3.8183
justifiquen,6,3.8183
redunda,6,3.8183
preocupants,6,3.8183
portuària,6,3.8183
esperaven,6,3.8183
minva,6,3.8183
alié,6,3.8183
farien,6,3.8183
nucs,6,3.8183
negrals,6,3.8183
nieves,6,3.8183
moixent,6,3.8183
montitxelvo,6,3.8183
orpesa,6,3.8183
peñíscola,6,3.8183
benitatxell,6,3.8183
maçanes,6,3.8183
villafranca,6,3.8183
vilallonga,6,3.8183
villalonga,6,3.8183
xilxes,6,3.8183
inaugura,6,3.8183
aràbiga,6,3.8183
exigia,6,3.8183
voleu,6,3.8183
promouen,6,3.8183
naixia,6,3.8183
redacten,6,3.8183
vasos,6,3.8183
íntim,6,3.8183
transporta,6,3.8183
dirigia,6,3.8183
continuà,6,3.8183
signants,6,3.8183
socialistes,6,3.8183
guanyà,6,3.8183
recitat,6,3.8183
noèlia,6,3.8183
sociopolítiques,6,3.8183
álvarez,6,3.8183
irrupció,6,3.8183
precari,6,3.8183
traumàtica,6,3.8183
republicà,6,3.8183
verde,6,3.8183
gopnik,6,3.8183
king,6,3.8183
necessary,6,3.8183
tolerant,6,3.8183
adaptaren,6,3.8183
tallades,6,3.8183
agradables,6,3.8183
dix,6,3.8183
desapareixen,6,3.8183
envolten,6,3.8183
massanassa,6,3.8183
aran,6,3.8183
alcoleja,6,3.8183
orogràfic,6,3.8183
prominent,6,3.8183
albir,6,3.8183
raconada,6,3.8183
pinet,6,3.8183
incerts,6,3.8183
híbrida,6,3.8183
apòstol,6,3.8183
cedir,6,3.8183
pontifícia,6,3.8183
boqueta,6,3.8183
acompanyava,6,3.8183
cabàs,6,3.8183
incerta,6,3.8183
aglutinada,6,3.8183
brindis,6,3.8183
lina,6,3.8183
dinés,6,3.8183
reminiscències,6,3.8183
progenitor,6,3.8183
matern,6,3.8183
enganyosa,6,3.8183
excessiu,6,3.8183
consolida,6,3.8183
restringix,6,3.8183
treballaven,6,3.8183
xufa,6,3.8183
brasa,6,3.8183
apegalosa,6,3.8183
instituir,6,3.8183
visibilitzar,6,3.8183
sànscrit,6,3.8183
caló,6,3.8183
amollar,6,3.8183
pintura,6,3.8183
santuari,6,3.8183
judà,6,3.8183
pastisset,6,3.8183
ambulant,6,3.8183
tipos,6,3.8183
estagnació,6,3.8183
foguerer,6,3.8183
allau,6,3.8183
sabors,6,3.8183
esteu,6,3.8183
radiofònics,6,3.8183
pintada,6,3.8183
palaus,6,3.8183
contractar,6,3.8183
reduí,6,3.8183
grogues,6,3.8183
afectiva,6,3.8183
estigmes,6,3.8183
buides,6,3.8183
sermó,6,3.8183
dirigent,6,3.8183
analogies,6,3.8183
irrefrenable,6,3.8183
romàntic,6,3.8183
ermes,6,3.8183
primàries,6,3.8183
atorguem,6,3.8183
cabalment,6,3.8183
potencia,6,3.8183
regia,6,3.8183
venjança,6,3.8183
difusa,6,3.8183
eterna,6,3.8183
bocí,6,3.8183
suportar,6,3.8183
brolla,6,3.8183
xoc,6,3.8183
pams,6,3.8183
hispàniques,6,3.8183
divergents,6,3.8183
cosins,6,3.8183
desajust,6,3.8183
pivot,6,3.8183
forçar,6,3.8183
ingènua,6,3.8183
posats,6,3.8183
panys,6,3.8183
sintèticament,6,3.8183
aranzel,6,3.8183
escrivim,6,3.8183
solamente,6,3.8183
economistes,6,3.8183
pensàvem,6,3.8183
comprovem,6,3.8183
pregar,6,3.8183
humiliant,6,3.8183
imbricades,6,3.8183
tràfec,6,3.8183
reconegueren,6,3.8183
creient,6,3.8183
académie,6,3.8183
diguem,6,3.8183
mantega,6,3.8183
hortalisses,6,3.8183
emergixen,6,3.8183
escultures,6,3.8183
destriar,6,3.8183
henares,6,3.8183
íntegra,6,3.8183
seis,6,3.8183
vil,6,3.8183
enunciació,6,3.8183
celta,6,3.8183
pugna,6,3.8183
tord,6,3.8183
ardit,6,3.8183
afirmant,6,3.8183
privativa,6,3.8183
especulacions,6,3.8183
hivernal,6,3.8183
peresa,6,3.8183
forjada,6,3.8183
pecadors,6,3.8183
fèrtils,6,3.8183
jacme,6,3.8183
imperant,6,3.8183
estètiques,6,3.8183
aliens,6,3.8183
copulativa,6,3.8183
variabilitat,6,3.8183
succés,6,3.8183
danys,6,3.8183
sequera,6,3.8183
catàstrofe,6,3.8183
pejoratiu,6,3.8183
sonoritat,6,3.8183
exempta,6,3.8183
consignat,6,3.8183
mujer,6,3.8183
preserven,6,3.8183
dirien,6,3.8183
aquino,6,3.8183
mortal,6,3.8183
perillós,6,3.8183
indiferents,6,3.8183
anonimat,6,3.8183
fonològic,6,3.8183
neutra,6,3.8183
notació,6,3.8183
odiador,6,3.8183
delit,6,3.8183
acorden,6,3.8183
immediatesa,6,3.8183
intercanviables,6,3.8183
riuet,6,3.8183
remugant,6,3.8183
esmenar,6,3.8183
entranyes,6,3.8183
substituïxen,6,3.8183
buenas,6,3.8183
taïno,6,3.8183
cabrit,6,3.8183
intentem,6,3.8183
enganyoses,6,3.8183
delimita,6,3.8183
ordenà,6,3.8183
bíblic,6,3.8183
aïllament,6,3.8183
entraren,6,3.8183
segrest,6,3.8183
ètnics,6,3.8183
israelià,6,3.8183
expressats,6,3.8183
valguen,6,3.8183
malentesos,6,3.8183
detingut,6,3.8183
complutense,6,3.8183
reportat,6,3.8183
liber,6,3.8183
generalitzades,6,3.8183
abusar,6,3.8183
ofensa,6,3.8183
instintiu,6,3.8183
pertanyia,6,3.8183
recorrem,6,3.8183
grises,6,3.8183
mia,6,3.8183
contrastar,6,3.8183
avala,6,3.8183
individualment,6,3.8183
bosses,6,3.8183
regixen,6,3.8183
fembres,6,3.8183
practicaven,6,3.8183
muralles,6,3.8183
increïble,6,3.8183
científicament,6,3.8183
cadernera,6,3.8183
visca,6,3.8183
samarreta,6,3.8183
eta,6,3.8183
samarra,6,3.8183
identificador,6,3.8183
ramats,6,3.8183
brau,6,3.8183
arca,6,3.8183
llunyanes,6,3.8183
paladar,6,3.8183
interconnectat,6,3.8183
cena,6,3.8183
portades,6,3.8183
intenses,6,3.8183
romeu,6,3.8183
evitat,6,3.8183
expiar,6,3.8183
plegar,6,3.8183
sentí,6,3.8183
argent,6,3.8183
castellonenques,6,3.8183
modelar,6,3.8183
ocasionals,6,3.8183
contradictòries,6,3.8183
literació,6,3.8183
propiciada,6,3.8183
criats,6,3.8183
relatava,6,3.8183
ballar,6,3.8183
horror,6,3.8183
valorem,6,3.8183
conquistar,6,3.8183
ròmul,6,3.8183
sílvia,6,3.8183
rotació,6,3.8183
extra,6,3.8183
acusació,6,3.8183
confessa,6,3.8183
lents,6,3.8183
reproduïm,6,3.8183
essències,6,3.8183
reportar,6,3.8183
bol,6,3.8183
balls,6,3.8183
raonables,6,3.8183
escultòriques,6,3.8183
micromecenatge,6,3.8183
fixant,6,3.8183
hipòtesis,6,3.8183
acceptades,6,3.8183
estufa,6,3.8183
nascudes,6,3.8183
aconseguixen,6,3.8183
fixes,6,3.8183
desconcert,6,3.8183
intransigent,6,3.8183
sonorització,6,3.8183
brins,6,3.8183
trist,6,3.8183
une,6,3.8183
matusser,6,3.8183
mat,6,3.8183
anàloga,6,3.8183
salvatges,6,3.8183
anhel,6,3.8183
boles,6,3.8183
durar,6,3.8183
esforcen,6,3.8183
aquel,6,3.8183
ancestrals,6,3.8183
dot,6,3.8183
traiguera,6,3.8183
fantàstiques,6,3.8183
heus,6,3.8183
escuts,6,3.8183
mit,6,3.8183
etimològics,6,3.8183
isqueren,6,3.8183
telefonar,6,3.8183
anuncia,6,3.8183
sp,6,3.8183
penetrar,6,3.8183
desviar,6,3.8183
treballada,6,3.8183
bi,6,3.8183
favorablement,6,3.8183
cee,6,3.8183
concomitàncies,6,3.8183
mosquit,6,3.8183
messies,6,3.8183
lladre,6,3.8183
espavilat,6,3.8183
simpàtic,6,3.8183
suposada,6,3.8183
transcripcions,6,3.8183
duplicat,6,3.8183
vicenç,6,3.8183
mortals,6,3.8183
descrèdit,6,3.8183
contraposa,6,3.8183
oposats,6,3.8183
puntes,6,3.8183
regna,6,3.8183
up,6,3.8183
hun,6,3.8183
tècnicament,6,3.8183
thomas,6,3.8183
perjudicar,6,3.8183
afegeix,6,3.8183
temptacions,6,3.8183
refereixen,6,3.8183
turismofòbia,6,3.8183
espionatge,6,3.8183
resultants,6,3.8183
impressionant,6,3.8183
mastegar,6,3.8183
deixaria,6,3.8183
ɣ,6,3.8183
massapà,6,3.8183
agulló,6,3.8183
ago,6,3.8183
am,6,3.8183
confessió,6,3.8183
aguaitar,6,3.8183
desinència,6,3.8183
rígid,6,3.8183
regressiva,6,3.8183
conills,6,3.8183
eles,6,3.8183
pelacanyes,6,3.8183
dc,6,3.8183
sabé,6,3.8183
adonat,6,3.8183
llamp,6,3.8183
proposà,6,3.8183
depositen,6,3.8183
placa,6,3.8183
gruix,6,3.8183
pebre,6,3.8183
botar,6,3.8183
barricada,6,3.8183
bastó,6,3.8183
desxifrar,6,3.8183
confonen,6,3.8183
rematat,6,3.8183
sorprenents,6,3.8183
escocés,6,3.8183
binomi,6,3.8183
mutació,6,3.8183
prolonga,6,3.8183
ocupant,6,3.8183
albanés,6,3.8183
perda,6,3.8183
gigafactoria,6,3.8183
elèctriques,6,3.8183
metafísica,6,3.8183
tractaven,6,3.8183
desproporcionada,6,3.8183
auto,6,3.8183
genètic,6,3.8183
publicitàries,6,3.8183
legislatures,6,3.8183
lexicalitzats,6,3.8183
descomposició,6,3.8183
regenerar,6,3.8183
minvat,6,3.8183
atzúbia,6,3.8183
grandíssima,6,3.8183
portals,6,3.8183
propagació,6,3.8183
penada,6,3.8183
nocturns,6,3.8183
membrana,6,3.8183
rates,6,3.8183
simbologia,6,3.8183
invisible,6,3.8183
verdaderament,6,3.8183
confon,6,3.8183
elèctrica,6,3.8183
fantasia,6,3.8183
suplir,6,3.8183
elogis,6,3.8183
preguntava,6,3.8183
results,6,3.8183
taló,6,3.8183
mossàrab,6,3.8183
controvertida,6,3.8183
immediats,6,3.8183
ambivalent,6,3.8183
alat,6,3.8183
topar,6,3.8183
tebes,6,3.8183
èdip,6,3.8183
preguntà,6,3.8183
dissenyats,6,3.8183
rams,6,3.8183
completant,6,3.8183
evocació,6,3.8183
dus,6,3.8183
propicis,6,3.8183
afrodita,6,3.8183
subrogar,6,3.8183
pensions,6,3.8183
motí,6,3.8183
transformaren,6,3.8183
compara,6,3.8183
plus,6,3.8183
submarí,6,3.8183
vodevil,6,3.8183
satíric,6,3.8183
iniciaren,6,3.8183
mariners,6,3.8183
tonicitat,6,3.8183
verdolaga,6,3.8183
vindria,6,3.8183
hàbils,6,3.8183
henri,6,3.8183
vençut,6,3.8183
nàutica,6,3.8183
exempt,6,3.8183
trumfo,6,3.8183
assenten,6,3.8183
espigues,6,3.8183
museus,6,3.8183
trinquet,6,3.8183
laterals,6,3.8183
pala,6,3.8183
tomba,6,3.8183
clan,6,3.8183
practica,6,3.8183
amenaces,6,3.8183
pàl,6,3.8183
lid,6,3.8183
rogenques,6,3.8183
descartar,6,3.8183
algaravia,6,3.8183
originalitat,6,3.8183
torrar,6,3.8183
mànega,6,3.8183
reba,6,3.8183
criar,6,3.8183
causats,6,3.8183
loquen,6,3.8183
teletreball,6,3.8183
matilda,6,3.8183
corba,6,3.8183
otorrinolaringòleg,6,3.8183
moltíssims,6,3.8183
taní,6,3.8183
pells,6,3.8183
tailandés,6,3.8183
tailàndia,6,3.8183
qüestionament,6,3.8183
austríac,6,3.8183
sigmund,6,3.8183
freud,6,3.8183
decisivament,6,3.8183
sanció,6,3.8183
innecessària,6,3.8183
vanitat,6,3.8183
feministes,6,3.8183
sorbet,6,3.8183
sondeig,6,3.8183
sociòlegs,6,3.8183
expressant,6,3.8183
erupció,6,3.8183
avern,6,3.8183
sobines,6,3.8183
geometria,6,3.8183
descriuen,6,3.8183
laic,6,3.8183
assemblees,6,3.8183
sicofanta,6,3.8183
plecs,6,3.8183
serreria,6,3.8183
cadafal,6,3.8183
séquies,6,3.8183
germàniques,6,3.8183
posara,6,3.8183
reservar,6,3.8183
saragüells,6,3.8183
coneixien,6,3.8183
benediccions,6,3.8183
porquet,6,3.8183
sacre,6,3.8183
sahrauí,6,3.8183
ensaïmada,6,3.8183
estrident,6,3.8183
verdaders,6,3.8183
regust,6,3.8183
estancs,6,3.8183
benavent,6,3.8183
estrényer,6,3.8183
cenyir,6,3.8183
ressentit,6,3.8183
solidari,6,3.8183
francis,6,3.8183
tensa,6,3.8183
direccional,6,3.8183
repuntar,6,3.8183
rècua,6,3.8183
brot,6,3.8183
tendra,6,3.8183
mouen,6,3.8183
comparacions,6,3.8183
revelació,6,3.8183
alumno,6,3.8183
ferre,6,3.8183
recomanada,6,3.8183
rectificar,6,3.8183
qatarià,6,3.8183
purna,6,3.8183
brusc,6,3.8183
quien,6,3.8183
disposaven,6,3.8183
gastos,6,3.8183
postveritat,6,3.8183
declarà,6,3.8183
superlatiu,6,3.8183
cigrons,6,3.8183
tinta,6,3.8183
porgar,6,3.8183
medicament,6,3.8183
tendir,6,3.8183
aspirant,6,3.8183
requeriments,6,3.8183
escepticisme,6,3.8183
deixarem,6,3.8183
làmina,6,3.8183
plaques,6,3.8183
petimetre,6,3.8183
indestriable,6,3.8183
exponents,6,3.8183
persiana,6,3.8183
moisés,6,3.8183
contenien,6,3.8183
peixet,6,3.8183
antenes,6,3.8183
pater,6,3.8183
temporalment,6,3.8183
pantomima,6,3.8183
panoli,6,3.8183
valle,6,3.8183
hàbitats,6,3.8183
pan,6,3.8183
aconsella,6,3.8183
marees,6,3.8183
qualitatius,6,3.8183
recreatives,6,3.8183
preferixen,6,3.8183
estirant,6,3.8183
atracar,6,3.8183
gea,6,3.8183
concloïa,6,3.8183
enfadat,6,3.8183
iemen,6,3.8183
mítica,6,3.8183
dividix,6,3.8183
avalen,6,3.8183
guiat,6,3.8183
devoció,6,3.8183
esclaus,6,3.8183
enfrontaments,6,3.8183
idèntiques,6,3.8183
matalafs,6,3.8183
funda,6,3.8183
orgànics,6,3.8183
coixí,6,3.8183
masquerada,6,3.8183
dubtar,6,3.8183
marxisme,6,3.8183
penalitats,6,3.8183
espés,6,3.8183
marihuana,6,3.8183
pensà,6,3.8183
césar,6,3.8183
magenta,6,3.8183
químic,6,3.8183
molècula,6,3.8183
prestats,6,3.8183
hombre,6,3.8183
bandarra,6,3.8183
manar,6,3.8183
granota,6,3.8183
analògica,6,3.8183
gralla,6,3.8183
tractara,6,3.8183
berenar,6,3.8183
clevill,6,3.8183
excavació,6,3.8183
mantinga,6,3.8183
drogues,6,3.8183
traç,6,3.8183
figatell,6,3.8183
mandonguilla,6,3.8183
fetitxe,6,3.8183
fellonia,6,3.8183
deformació,6,3.8183
fermes,6,3.8183
adquirisca,6,3.8183
acomplir,6,3.8183
etiologia,6,3.8183
sanitari,6,3.8183
estentori,6,3.8183
muntar,6,3.8183
esquilar,6,3.8183
tisores,6,3.8183
duien,6,3.8183
esplugabous,6,3.8183
modificades,6,3.8183
pujant,6,3.8183
escopinyada,6,3.8183
agranar,6,3.8183
tossir,6,3.8183
advocats,6,3.8183
contenció,6,3.8183
estilístiques,6,3.8183
escocès,6,3.8183
titulars,6,3.8183
devastació,6,3.8183
allunyament,6,3.8183
desvincular,6,3.8183
expedir,6,3.8183
presumptament,6,3.8183
subespècie,6,3.8183
recobertes,6,3.8183
pals,6,3.8183
insuficiència,6,3.8183
molest,6,3.8183
afectiu,6,3.8183
buits,6,3.8183
cotilló,6,3.8183
confeti,6,3.8183
legítima,6,3.8183
dracs,6,3.8183
ps,6,3.8183
respiratòries,6,3.8183
pessic,6,3.8183
copte,6,3.8183
constitucions,6,3.8183
conlloga,6,3.8183
iure,6,3.8183
sotmetiment,6,3.8183
conjugar,6,3.8183
altitud,6,3.8183
représ,6,3.8183
empatxar,6,3.8183
afavorida,6,3.8183
inclemències,6,3.8183
amiens,6,3.8183
francs,6,3.8183
burros,6,3.8183
sendes,6,3.8183
embabucar,6,3.8183
mantinguen,6,3.8183
eventualment,6,3.8183
continuaren,6,3.8183
autisme,6,3.8183
atzur,6,3.8183
conflictiva,6,3.8183
escapa,6,3.8183
atrabiliari,6,3.8183
astracanada,6,3.8183
cúpula,6,3.8183
retocs,6,3.8183
quintar,6,3.8183
aiguamolls,6,3.8183
prevaldre,6,3.8183
tantum,6,3.8183
empresonar,6,3.8183
apotecari,6,3.8183
animació,6,3.8183
passadís,6,3.8183
andola,6,3.8183
reclòs,6,3.8183
florentí,6,3.8183
ambulància,6,3.8183
alvocat,6,3.8183
altercat,6,3.8183
criminal,6,3.8183
alla,6,3.8183
ert,6,3.8183
llamar,6,3.8183
formem,6,3.8183
hàndicap,6,3.8183
previsibles,6,3.8183
enamorats,6,3.8183
donís,6,3.8183
só,6,3.8183
truita,6,3.8183
aglomeració,6,3.8183
eludir,6,3.8183
titànic,6,3.8183
poderoses,6,3.8183
faces,6,3.8183
aguts,6,3.8183
versallesc,6,3.8183
elitista,6,3.8183
xòfer,6,3.8183
jacques,6,3.8183
donzella,6,3.8183
horària,6,3.8183
responia,6,3.8183
afegia,6,3.8183
prorrogar,6,3.8183
viciana,6,3.8183
poliol,6,3.8183
plantada,6,3.8183
pistatxo,6,3.8183
pinyes,6,3.8183
amors,6,3.8183
pedregada,6,3.8183
acudien,6,3.8183
adolescents,6,3.8183
pécora,6,3.8183
patria,6,3.8183
muntaner,6,3.8183
patètic,6,3.8183
parafernàlia,6,3.8183
pancarta,6,3.8183
pàmfil,6,3.8183
renuncia,6,3.8183
oremus,6,3.8183
acompanyament,6,3.8183
òmicron,6,3.8183
oligofrènic,6,3.8183
apareguda,6,3.8183
intentà,6,3.8183
negacionisme,6,3.8183
narcisisme,6,3.8183
mussol,6,3.8183
ayza,6,3.8183
magrib,6,3.8183
qüestiona,6,3.8183
tapar,6,3.8183
multiplicar,6,3.8183
metec,6,3.8183
contrarietat,6,3.8183
pèrdues,6,3.8183
peculiaritat,6,3.8183
maula,6,3.8183
allargar,6,3.8183
nomenada,6,3.8183
manyopla,6,3.8183
guant,6,3.8183
llonganisses,6,3.8183
maltractar,6,3.8183
malària,6,3.8183
màdel,6,3.8183
madalena,6,3.8183
aixina,6,3.8183
llesca,6,3.8183
trau,6,3.8183
sabó,6,3.8183
jones,6,3.8183
solsida,6,3.8183
laïcisme,6,3.8183
kamikaze,6,3.8183
kairós,6,3.8183
iurta,6,3.8183
invadir,6,3.8183
liguèntsia,6,3.8183
infermer,6,3.8183
immaculat,6,3.8183
suggerix,6,3.8183
horda,6,3.8183
nòmada,6,3.8183
castrense,6,3.8183
honrat,6,3.8183
histèria,6,3.8183
fonoteca,6,3.8183
crèdit,6,3.8183
himnes,6,3.8183
atribuïts,6,3.8183
hecatombe,6,3.8183
desavantatge,6,3.8183
able,6,3.8183
gladiador,6,3.8183
gerontocràcia,6,3.8183
adventícia,6,3.8183
inesperada,6,3.8183
camió,6,3.8183
pedregar,6,3.8183
friqui,6,3.8183
estrenat,6,3.8183
reserves,6,3.8183
sincer,6,3.8183
joaquín,6,3.8183
fandango,6,3.8183
americanes,6,3.8183
facinerós,6,3.8183
extradició,6,3.8183
emportar,6,3.8183
estrenes,6,3.8183
afectaven,6,3.8183
envestir,6,3.8183
gàbia,6,3.8183
empatia,6,3.8183
comptable,6,3.8183
eixamorar,6,3.8183
duna,6,3.8183
distopia,6,3.8183
sta,6,3.8183
esborrar,6,3.8183
difamació,6,3.8183
irae,6,3.8183
sifó,6,3.8183
dexametasona,6,3.8183
destarifo,6,3.8183
desbaratar,6,3.8183
lador,6,3.8183
féiem,6,3.8183
defenestrar,6,3.8183
given,6,3.8183
colada,6,3.8183
clàxon,6,3.8183
patents,6,3.8183
gestiona,6,3.8183
cireres,6,3.8183
ciprer,6,3.8183
cínic,6,3.8183
fàstic,6,3.8183
protegit,6,3.8183
formalització,6,3.8183
carpa,6,3.8183
equador,6,3.8183
carmanyola,6,3.8183
carlota,6,3.8183
formulat,6,3.8183
catòliques,6,3.8183
puv,6,3.8183
afores,6,3.8183
calb,6,3.8183
cadet,6,3.8183
romeral,6,3.8183
càbala,6,3.8183
imminència,6,3.8183
albergina,6,3.8183
aïllacionisme,6,3.8183
sensibilitzar,6,3.8183
afectava,6,3.8183
vaixells,6,3.8183
búnquer,6,3.8183
poregós,6,3.8183
escampar,6,3.8183
bluf,6,3.8183
bluetooth,6,3.8183
atòmica,6,3.8183
destructiva,6,3.8183
bioètica,6,3.8183
basilisc,6,3.8183
quadra,6,3.8183
sancho,6,3.8183
requerixen,6,3.8183
benimuslem,6,3.8183
còlera,6,3.8183
diftongació,6,3.8183
dm,6,3.8183
consonàntics,6,3.8183
rés,6,3.8183
mosca,6,3.8183
neutralitza,6,3.8183
ava,6,3.8183
batle,6,3.8183
correferent,6,3.8183
cefalorraquidi,6,3.8183
referèndum,6,3.8183
duplicar,6,3.8183
depèn,6,3.8183
um,6,3.8183
partició,6,3.8183
làbiques,6,3.8183
americanització,6,3.8183
bitllo,6,3.8183
bub,6,3.8183
ping,6,3.8183
pong,6,3.8183
mail,6,3.8183
kale,6,3.8183
borroka,6,3.8183
hippy,6,3.8183
llinatges,6,3.8183
renoms,6,3.8183
singularitzats,6,3.8183
làries,6,3.8183
instituïdes,6,3.8183
acotacions,6,3.8183
tonal,6,3.8183
apòdosi,6,3.8183
completen,6,3.8183
finites,6,3.8183
joana,6,3.8183
distribuïxen,6,3.8183
estilístic,6,3.8183
coherentment,6,3.8183
anteposats,6,3.8183
aspectual,6,3.8183
asnar,6,3.8183
benifassà,6,3.8183
poblets,6,3.8183
almúnia,6,3.8183
vilavella,6,3.8183
substantives,6,3.8183
discursiu,6,3.8183
parlaré,6,3.8183
quàdruple,6,3.8183
responga,6,3.8183
equivaldria,6,3.8183
acusatius,6,3.8183
proclítics,6,3.8183
enclítics,6,3.8183
elidides,6,3.8183
enclítica,6,3.8183
pronominalitzat,6,3.8183
freqüentment,6,3.8183
locatives,6,3.8183
viable,6,3.8183
enjorn,6,3.8183
afirmatives,6,3.8183
plusquamperfet,6,3.8183
citen,6,3.8183
conjuguen,6,3.8183
vocàliques,6,3.8183
perifràstica,6,3.8183
transitius,6,3.8183
encapçalen,6,3.8183
pragmàtiques,6,3.8183
metalingüístiques,6,3.8183
constitutius,6,3.8183
afixos,6,3.8183
segmentació,6,3.8183
establiran,6,3.8183
partesques,6,3.8183
potenciant,6,3.8183
huité,6,3.8183
taquilla,6,3.8183
hispano,6,3.8183
precs,6,3.8183
carmel,6,3.8183
confederació,6,3.8183
cícliques,6,3.8183
romànic,6,3.8183
simposis,6,3.8183
aguantat,6,3.8183
arribàrem,6,3.8183
vagó,6,3.8183
escric,6,3.8183
dg,6,3.8183
agraïsc,6,3.8183
interrompen,6,3.8183
agafa,6,3.8183
ces,6,3.8183
gües,6,3.8183
arrelades,6,3.8183
disset,6,3.8183
estudie,6,3.8183
cuyo,6,3.8183
treballes,6,3.8183
quantitativament,6,3.8183
ratificada,6,3.8183
xivert,6,3.8183
sabrem,6,3.8183
autoritzats,6,3.8183
pelegrins,6,3.8183
concedides,6,3.8183
obligaren,6,3.8183
finalitzat,6,3.8183
inestable,6,3.8183
ausades,6,3.8183
prosseguir,6,3.8183
nyigo,6,3.8183
liori,6,3.8183
candidata,6,3.8183
vocalia,6,3.8183
remarcat,6,3.8183
degana,6,3.8183
transcórrer,6,3.8183
xerea,6,3.8183
lucia,6,3.8183
desplegats,6,3.8183
artola,6,3.8183
federico,6,3.8183
bracet,6,3.8183
organitze,6,3.8183
escreix,6,3.8183
lamentat,6,3.8183
superats,6,3.8183
reconstruïx,6,3.8183
teular,6,3.8183
terol,6,3.8183
seguiran,6,3.8183
centrades,6,3.8183
senent,6,3.8183
exercirà,6,3.8183
parteix,6,3.8183
detallat,6,3.8183
vicentins,6,3.8183
assistiran,6,3.8183
mantinguda,6,3.8183
jóvenes,6,3.8183
dominical,6,3.8183
emilio,6,3.8183
comissionat,6,3.8183
varsòvia,6,3.8183
palacio,6,3.8183
pronunciaran,6,3.8183
implicat,6,3.8183
plenàries,6,3.8183
xèrica,6,3.8183
reprendrà,6,3.8183
raffi,6,3.8183
tractarem,6,3.8183
executiva,6,3.8183
reflexionat,6,3.8183
xipell,6,3.8183
condicionen,6,3.8183
opte,6,3.8183
mèdia,6,3.8183
benlloc,6,3.8183
fageca,6,3.8183
alcosser,6,3.8183
laboren,6,3.8183
pretenem,6,3.8183
benimassot,6,3.8183
subtitulació,6,3.8183
defensen,6,3.8183
fonologia,6,3.8183
adoptiva,6,3.8183
humanística,6,3.8183
proposava,6,3.8183
dinamisme,6,3.8183
contractats,6,3.8183
substituïts,6,3.8183
impulsades,6,3.8183
dictada,6,3.8183
irl,6,3.8183
cesáreo,6,3.8183
belgrad,6,3.8183
monllor,6,3.8183
culla,6,3.8183
càmara,6,3.8183
editades,6,3.8183
aconsellable,6,3.8183
esteban,6,3.8183
soria,6,3.8183
letra,6,3.8183
olzina,6,3.8183
orenge,6,3.8183
afirmava,6,3.8183
idiomàtic,6,3.8183
estadístic,6,3.8183
cortesans,6,3.8183
poggio,6,3.8183
santillana,6,3.8183
expositiva,6,3.8183
pedagògics,6,3.8183
interessava,6,3.8183
camarlingo,6,3.8183
perizia,6,3.8183
dilettavasi,6,3.8183
uomini,6,3.8183
mano,6,3.8183
giovio,6,3.8183
costanza,6,3.8183
expressaven,6,3.8183
superada,6,3.8183
italiano,6,3.8183
volume,6,3.8183
poetas,6,3.8183
both,6,3.8183
abstract,6,3.8183
signaren,6,3.8183
obreres,6,3.8183
intercultural,6,3.8183
partal,6,3.8183
zornoza,6,3.8183
psicología,6,3.8183
niça,6,3.8183
harmonització,6,3.8183
lerma,6,3.8183
algirós,6,3.8183
ambiciosos,6,3.8183
tiempos,6,3.8183
catàlegs,6,3.8183
propuestas,6,3.8183
facilitades,6,3.8183
amigos,6,3.8183
veritablement,6,3.8183
beatriu,6,3.8183
excessives,6,3.8183
dialecto,6,3.8183
temas,6,3.8183
estona,6,3.8183
netejadores,6,3.8183
afanye,6,3.8183
navalla,6,3.8183
cresta,6,3.8183
cerques,6,3.8183
complau,6,3.8183
indicates,6,3.8183
mmv,6,3.8183
lsa,6,3.8183
rcp,6,3.8183
srr,6,3.8183
vxg,6,3.8183
doblaje,6,3.8183
theory,6,3.8183
prueba,6,3.8183
octau,6,3.8183
sitja,6,3.8183
xiu,6,3.8183
exacta,6,3.8183
bajo,6,3.8183
asociación,6,3.8183
editoriales,6,3.8183
impartint,6,3.8183
review,6,3.8183
mikel,6,3.8183
localista,6,3.8183
cualquiera,6,3.8183
zamora,6,3.8183
coronel,6,3.8183
monogràfics,6,3.8183
expedit,6,3.8183
benicolet,6,3.8183
tve,6,3.8183
palabra,6,3.8183
corunya,6,3.8183
síntesis,6,3.8183
tom,6,3.8183
dato,6,3.8183
cavanilles,6,3.8183
cartoixà,6,3.8183
martos,6,3.8183
exercits,6,3.8183
universidade,6,3.8183
diseño,6,3.8183
how,6,3.8183
cocó,6,3.8183
perspectivas,6,3.8183
quedado,6,3.8183
feria,6,3.8183
regularment,6,3.8183
adquisición,6,3.8183
three,6,3.8183
ministerial,6,3.8183
onomastica,6,3.8183
excavacions,6,3.8183
abats,6,3.8183
cistercenc,6,3.8183
panteó,6,3.8183
cistercencs,6,3.8183
desamortització,6,3.8183
prior,6,3.8183
possibilitar,6,3.8183
cuestiones,6,3.8183
alfondeguilla,6,3.8183
bellús,6,3.8183
beniarbeig,6,3.8183
benifaió,6,3.8183
aureli,6,3.8183
casas,6,3.8183
castellfort,6,3.8183
cinctorres,6,3.8183
loriguilla,6,3.8183
piles,6,3.8183
puebla,6,3.8183
tibi,6,3.8183
llemosí,6,3.8183
examinador,6,3.8183
correus,6,3.8183
malmesa,6,3.8183
desídia,6,3.8183
mass,6,3.8183
avantprojectes,6,3.8183
adoptaran,6,3.8183
disposarà,6,3.8183
elegiran,6,3.8183
concertat,6,3.8183
comunicarà,6,3.8183
implicarà,6,3.8183
irlandesos,6,3.8183
básico,6,3.8183
constituyen,6,3.8183
systems,6,3.8183
comín,6,3.8183
reproduïda,6,3.8183
segunda,6,3.8183
publicación,6,3.8183
favara,6,3.8183
lemosín,6,3.8183
quedan,6,3.8183
puro,6,3.8183
naciones,6,3.8183
cuya,6,3.8183
unidad,6,3.8183
concessions,6,3.8183
autoritzada,6,3.8183
fallas,6,3.8183
abu,6,3.8183
nadie,6,3.8183
existe,6,3.8183
propios,6,3.8183
llemosina,6,3.8183
recollides,6,3.8183
trabajos,6,3.8183
constitutiva,6,3.8183
engaño,6,3.8183
restrictives,6,3.8183
único,6,3.8183
fundamento,6,3.8183
dimensión,6,3.8183
coherents,6,3.8183
discs,6,3.8183
ratificat,6,3.8183
analistes,6,3.8183
despatxos,6,3.8183
psicolingüístics,6,3.8183
interculturalitat,6,3.8183
dinàmics,6,3.8183
discriminacions,6,3.8183
desconeixen,6,3.8183
jurisdiccionals,6,3.8183
órganos,6,3.8183
desempeñar,6,3.8183
empleat,6,3.8183
subgrup,6,3.8183
establecidos,6,3.8183
composición,6,3.8183
legiat,6,3.8183
plenari,6,3.8183
ofimàtica,6,3.8183
fixos,6,3.8183
comentem,6,3.8183
resten,6,3.8183
sindicatura,6,3.8183
sostinguts,6,3.8183
huitena,6,3.8183
jueva,6,3.8183
equilibrat,6,3.8183
troncal,6,3.8183
alumnas,6,3.8183
perjuicio,6,3.8183
razonable,6,3.8183
afavorisca,6,3.8183
fuente,6,3.8183
potencialitats,6,3.8183
educativos,6,3.8183
adecuado,6,3.8183
humanos,6,3.8183
fiscals,6,3.8183
conformidad,6,3.8183
comparant,6,3.8183
quince,6,3.8183
consecuencia,6,3.8183
priori,6,3.8183
ppev,6,3.8183
ppec,6,3.8183
escolaritzat,6,3.8183
cació,6,3.8183
utilitzarà,6,3.8183
abre,6,3.8183
metàtesis,6,3.8183
pe,6,3.8183
min,6,3.8183
nogensmenys,6,3.8183
escletxa,6,3.8183
soterrani,6,3.8183
pequín,6,3.8183
hospitals,6,3.8183
hercegovina,6,3.8183
congo,6,3.8183
djibouti,6,3.8183
guatemala,6,3.8183
bissau,6,3.8183
kuwait,6,3.8183
letó,6,3.8183
maltés,6,3.8183
mònaco,6,3.8183
singapur,6,3.8183
somali,6,3.8183
estocolm,6,3.8183
academic,6,3.8183
arrest,6,3.8183
always,6,3.8183
cubic,6,3.8183
desaigüe,6,3.8183
celona,6,3.8183
racionalització,6,3.8183
fandos,6,3.8183
certiﬁcació,6,3.8183
especiﬁcar,6,3.8183
reﬂexionar,6,3.8183
ﬁrmen,6,3.8183
pactes,6,3.8183
iver,6,3.8183
diplomat,6,3.8183
ﬁgura,6,3.8183
magníﬁc,6,3.8183
cientíﬁques,6,3.8183
ong,6,3.8183
space,6,3.8183
batx,6,3.8183
drecera,6,3.8183
exc,6,3.8183
ronda,6,3.8183
travessera,6,3.8183
foreign,6,3.8183
federacions,6,3.8183
société,6,3.8183
massachusetts,6,3.8183
ciencia,6,3.8183
albal,6,3.8183
antella,6,3.8183
benetússer,6,3.8183
benigànim,6,3.8183
eslida,6,3.8183
industrialització,6,3.8183
secessionisme,6,3.8183
liberalització,6,3.8183
encuestas,6,3.8183
sociolingüísticas,6,3.8183
linz,6,3.8183
mundialització,6,3.8183
contenir,6,3.8183
reﬂexions,6,3.8183
aﬁrmar,6,3.8183
coincideix,6,3.8183
conceptos,6,3.8183
jsfdups,6,3.8183
evdbdjw,6,3.8183
bduvbm,6,3.8183
ciprià,6,3.8183
vob,6,3.8183
bnqbozft,6,3.8183
avisos,6,3.8183
publicitari,6,3.8183
aprenents,6,3.8183
sostingut,6,3.8183
exceptuant,6,3.8183
signiﬁcatives,6,3.8183
procedeix,6,3.8183
tarea,6,3.8183
castellanitzats,6,3.8183
extramurs,6,3.8183
detectem,6,3.8183
informadors,6,3.8183
informadora,6,3.8183
fractura,6,3.8183
indefugible,6,3.8183
rtujrvft,6,3.8183
incentius,6,3.8183
denúncies,6,3.8183
afavoreix,6,3.8183
fishman,6,3.8183
sociología,6,3.8183
tdt,6,3.8183
fundacc,6,3.8183
oblida,6,3.8183
penetració,6,3.8183
multinacionals,6,3.8183
franquismo,6,3.8183
autocensura,6,3.8183
venuts,6,3.8183
tjuvbdjw,6,3.8183
films,6,3.8183
nc,6,3.8183
demográfica,6,3.8183
desavantatges,6,3.8183
chikilicuatre,6,3.8183
bî,6,3.8183
soul,6,3.8183
metal,6,3.8183
amenaçada,6,3.8183
voluntariado,6,3.8183
trilles,6,3.8183
tirisiti,6,3.8183
inèrcies,6,3.8183
homilia,6,3.8183
minorías,6,3.8183
quinque,6,3.8183
arquebisbat,6,3.8183
olivar,6,3.8183
afirmativament,6,3.8183
jueves,6,3.8183
socioeconòmiques,6,3.8183
continúa,6,3.8183
producido,6,3.8183
treinta,6,3.8183
urbanos,6,3.8183
conclusión,6,3.8183
limitaciones,6,3.8183
aparecen,6,3.8183
series,6,3.8183
setenta,6,3.8183
alrededor,6,3.8183
intervención,6,3.8183
nuestras,6,3.8183
identidades,6,3.8183
positivo,6,3.8183
iniciativas,6,3.8183
fundamentalmente,6,3.8183
wbmfodjbo,6,3.8183
services,6,3.8183
now,6,3.8183
period,6,3.8183
section,6,3.8183
promoting,6,3.8183
carried,6,3.8183
although,6,3.8183
only,6,3.8183
framework,6,3.8183
market,6,3.8183
book,6,3.8183
because,6,3.8183
way,6,3.8183
positive,6,3.8183
ethnic,6,3.8183
satis,6,3.8183
sintonitzen,6,3.8183
ocu,6,3.8183
sintesí,6,3.8183
utiliza,6,3.8183
podría,6,3.8183
relations,6,3.8183
interviewed,6,3.8183
thinks,6,3.8183
barranquet,6,3.8183
polígons,6,3.8183
portitxol,6,3.8183
sester,6,3.8183
muntanyeta,6,3.8183
tossalet,6,3.8183
pelat,6,3.8183
cabeçó,6,3.8183
teuleria,6,3.8183
artiga,6,3.8183
rompuda,6,3.8183
cabeç,6,3.8183
tossa,6,3.8183
tallafoc,6,3.8183
pantà,6,3.8183
rajolar,6,3.8183
platgeta,6,3.8183
regall,6,3.8183
xopada,6,3.8183
álava,6,3.8183
coruña,6,3.8183
у,6,3.8183
stat,6,3.8183
neerlandòfon,6,3.8183
negro,6,3.8183
statistics,6,3.8183
gagaús,6,3.8183
русский,6,3.8183
enseignement,6,3.8183
rapport,6,3.8183
europarl,6,3.8183
contenu,6,3.8183
necesario,6,3.8183
virtud,6,3.8183
euromed,6,3.8183
atès,6,3.8183
igualmente,6,3.8183
fundamentales,6,3.8183
substitución,6,3.8183
negativos,6,3.8183
principalmente,6,3.8183
preciso,6,3.8183
seminario,6,3.8183
consideración,6,3.8183
incorporación,6,3.8183
comunicarse,6,3.8183
desarrollada,6,3.8183
desarrollado,6,3.8183
directamente,6,3.8183
documento,6,3.8183
significado,6,3.8183
presentado,6,3.8183
euskaldunes,6,3.8183
voluntarismo,6,3.8183
vascohablante,6,3.8183
eul,6,3.8183
testimonios,6,3.8183
nieto,6,3.8183
viguera,6,3.8183
excluyente,6,3.8183
magrebines,6,3.8183
trigal,6,3.8183
espardenyades,6,3.8183
aportaran,5,3.1819
ultrapassa,5,3.1819
incerteses,5,3.1819
consultem,5,3.1819
geolingüística,5,3.1819
compaginar,5,3.1819
coneixedor,5,3.1819
allunyada,5,3.1819
pregunten,5,3.1819
patricia,5,3.1819
defensora,5,3.1819
beatriz,5,3.1819
constarà,5,3.1819
confluïxen,5,3.1819
guardonar,5,3.1819
activació,5,3.1819
eixides,5,3.1819
lucas,5,3.1819
mercedes,5,3.1819
tractà,5,3.1819
dominicals,5,3.1819
leccionaris,5,3.1819
silenciosa,5,3.1819
arraconada,5,3.1819
enfosquida,5,3.1819
alçant,5,3.1819
simbòliques,5,3.1819
conformat,5,3.1819
congestió,5,3.1819
escollits,5,3.1819
exercint,5,3.1819
vicedegana,5,3.1819
compàs,5,3.1819
espills,5,3.1819
interfície,5,3.1819
exportar,5,3.1819
llàcer,5,3.1819
metodologies,5,3.1819
apàtrides,5,3.1819
emotiva,5,3.1819
endur,5,3.1819
bibliotecària,5,3.1819
dols,5,3.1819
meteorològica,5,3.1819
crispació,5,3.1819
passejar,5,3.1819
tania,5,3.1819
francina,5,3.1819
puntualment,5,3.1819
constituïsquen,5,3.1819
regals,5,3.1819
delegada,5,3.1819
rostro,5,3.1819
rodar,5,3.1819
còrdova,5,3.1819
pròximament,5,3.1819
prologada,5,3.1819
allunya,5,3.1819
suposà,5,3.1819
depuració,5,3.1819
bibliogràfiques,5,3.1819
apleguen,5,3.1819
historiogràfica,5,3.1819
elegies,5,3.1819
remeten,5,3.1819
avançats,5,3.1819
fisiològiques,5,3.1819
gomis,5,3.1819
atacar,5,3.1819
engrandir,5,3.1819
aliaga,5,3.1819
elies,5,3.1819
bayarri,5,3.1819
maurici,5,3.1819
belmonte,5,3.1819
calafat,5,3.1819
rafel,5,3.1819
císcar,5,3.1819
forcadell,5,3.1819
guarinos,5,3.1819
ivars,5,3.1819
jovi,5,3.1819
voro,5,3.1819
mezquita,5,3.1819
monsonís,5,3.1819
estela,5,3.1819
congost,5,3.1819
raül,5,3.1819
novell,5,3.1819
oms,5,3.1819
ginestar,5,3.1819
lliris,5,3.1819
elisabet,5,3.1819
roselló,5,3.1819
sentandreu,5,3.1819
ismael,5,3.1819
vilaplana,5,3.1819
circ,5,3.1819
excm,5,3.1819
bicorp,5,3.1819
mengual,5,3.1819
promet,5,3.1819
amerat,5,3.1819
arraconar,5,3.1819
conflictivitat,5,3.1819
alacantexpress,5,3.1819
desdejuni,5,3.1819
indexació,5,3.1819
necesarios,5,3.1819
presupuestos,5,3.1819
aprobada,5,3.1819
modificaciones,5,3.1819
partidas,5,3.1819
capítulos,5,3.1819
pronunciava,5,3.1819
deroga,5,3.1819
deliberacions,5,3.1819
enfortix,5,3.1819
alguerès,5,3.1819
lloseta,5,3.1819
mariona,5,3.1819
impulsores,5,3.1819
faceta,5,3.1819
inaugurarà,5,3.1819
recollia,5,3.1819
voz,5,3.1819
tornava,5,3.1819
magistral,5,3.1819
contat,5,3.1819
monòleg,5,3.1819
dibuixen,5,3.1819
acumulats,5,3.1819
cartogràfics,5,3.1819
discernir,5,3.1819
piu,5,3.1819
preventiva,5,3.1819
infusió,5,3.1819
pacient,5,3.1819
cognitiu,5,3.1819
estimula,5,3.1819
dinamitzador,5,3.1819
scrabble,5,3.1819
esplai,5,3.1819
divertit,5,3.1819
gimcana,5,3.1819
digueren,5,3.1819
vinguda,5,3.1819
arnal,5,3.1819
encarregades,5,3.1819
girava,5,3.1819
febre,5,3.1819
fugaç,5,3.1819
protegia,5,3.1819
duarte,5,3.1819
tristesa,5,3.1819
cimeres,5,3.1819
propera,5,3.1819
beneficiari,5,3.1819
finalitze,5,3.1819
permetran,5,3.1819
amants,5,3.1819
comportà,5,3.1819
solucionar,5,3.1819
ajust,5,3.1819
greuge,5,3.1819
executat,5,3.1819
idoni,5,3.1819
mosaic,5,3.1819
ambiciosa,5,3.1819
riuades,5,3.1819
apreciacions,5,3.1819
tramuntana,5,3.1819
canonge,5,3.1819
persecucions,5,3.1819
paller,5,3.1819
irta,5,3.1819
queralt,5,3.1819
imposant,5,3.1819
reixos,5,3.1819
genoma,5,3.1819
derogar,5,3.1819
robinson,5,3.1819
preeminent,5,3.1819
currículums,5,3.1819
venal,5,3.1819
pensada,5,3.1819
crearà,5,3.1819
redactada,5,3.1819
destacava,5,3.1819
humaníssima,5,3.1819
recelosa,5,3.1819
ciment,5,3.1819
immensitat,5,3.1819
julieta,5,3.1819
rodat,5,3.1819
castellanitzades,5,3.1819
xurro,5,3.1819
extretes,5,3.1819
contrastiu,5,3.1819
labiodental,5,3.1819
mire,5,3.1819
encoratjador,5,3.1819
musicat,5,3.1819
concedits,5,3.1819
lomas,5,3.1819
impulsà,5,3.1819
lliuren,5,3.1819
versatilitat,5,3.1819
dietarisme,5,3.1819
conduïda,5,3.1819
moderada,5,3.1819
lentitud,5,3.1819
gema,5,3.1819
viatja,5,3.1819
tabaleters,5,3.1819
detallen,5,3.1819
assistixen,5,3.1819
ferreries,5,3.1819
conreat,5,3.1819
supose,5,3.1819
adolescència,5,3.1819
partidari,5,3.1819
rossa,5,3.1819
lada,5,3.1819
ortofotos,5,3.1819
prenem,5,3.1819
altivesa,5,3.1819
dualitats,5,3.1819
contemplem,5,3.1819
imperants,5,3.1819
coixo,5,3.1819
plantà,5,3.1819
mocadorà,5,3.1819
elidint,5,3.1819
reflectides,5,3.1819
generats,5,3.1819
promotor,5,3.1819
ficcions,5,3.1819
ulisses,5,3.1819
traspassant,5,3.1819
gires,5,3.1819
sanelo,5,3.1819
influïxen,5,3.1819
pejoratives,5,3.1819
celebrant,5,3.1819
dominicana,5,3.1819
lustradora,5,3.1819
capten,5,3.1819
assistiren,5,3.1819
marionetes,5,3.1819
sonen,5,3.1819
endèmiques,5,3.1819
associazione,5,3.1819
desenrotllat,5,3.1819
escalonada,5,3.1819
aram,5,3.1819
sara,5,3.1819
poliedre,5,3.1819
anhels,5,3.1819
improbable,5,3.1819
isidro,5,3.1819
impel,5,3.1819
sumit,5,3.1819
convencionalment,5,3.1819
ítem,5,3.1819
reemplaçat,5,3.1819
descriptiva,5,3.1819
teixir,5,3.1819
oblidades,5,3.1819
comissaris,5,3.1819
aproximacions,5,3.1819
tebeos,5,3.1819
amorosos,5,3.1819
espurna,5,3.1819
sorprendre,5,3.1819
regala,5,3.1819
aitor,5,3.1819
aparèixer,5,3.1819
compartia,5,3.1819
recolzament,5,3.1819
enfronten,5,3.1819
creem,5,3.1819
actualitzant,5,3.1819
nogueroles,5,3.1819
artísticament,5,3.1819
adonem,5,3.1819
tingues,5,3.1819
sobrevinguda,5,3.1819
ignorant,5,3.1819
castellanitzant,5,3.1819
consumix,5,3.1819
emocionalment,5,3.1819
decanten,5,3.1819
ajustada,5,3.1819
suggereixen,5,3.1819
domèstica,5,3.1819
moncada,5,3.1819
alboraya,5,3.1819
perdido,5,3.1819
burriana,5,3.1819
montichelvo,5,3.1819
nàquera,5,3.1819
psiquiatria,5,3.1819
instrumentalització,5,3.1819
destaquem,5,3.1819
sociopolítica,5,3.1819
extravagant,5,3.1819
mirantbò,5,3.1819
companya,5,3.1819
preferiblement,5,3.1819
llavina,5,3.1819
senzillesa,5,3.1819
protagonitzada,5,3.1819
refer,5,3.1819
laborà,5,3.1819
amfiteatre,5,3.1819
complementada,5,3.1819
controlat,5,3.1819
agen,5,3.1819
ivorra,5,3.1819
transcendint,5,3.1819
acumulant,5,3.1819
carcassa,5,3.1819
narratius,5,3.1819
recuperats,5,3.1819
coeditat,5,3.1819
arguimbau,5,3.1819
motivada,5,3.1819
emigració,5,3.1819
refugiar,5,3.1819
exiliada,5,3.1819
vitalista,5,3.1819
cobdcv,5,3.1819
rosich,5,3.1819
sagitari,5,3.1819
estampa,5,3.1819
judicis,5,3.1819
consentir,5,3.1819
anònimes,5,3.1819
interposa,5,3.1819
regit,5,3.1819
autobiogràfica,5,3.1819
construint,5,3.1819
consuetudinari,5,3.1819
seguiren,5,3.1819
xàmbit,5,3.1819
venedors,5,3.1819
excursions,5,3.1819
permetera,5,3.1819
procrastinació,5,3.1819
fonch,5,3.1819
avisat,5,3.1819
furry,5,3.1819
arreplegarà,5,3.1819
señor,5,3.1819
masos,5,3.1819
almirall,5,3.1819
crides,5,3.1819
desfilades,5,3.1819
benissoda,5,3.1819
costaner,5,3.1819
irrealitat,5,3.1819
santedat,5,3.1819
arquebisbes,5,3.1819
divins,5,3.1819
ciri,5,3.1819
cilíndrica,5,3.1819
aniversaris,5,3.1819
concurrents,5,3.1819
proa,5,3.1819
monoparental,5,3.1819
engendrar,5,3.1819
anorèxia,5,3.1819
anormal,5,3.1819
obsessió,5,3.1819
orxata,5,3.1819
sanitaris,5,3.1819
cascall,5,3.1819
associà,5,3.1819
espessa,5,3.1819
hindi,5,3.1819
palanca,5,3.1819
penitents,5,3.1819
inclusiva,5,3.1819
creus,5,3.1819
contingents,5,3.1819
ruïna,5,3.1819
homo,5,3.1819
escarni,5,3.1819
farcida,5,3.1819
costumistes,5,3.1819
cocots,5,3.1819
recreacions,5,3.1819
seriós,5,3.1819
dotor,5,3.1819
penseu,5,3.1819
petroli,5,3.1819
estagflació,5,3.1819
canvià,5,3.1819
fusteria,5,3.1819
trons,5,3.1819
derive,5,3.1819
resplendor,5,3.1819
paleta,5,3.1819
improvisació,5,3.1819
financers,5,3.1819
plano,5,3.1819
prenguérem,5,3.1819
prelació,5,3.1819
tropical,5,3.1819
aporte,5,3.1819
camisetes,5,3.1819
emblemàtic,5,3.1819
porteria,5,3.1819
ardor,5,3.1819
agitació,5,3.1819
protesta,5,3.1819
proclamava,5,3.1819
receptius,5,3.1819
desventures,5,3.1819
lligant,5,3.1819
fusionar,5,3.1819
castigar,5,3.1819
faràs,5,3.1819
forjat,5,3.1819
delictes,5,3.1819
pures,5,3.1819
filtres,5,3.1819
arestes,5,3.1819
erres,5,3.1819
insignes,5,3.1819
crónica,5,3.1819
saudí,5,3.1819
poguérem,5,3.1819
decurs,5,3.1819
penja,5,3.1819
prescripcions,5,3.1819
antepenúltima,5,3.1819
apropiació,5,3.1819
cardenals,5,3.1819
arribaven,5,3.1819
fórem,5,3.1819
caritat,5,3.1819
ostentació,5,3.1819
icònica,5,3.1819
oportunament,5,3.1819
delme,5,3.1819
benedicció,5,3.1819
salvat,5,3.1819
aliats,5,3.1819
capitalisme,5,3.1819
desconcertant,5,3.1819
afegida,5,3.1819
fisonomia,5,3.1819
controls,5,3.1819
mercaders,5,3.1819
recaptació,5,3.1819
xativí,5,3.1819
conformem,5,3.1819
arrogant,5,3.1819
assassinat,5,3.1819
lloctinent,5,3.1819
distants,5,3.1819
imprevisibles,5,3.1819
eixamplà,5,3.1819
dictionnaire,5,3.1819
distorsiona,5,3.1819
groga,5,3.1819
vinagre,5,3.1819
paremiologia,5,3.1819
cull,5,3.1819
ieisme,5,3.1819
remeis,5,3.1819
afeccions,5,3.1819
eclesiàstiques,5,3.1819
auxili,5,3.1819
emergents,5,3.1819
preveja,5,3.1819
exercí,5,3.1819
portàtil,5,3.1819
purisme,5,3.1819
rama,5,3.1819
afectius,5,3.1819
restant,5,3.1819
atrapat,5,3.1819
exercien,5,3.1819
tardana,5,3.1819
provinga,5,3.1819
plogut,5,3.1819
neollatines,5,3.1819
recipients,5,3.1819
insta,5,3.1819
impregnades,5,3.1819
nec,5,3.1819
papel,5,3.1819
desapercebuda,5,3.1819
insinua,5,3.1819
arte,5,3.1819
suspés,5,3.1819
atractiva,5,3.1819
deixaran,5,3.1819
rara,5,3.1819
ilíada,5,3.1819
mostraven,5,3.1819
apatia,5,3.1819
dor,5,3.1819
brots,5,3.1819
percebuda,5,3.1819
veredicte,5,3.1819
corzo,5,3.1819
cossi,5,3.1819
pinyol,5,3.1819
perduts,5,3.1819
mariscal,5,3.1819
faldes,5,3.1819
graella,5,3.1819
atractius,5,3.1819
alteren,5,3.1819
díeç,5,3.1819
ensunya,5,3.1819
vaca,5,3.1819
conversos,5,3.1819
cremats,5,3.1819
reproduint,5,3.1819
entretindre,5,3.1819
paguen,5,3.1819
justos,5,3.1819
arameu,5,3.1819
adquiriren,5,3.1819
assalt,5,3.1819
revelen,5,3.1819
austrohongarés,5,3.1819
dispersos,5,3.1819
parlà,5,3.1819
benedictí,5,3.1819
faula,5,3.1819
hospitalitat,5,3.1819
noruec,5,3.1819
ajudava,5,3.1819
majories,5,3.1819
patricis,5,3.1819
impossibles,5,3.1819
merescut,5,3.1819
jofré,5,3.1819
separaven,5,3.1819
barons,5,3.1819
rebutjat,5,3.1819
aspirem,5,3.1819
salomó,5,3.1819
utilitats,5,3.1819
dictionary,5,3.1819
generalitzà,5,3.1819
terapèutica,5,3.1819
erigit,5,3.1819
capgirar,5,3.1819
expertes,5,3.1819
serres,5,3.1819
batejat,5,3.1819
guerrers,5,3.1819
sofrir,5,3.1819
successos,5,3.1819
pertorbar,5,3.1819
epicur,5,3.1819
apassionat,5,3.1819
descobriments,5,3.1819
molèstia,5,3.1819
intuir,5,3.1819
súplica,5,3.1819
deïtats,5,3.1819
manifestaven,5,3.1819
portara,5,3.1819
manà,5,3.1819
banal,5,3.1819
alegries,5,3.1819
obsessiva,5,3.1819
penjat,5,3.1819
man,5,3.1819
confluència,5,3.1819
trobadors,5,3.1819
amada,5,3.1819
violent,5,3.1819
impregnada,5,3.1819
pedagògic,5,3.1819
serfs,5,3.1819
llorer,5,3.1819
pètals,5,3.1819
fracassos,5,3.1819
instaurat,5,3.1819
absorció,5,3.1819
substantivà,5,3.1819
rotundament,5,3.1819
alpera,5,3.1819
infantesa,5,3.1819
distàncies,5,3.1819
sobrenaturals,5,3.1819
generava,5,3.1819
curació,5,3.1819
descrivint,5,3.1819
devem,5,3.1819
soví,5,3.1819
receptari,5,3.1819
contret,5,3.1819
aproximava,5,3.1819
bategant,5,3.1819
incorreccions,5,3.1819
bessó,5,3.1819
tropa,5,3.1819
maniobra,5,3.1819
rompre,5,3.1819
viciós,5,3.1819
star,5,3.1819
inestimable,5,3.1819
crowdfunding,5,3.1819
navegant,5,3.1819
climàtic,5,3.1819
escorça,5,3.1819
efecto,5,3.1819
usaren,5,3.1819
guardava,5,3.1819
respost,5,3.1819
vespres,5,3.1819
aficionat,5,3.1819
arrossegar,5,3.1819
fingint,5,3.1819
amazigh,5,3.1819
existira,5,3.1819
success,5,3.1819
tendisquen,5,3.1819
procuren,5,3.1819
famoses,5,3.1819
àlvar,5,3.1819
vaques,5,3.1819
xofer,5,3.1819
emanen,5,3.1819
simbolitzava,5,3.1819
trencada,5,3.1819
oir,5,3.1819
horteta,5,3.1819
zool,5,3.1819
llegendària,5,3.1819
sien,5,3.1819
imprimir,5,3.1819
visualització,5,3.1819
ccoo,5,3.1819
animalet,5,3.1819
anada,5,3.1819
perceptibles,5,3.1819
lexicalitzades,5,3.1819
otan,5,3.1819
loch,5,3.1819
terminal,5,3.1819
ortega,5,3.1819
saduceus,5,3.1819
formula,5,3.1819
pierre,5,3.1819
alexis,5,3.1819
assenyalant,5,3.1819
paronomàsia,5,3.1819
atenuar,5,3.1819
èpica,5,3.1819
virtuosa,5,3.1819
engolir,5,3.1819
donaren,5,3.1819
lladres,5,3.1819
judicatura,5,3.1819
majestat,5,3.1819
obstruir,5,3.1819
β,5,3.1819
asimètrica,5,3.1819
adversaris,5,3.1819
afèresi,5,3.1819
juridique,5,3.1819
manifestants,5,3.1819
eslògans,5,3.1819
pancartes,5,3.1819
denotar,5,3.1819
ciceró,5,3.1819
insultar,5,3.1819
regina,5,3.1819
observada,5,3.1819
africada,5,3.1819
panellets,5,3.1819
revolucionari,5,3.1819
castanyes,5,3.1819
llest,5,3.1819
agulles,5,3.1819
revelar,5,3.1819
amparar,5,3.1819
ferrandis,5,3.1819
bèstia,5,3.1819
assimilà,5,3.1819
gitar,5,3.1819
suggerit,5,3.1819
mula,5,3.1819
abram,5,3.1819
pera,5,3.1819
pɛ,5,3.1819
buida,5,3.1819
savonarola,5,3.1819
claror,5,3.1819
comanda,5,3.1819
clos,5,3.1819
executa,5,3.1819
hortalissa,5,3.1819
anticossos,5,3.1819
coets,5,3.1819
reballar,5,3.1819
lenta,5,3.1819
verdoses,5,3.1819
calçada,5,3.1819
vidres,5,3.1819
estoc,5,3.1819
bescoll,5,3.1819
alfa,5,3.1819
canis,5,3.1819
utilitzara,5,3.1819
emetien,5,3.1819
extingit,5,3.1819
ració,5,3.1819
obscures,5,3.1819
acusar,5,3.1819
tentacles,5,3.1819
retrocessos,5,3.1819
adobat,5,3.1819
roure,5,3.1819
enllestir,5,3.1819
modernitzar,5,3.1819
cavalleries,5,3.1819
permeté,5,3.1819
uf,5,3.1819
faltava,5,3.1819
minos,5,3.1819
minotaure,5,3.1819
preparant,5,3.1819
paranys,5,3.1819
tristos,5,3.1819
comicis,5,3.1819
adduïdes,5,3.1819
party,5,3.1819
ocultes,5,3.1819
inherents,5,3.1819
moreria,5,3.1819
grisenques,5,3.1819
infinit,5,3.1819
ancestral,5,3.1819
atena,5,3.1819
irònica,5,3.1819
totum,5,3.1819
cementeris,5,3.1819
tombes,5,3.1819
gastronòmics,5,3.1819
dots,5,3.1819
trento,5,3.1819
criatures,5,3.1819
heràldica,5,3.1819
vedat,5,3.1819
explicàvem,5,3.1819
laica,5,3.1819
erròniament,5,3.1819
discapacitat,5,3.1819
biològics,5,3.1819
musculós,5,3.1819
diatriba,5,3.1819
eclosió,5,3.1819
renaixentista,5,3.1819
identitàries,5,3.1819
monjàvena,5,3.1819
volador,5,3.1819
coques,5,3.1819
imperceptible,5,3.1819
oblits,5,3.1819
llucifer,5,3.1819
tenebrós,5,3.1819
titulà,5,3.1819
iconografia,5,3.1819
cronos,5,3.1819
urà,5,3.1819
fantàstica,5,3.1819
embrió,5,3.1819
blavós,5,3.1819
eucaristia,5,3.1819
extirpar,5,3.1819
projecten,5,3.1819
tires,5,3.1819
promeses,5,3.1819
volcàniques,5,3.1819
efervescència,5,3.1819
avions,5,3.1819
pegat,5,3.1819
boga,5,3.1819
vitet,5,3.1819
traçat,5,3.1819
campió,5,3.1819
habitava,5,3.1819
expandir,5,3.1819
substitut,5,3.1819
vice,5,3.1819
especialitzà,5,3.1819
voladors,5,3.1819
alcàsser,5,3.1819
clandestinament,5,3.1819
góndola,5,3.1819
inventor,5,3.1819
reacciona,5,3.1819
gutenberg,5,3.1819
venerable,5,3.1819
respatler,5,3.1819
monarques,5,3.1819
contrasten,5,3.1819
trencaossos,5,3.1819
transir,5,3.1819
llàgrima,5,3.1819
estratègica,5,3.1819
llisa,5,3.1819
provindre,5,3.1819
envoltats,5,3.1819
mesopotàmia,5,3.1819
torrons,5,3.1819
tornado,5,3.1819
escapar,5,3.1819
ludwig,5,3.1819
tonya,5,3.1819
cast,5,3.1819
carmesina,5,3.1819
enfronta,5,3.1819
costats,5,3.1819
implantant,5,3.1819
telecinesi,5,3.1819
embolcall,5,3.1819
bajoca,5,3.1819
cridat,5,3.1819
tàrtar,5,3.1819
comprenia,5,3.1819
abstractiu,5,3.1819
dimonis,5,3.1819
reprenent,5,3.1819
gastem,5,3.1819
super,5,3.1819
irreals,5,3.1819
priva,5,3.1819
ludits,5,3.1819
qualificades,5,3.1819
sepultura,5,3.1819
ascendir,5,3.1819
sororitat,5,3.1819
publicava,5,3.1819
arribara,5,3.1819
anglosaxó,5,3.1819
pòsit,5,3.1819
solipsisme,5,3.1819
basava,5,3.1819
helicoidal,5,3.1819
plutarc,5,3.1819
pobladors,5,3.1819
severa,5,3.1819
acrònims,5,3.1819
transformen,5,3.1819
dedicava,5,3.1819
inalterable,5,3.1819
sibarita,5,3.1819
immobiliari,5,3.1819
serendipitat,5,3.1819
sri,5,3.1819
lanka,5,3.1819
subsistir,5,3.1819
acostumen,5,3.1819
atura,5,3.1819
poal,5,3.1819
sepulcre,5,3.1819
romanticisme,5,3.1819
ridícula,5,3.1819
semèlpar,5,3.1819
nigèria,5,3.1819
admeses,5,3.1819
sedició,5,3.1819
sectari,5,3.1819
saxòfon,5,3.1819
genolls,5,3.1819
llaurador,5,3.1819
orfe,5,3.1819
cures,5,3.1819
actue,5,3.1819
intercessió,5,3.1819
horitzons,5,3.1819
tajo,5,3.1819
dèficits,5,3.1819
bruta,5,3.1819
ramaders,5,3.1819
grotesca,5,3.1819
rebosteria,5,3.1819
saboc,5,3.1819
prostitutes,5,3.1819
engloba,5,3.1819
rosada,5,3.1819
caracteritzava,5,3.1819
bateig,5,3.1819
cansament,5,3.1819
atenta,5,3.1819
trivial,5,3.1819
incredulitat,5,3.1819
donades,5,3.1819
penyal,5,3.1819
verbena,5,3.1819
revencillar,5,3.1819
manoll,5,3.1819
limitades,5,3.1819
nocturna,5,3.1819
intensificador,5,3.1819
resistiré,5,3.1819
inundació,5,3.1819
pesta,5,3.1819
còmodament,5,3.1819
pastisseria,5,3.1819
ucraïnesos,5,3.1819
integrants,5,3.1819
practicava,5,3.1819
rema,5,3.1819
ocasiona,5,3.1819
marinera,5,3.1819
aleta,5,3.1819
protestant,5,3.1819
musulmà,5,3.1819
enginyer,5,3.1819
lustratiu,5,3.1819
evite,5,3.1819
tirava,5,3.1819
sanguinis,5,3.1819
proselitisme,5,3.1819
proactiu,5,3.1819
primícia,5,3.1819
tributària,5,3.1819
regulaven,5,3.1819
aconseguits,5,3.1819
condicionades,5,3.1819
disputes,5,3.1819
apostat,5,3.1819
orleans,5,3.1819
indígena,5,3.1819
ponentada,5,3.1819
precipitació,5,3.1819
banyat,5,3.1819
llàgrimes,5,3.1819
pleonasme,5,3.1819
amplíssima,5,3.1819
elegant,5,3.1819
perpetu,5,3.1819
límetres,5,3.1819
ferratge,5,3.1819
comestible,5,3.1819
llegum,5,3.1819
plaga,5,3.1819
padre,5,3.1819
paràsit,5,3.1819
recorregué,5,3.1819
devot,5,3.1819
descansa,5,3.1819
actuà,5,3.1819
tancà,5,3.1819
pamflet,5,3.1819
optimistes,5,3.1819
santoral,5,3.1819
momentània,5,3.1819
expansiva,5,3.1819
llacs,5,3.1819
manipular,5,3.1819
pareixien,5,3.1819
complementat,5,3.1819
scientia,5,3.1819
pugen,5,3.1819
compresa,5,3.1819
destruir,5,3.1819
preromànica,5,3.1819
vestida,5,3.1819
planer,5,3.1819
franciscà,5,3.1819
indiscutibles,5,3.1819
altars,5,3.1819
rememorant,5,3.1819
messiànic,5,3.1819
vessar,5,3.1819
duradora,5,3.1819
pagesívols,5,3.1819
monstres,5,3.1819
fenicis,5,3.1819
enriquix,5,3.1819
mausoleu,5,3.1819
matxet,5,3.1819
selva,5,3.1819
armat,5,3.1819
matrioixca,5,3.1819
franges,5,3.1819
verdaderes,5,3.1819
amos,5,3.1819
abstraure,5,3.1819
patia,5,3.1819
gonçal,5,3.1819
cries,5,3.1819
mus,5,3.1819
marededeu,5,3.1819
mançana,5,3.1819
desmesurat,5,3.1819
impedixen,5,3.1819
anunciat,5,3.1819
veien,5,3.1819
saussure,5,3.1819
interrogar,5,3.1819
cabró,5,3.1819
sciences,5,3.1819
contínues,5,3.1819
francophonie,5,3.1819
catalanitat,5,3.1819
hibernació,5,3.1819
erasmus,5,3.1819
globus,5,3.1819
heura,5,3.1819
designades,5,3.1819
sacs,5,3.1819
compon,5,3.1819
cucs,5,3.1819
jan,5,3.1819
llirià,5,3.1819
cridava,5,3.1819
objectivament,5,3.1819
baleàrics,5,3.1819
motivades,5,3.1819
recrea,5,3.1819
encén,5,3.1819
esdevingueren,5,3.1819
fitnes,5,3.1819
monestirs,5,3.1819
africana,5,3.1819
traduïen,5,3.1819
manlleu,5,3.1819
hipotètica,5,3.1819
borumballes,5,3.1819
cadàver,5,3.1819
imparable,5,3.1819
psicològicament,5,3.1819
horts,5,3.1819
hard,5,3.1819
quadrada,5,3.1819
estafar,5,3.1819
ungles,5,3.1819
natiu,5,3.1819
confegir,5,3.1819
petjades,5,3.1819
oo,5,3.1819
empenta,5,3.1819
iugoslàvia,5,3.1819
escurabutxaques,5,3.1819
butxaca,5,3.1819
mides,5,3.1819
automatitzats,5,3.1819
escapisme,5,3.1819
mentalment,5,3.1819
vinyoles,5,3.1819
amorosa,5,3.1819
errant,5,3.1819
antídot,5,3.1819
fecunditat,5,3.1819
afaitar,5,3.1819
financeres,5,3.1819
recopilat,5,3.1819
plagues,5,3.1819
contrastades,5,3.1819
cursus,5,3.1819
cueta,5,3.1819
senyoreta,5,3.1819
hibridació,5,3.1819
cretí,5,3.1819
testicles,5,3.1819
crebassa,5,3.1819
giménez,5,3.1819
invocar,5,3.1819
qualifica,5,3.1819
contagiar,5,3.1819
cessió,5,3.1819
connotació,5,3.1819
còndor,5,3.1819
concertina,5,3.1819
bullici,5,3.1819
escòcia,5,3.1819
pavellons,5,3.1819
comentada,5,3.1819
ambigus,5,3.1819
bragues,5,3.1819
acudix,5,3.1819
explique,5,3.1819
psiquiatre,5,3.1819
atrocitat,5,3.1819
intuïa,5,3.1819
forçats,5,3.1819
emfàticament,5,3.1819
salvant,5,3.1819
ensems,5,3.1819
aportà,5,3.1819
promocional,5,3.1819
arruga,5,3.1819
adreces,5,3.1819
arreglaparròquies,5,3.1819
derrocant,5,3.1819
constituïa,5,3.1819
arnadí,5,3.1819
capoll,5,3.1819
armistici,5,3.1819
quiet,5,3.1819
ars,5,3.1819
hon,5,3.1819
argilaga,5,3.1819
alumini,5,3.1819
emprats,5,3.1819
literalitat,5,3.1819
araucària,5,3.1819
glàndules,5,3.1819
aquelarre,5,3.1819
boc,5,3.1819
tarda,5,3.1819
giren,5,3.1819
ecològic,5,3.1819
originà,5,3.1819
repartir,5,3.1819
beuter,5,3.1819
allunyats,5,3.1819
perseguixen,5,3.1819
ànec,5,3.1819
alguatzil,5,3.1819
acredita,5,3.1819
alcoians,5,3.1819
marins,5,3.1819
diürn,5,3.1819
romanç,5,3.1819
fluida,5,3.1819
protestar,5,3.1819
dissolució,5,3.1819
incomplets,5,3.1819
descendix,5,3.1819
sintètica,5,3.1819
relacional,5,3.1819
autocorrecció,5,3.1819
secreta,5,3.1819
cep,5,3.1819
encomanar,5,3.1819
trampista,5,3.1819
abisme,5,3.1819
opositors,5,3.1819
tennis,5,3.1819
califòrnia,5,3.1819
bufar,5,3.1819
belarús,5,3.1819
volva,5,3.1819
atrau,5,3.1819
vacunòdrom,5,3.1819
benvinguts,5,3.1819
dinastia,5,3.1819
xalar,5,3.1819
zombi,5,3.1819
congolés,5,3.1819
zitzània,5,3.1819
trista,5,3.1819
queferós,5,3.1819
ornamentals,5,3.1819
empat,5,3.1819
completada,5,3.1819
olimp,5,3.1819
tanquen,5,3.1819
pellorfa,5,3.1819
aplicats,5,3.1819
patriòtica,5,3.1819
beethoven,5,3.1819
parotet,5,3.1819
malsons,5,3.1819
johann,5,3.1819
oxímoron,5,3.1819
petxina,5,3.1819
equiparar,5,3.1819
classificat,5,3.1819
auguste,5,3.1819
diferenciador,5,3.1819
serrat,5,3.1819
senegal,5,3.1819
ítaca,5,3.1819
copsar,5,3.1819
fixen,5,3.1819
nispro,5,3.1819
nigromància,5,3.1819
invocació,5,3.1819
nepotisme,5,3.1819
verificable,5,3.1819
nazis,5,3.1819
solitària,5,3.1819
aconsellar,5,3.1819
mufló,5,3.1819
mauritània,5,3.1819
mordassa,5,3.1819
disfressar,5,3.1819
may,5,3.1819
mocar,5,3.1819
nasals,5,3.1819
metja,5,3.1819
recol,5,3.1819
maniqueisme,5,3.1819
mandolina,5,3.1819
oïda,5,3.1819
detergent,5,3.1819
simplificat,5,3.1819
entenga,5,3.1819
lítote,5,3.1819
leotards,5,3.1819
massís,5,3.1819
coneixíem,5,3.1819
confeccionat,5,3.1819
jeroglífics,5,3.1819
fal,5,3.1819
immobles,5,3.1819
acostumar,5,3.1819
immolar,5,3.1819
lusionisme,5,3.1819
submergida,5,3.1819
hooligan,5,3.1819
protagonitzen,5,3.1819
honestedat,5,3.1819
homeopatia,5,3.1819
holisme,5,3.1819
clarificar,5,3.1819
enunciada,5,3.1819
motors,5,3.1819
contraris,5,3.1819
promulgat,5,3.1819
hàmster,5,3.1819
hamletià,5,3.1819
viscuda,5,3.1819
indecisió,5,3.1819
cremant,5,3.1819
dènou,5,3.1819
guiri,5,3.1819
gual,5,3.1819
evolutiva,5,3.1819
txèquia,5,3.1819
gimnàstica,5,3.1819
recorreguts,5,3.1819
estivella,5,3.1819
divisa,5,3.1819
garba,5,3.1819
gastroneta,5,3.1819
kh,5,3.1819
txékhov,5,3.1819
gandienc,5,3.1819
galimaties,5,3.1819
introductòria,5,3.1819
galileo,5,3.1819
freaky,5,3.1819
renyó,5,3.1819
exercides,5,3.1819
femar,5,3.1819
vast,5,3.1819
estefania,5,3.1819
faràndula,5,3.1819
falcia,5,3.1819
dorm,5,3.1819
prolífic,5,3.1819
requerides,5,3.1819
exhumació,5,3.1819
dictat,5,3.1819
arcaics,5,3.1819
incompliment,5,3.1819
isidor,5,3.1819
estornell,5,3.1819
empleo,5,3.1819
erre,5,3.1819
incapaç,5,3.1819
entelar,5,3.1819
entabuixar,5,3.1819
enrocar,5,3.1819
encallar,5,3.1819
empoderament,5,3.1819
augusta,5,3.1819
pastorals,5,3.1819
embossar,5,3.1819
fonològica,5,3.1819
podent,5,3.1819
observador,5,3.1819
cobles,5,3.1819
dunes,5,3.1819
queen,5,3.1819
rèptil,5,3.1819
due,5,3.1819
disturbi,5,3.1819
dispondre,5,3.1819
transitiu,5,3.1819
fonamentat,5,3.1819
desencontre,5,3.1819
dengue,5,3.1819
demagògia,5,3.1819
triangle,5,3.1819
convenientment,5,3.1819
estimacions,5,3.1819
coalitzar,5,3.1819
coach,5,3.1819
tutor,5,3.1819
omés,5,3.1819
cirera,5,3.1819
circadiari,5,3.1819
conseqüent,5,3.1819
cinematogràfic,5,3.1819
centrifugar,5,3.1819
dormitori,5,3.1819
catarsi,5,3.1819
càrtel,5,3.1819
carpe,5,3.1819
bolívia,5,3.1819
permissivitat,5,3.1819
caravel,5,3.1819
òptim,5,3.1819
caperutxa,5,3.1819
canibalisme,5,3.1819
proliferen,5,3.1819
calostre,5,3.1819
caipirinya,5,3.1819
paulo,5,3.1819
rústica,5,3.1819
afavorirà,5,3.1819
apanyar,5,3.1819
adéu,5,3.1819
adamisme,5,3.1819
acoquinar,5,3.1819
aborronar,5,3.1819
aportant,5,3.1819
empresari,5,3.1819
mallorquín,5,3.1819
latín,5,3.1819
bústia,5,3.1819
bumerang,5,3.1819
botifler,5,3.1819
nacionalistes,5,3.1819
botelló,5,3.1819
adquirides,5,3.1819
borumballa,5,3.1819
abstenció,5,3.1819
clàusula,5,3.1819
multa,5,3.1819
biquini,5,3.1819
indígenes,5,3.1819
besamans,5,3.1819
financer,5,3.1819
bassot,5,3.1819
labial,5,3.1819
acceptabilitat,5,3.1819
embrutar,5,3.1819
alveolars,5,3.1819
palatals,5,3.1819
fricatives,5,3.1819
articulen,5,3.1819
lt,5,3.1819
dz,5,3.1819
atleta,5,3.1819
trienni,5,3.1819
nugar,5,3.1819
adequa,5,3.1819
qua,5,3.1819
creixents,5,3.1819
paquet,5,3.1819
licient,5,3.1819
féieu,5,3.1819
créiem,5,3.1819
comprèn,5,3.1819
pius,5,3.1819
centenes,5,3.1819
estejar,5,3.1819
matisen,5,3.1819
cinematogràfiques,5,3.1819
ferrocarrils,5,3.1819
àlies,5,3.1819
convencionals,5,3.1819
dislocació,5,3.1819
decimals,5,3.1819
aclariments,5,3.1819
flexius,5,3.1819
mancades,5,3.1819
concordar,5,3.1819
declaratives,5,3.1819
delimiten,5,3.1819
imprecisa,5,3.1819
conceben,5,3.1819
pomes,5,3.1819
iu,5,3.1819
defectius,5,3.1819
contextual,5,3.1819
predicatius,5,3.1819
avaluatiu,5,3.1819
assidu,5,3.1819
intrínsec,5,3.1819
repercussions,5,3.1819
ent,5,3.1819
ènova,5,3.1819
laguar,5,3.1819
díctics,5,3.1819
aquestos,5,3.1819
anafòrics,5,3.1819
alternar,5,3.1819
omet,5,3.1819
explícits,5,3.1819
donaré,5,3.1819
residir,5,3.1819
quasicopulatius,5,3.1819
adjectives,5,3.1819
preverbal,5,3.1819
podré,5,3.1819
inanimat,5,3.1819
aqueix,5,3.1819
vola,5,3.1819
preocupar,5,3.1819
imperfectiu,5,3.1819
ocórrer,5,3.1819
cante,5,3.1819
ria,5,3.1819
òbriga,5,3.1819
pretenga,5,3.1819
compatibles,5,3.1819
atributius,5,3.1819
restar,5,3.1819
transitoris,5,3.1819
estudiats,5,3.1819
connectius,5,3.1819
opositiu,5,3.1819
disjuntives,5,3.1819
discursives,5,3.1819
impròpies,5,3.1819
fàtiques,5,3.1819
antimentalisme,5,3.1819
nominalització,5,3.1819
adjuntar,5,3.1819
matisada,5,3.1819
limitats,5,3.1819
jutgessa,5,3.1819
ivaj,5,3.1819
prescriptives,5,3.1819
servira,5,3.1819
aïna,5,3.1819
imperiosa,5,3.1819
recíproca,5,3.1819
adesiara,5,3.1819
exclou,5,3.1819
afegiments,5,3.1819
nétes,5,3.1819
óssos,5,3.1819
historial,5,3.1819
his,5,3.1819
esporàdica,5,3.1819
rètol,5,3.1819
requerisquen,5,3.1819
paso,5,3.1819
àustries,5,3.1819
benet,5,3.1819
espectable,5,3.1819
potemkin,5,3.1819
turístiques,5,3.1819
valencianitzats,5,3.1819
cursat,5,3.1819
heroica,5,3.1819
advertiments,5,3.1819
together,5,3.1819
igualen,5,3.1819
manifestaren,5,3.1819
disconformitat,5,3.1819
podràs,5,3.1819
poses,5,3.1819
benvolgut,5,3.1819
hages,5,3.1819
regulats,5,3.1819
conferenciant,5,3.1819
capitell,5,3.1819
obrers,5,3.1819
reparació,5,3.1819
ambigu,5,3.1819
explicatiu,5,3.1819
aniré,5,3.1819
tiquet,5,3.1819
repartit,5,3.1819
firmes,5,3.1819
franceses,5,3.1819
vullgues,5,3.1819
començarem,5,3.1819
tardar,5,3.1819
socis,5,3.1819
necessites,5,3.1819
policíaques,5,3.1819
notòria,5,3.1819
mediambiental,5,3.1819
forçades,5,3.1819
milloren,5,3.1819
poqueta,5,3.1819
costaneres,5,3.1819
isc,5,3.1819
contesten,5,3.1819
guanyaria,5,3.1819
lamentar,5,3.1819
hum,5,3.1819
resignació,5,3.1819
veres,5,3.1819
escolte,5,3.1819
ángeles,5,3.1819
hipòlita,5,3.1819
impreses,5,3.1819
succeïx,5,3.1819
emmarcat,5,3.1819
perfeccionament,5,3.1819
vocalies,5,3.1819
jurista,5,3.1819
mediàtics,5,3.1819
promotora,5,3.1819
vivo,5,3.1819
eivissa,5,3.1819
lidera,5,3.1819
rànquing,5,3.1819
dicotomia,5,3.1819
penalba,5,3.1819
penyes,5,3.1819
preocupen,5,3.1819
postures,5,3.1819
renunciat,5,3.1819
seguirem,5,3.1819
promoguen,5,3.1819
curricular,5,3.1819
introductoris,5,3.1819
parcent,5,3.1819
abordarà,5,3.1819
educada,5,3.1819
plafons,5,3.1819
segueixen,5,3.1819
gaudia,5,3.1819
posades,5,3.1819
mateo,5,3.1819
nuc,5,3.1819
emetrà,5,3.1819
inspectora,5,3.1819
patrimonis,5,3.1819
badana,5,3.1819
domènech,5,3.1819
montevideo,5,3.1819
manos,5,3.1819
irrellevant,5,3.1819
comportaria,5,3.1819
urbanístic,5,3.1819
fulgenci,5,3.1819
exiliades,5,3.1819
universalista,5,3.1819
francesca,5,3.1819
autòcton,5,3.1819
finalitzen,5,3.1819
entenedor,5,3.1819
pruebas,5,3.1819
doctors,5,3.1819
algimia,5,3.1819
autopistes,5,3.1819
patrocinat,5,3.1819
assistida,5,3.1819
neoliberal,5,3.1819
potencialitat,5,3.1819
disposàvem,5,3.1819
intersindical,5,3.1819
stepv,5,3.1819
alfajarín,5,3.1819
tornaria,5,3.1819
gabriela,5,3.1819
enumera,5,3.1819
vetlarà,5,3.1819
signada,5,3.1819
remetrà,5,3.1819
pronunciament,5,3.1819
finançats,5,3.1819
luz,5,3.1819
alós,5,3.1819
materialització,5,3.1819
cooperar,5,3.1819
enceta,5,3.1819
munic,5,3.1819
preautonòmic,5,3.1819
augmentarà,5,3.1819
hèctor,5,3.1819
casterà,5,3.1819
assumpcionista,5,3.1819
vulguen,5,3.1819
fundacions,5,3.1819
elaboraren,5,3.1819
delegacions,5,3.1819
inconclús,5,3.1819
dilucidar,5,3.1819
butinyà,5,3.1819
ducal,5,3.1819
diplomàtica,5,3.1819
diatòpica,5,3.1819
urrea,5,3.1819
toscana,5,3.1819
sü,5,3.1819
rubió,5,3.1819
cavalleresc,5,3.1819
camerlengo,5,3.1819
loquialismes,5,3.1819
emperò,5,3.1819
represente,5,3.1819
noces,5,3.1819
casale,5,3.1819
milanés,5,3.1819
plànols,5,3.1819
libris,5,3.1819
duquessa,5,3.1819
sexes,5,3.1819
ferrara,5,3.1819
milano,5,3.1819
lettere,5,3.1819
molto,5,3.1819
quello,5,3.1819
principe,5,3.1819
cose,5,3.1819
castellanos,5,3.1819
transcriure,5,3.1819
vertadera,5,3.1819
pseudo,5,3.1819
llavador,5,3.1819
renacimiento,5,3.1819
vicens,5,3.1819
bari,5,3.1819
note,5,3.1819
und,5,3.1819
nápoles,5,3.1819
anuario,5,3.1819
ivitra,5,3.1819
author,5,3.1819
see,5,3.1819
words,5,3.1819
iniciades,5,3.1819
dista,5,3.1819
innovadora,5,3.1819
lul,5,3.1819
ressenyes,5,3.1819
vicerectorat,5,3.1819
ostentar,5,3.1819
acciones,5,3.1819
ponderat,5,3.1819
museística,5,3.1819
condicionaments,5,3.1819
desenvolupada,5,3.1819
prendran,5,3.1819
ortí,5,3.1819
proclamació,5,3.1819
sensiblement,5,3.1819
leal,5,3.1819
formidable,5,3.1819
costosa,5,3.1819
omplin,5,3.1819
generades,5,3.1819
espriu,5,3.1819
creo,5,3.1819
irremeiablement,5,3.1819
enumerar,5,3.1819
sencers,5,3.1819
feines,5,3.1819
grisa,5,3.1819
tímida,5,3.1819
alçà,5,3.1819
érem,5,3.1819
albirar,5,3.1819
eixien,5,3.1819
fantasmes,5,3.1819
llingua,5,3.1819
ferrero,5,3.1819
name,5,3.1819
required,5,3.1819
jpm,5,3.1819
imágenes,5,3.1819
delhi,5,3.1819
terminologie,5,3.1819
traduction,5,3.1819
place,5,3.1819
study,5,3.1819
estilo,5,3.1819
amprar,5,3.1819
azerbaidjanés,5,3.1819
acredite,5,3.1819
usuària,5,3.1819
atribuïbles,5,3.1819
sincrònica,5,3.1819
becari,5,3.1819
finançat,5,3.1819
intentos,5,3.1819
senior,5,3.1819
high,5,3.1819
prometeo,5,3.1819
herbers,5,3.1819
concordances,5,3.1819
caracas,5,3.1819
ivei,5,3.1819
aillc,5,3.1819
proyecto,5,3.1819
guipúzcoa,5,3.1819
premio,5,3.1819
ahorros,5,3.1819
puerta,5,3.1819
mérito,5,3.1819
paz,5,3.1819
abc,5,3.1819
almudaina,5,3.1819
aitana,5,3.1819
algar,5,3.1819
administradors,5,3.1819
amplament,5,3.1819
programàtica,5,3.1819
working,5,3.1819
interrompuda,5,3.1819
gonzàlvez,5,3.1819
through,5,3.1819
verbos,5,3.1819
preguntas,5,3.1819
redes,5,3.1819
unidos,5,3.1819
say,5,3.1819
ub,5,3.1819
lorca,5,3.1819
mejora,5,3.1819
revue,5,3.1819
aprofundiment,5,3.1819
writing,5,3.1819
identity,5,3.1819
impartix,5,3.1819
federación,5,3.1819
ib,5,3.1819
palmas,5,3.1819
melilla,5,3.1819
tests,5,3.1819
fabulosa,5,3.1819
capitular,5,3.1819
reprenen,5,3.1819
inspiren,5,3.1819
capelles,5,3.1819
retaules,5,3.1819
culmina,5,3.1819
reduïsca,5,3.1819
asentado,5,3.1819
preceptua,5,3.1819
participativa,5,3.1819
agres,5,3.1819
alcalalí,5,3.1819
alcàntera,5,3.1819
alfauir,5,3.1819
almonacid,5,3.1819
almiserà,5,3.1819
beneixida,5,3.1819
beniarjó,5,3.1819
benidoleig,5,3.1819
benifallim,5,3.1819
benilloba,5,3.1819
busot,5,3.1819
càlig,5,3.1819
castellonet,5,3.1819
cotes,5,3.1819
daimús,5,3.1819
daya,5,3.1819
estubeny,5,3.1819
foios,5,3.1819
llanera,5,3.1819
orxeta,5,3.1819
miramar,5,3.1819
arenoso,5,3.1819
rafal,5,3.1819
rafelcofer,5,3.1819
rotglà,5,3.1819
corberà,5,3.1819
piquer,5,3.1819
sellent,5,3.1819
simat,5,3.1819
vallibona,5,3.1819
alcolea,5,3.1819
vistabella,5,3.1819
xeresa,5,3.1819
dirs,5,3.1819
censals,5,3.1819
discrecional,5,3.1819
descrites,5,3.1819
aclarix,5,3.1819
insuficiències,5,3.1819
desafecció,5,3.1819
esterilitzador,5,3.1819
vertaderament,5,3.1819
titol,5,3.1819
reduirà,5,3.1819
senador,5,3.1819
reste,5,3.1819
liquidació,5,3.1819
delegue,5,3.1819
pagaments,5,3.1819
acorde,5,3.1819
procedimentals,5,3.1819
idèntics,5,3.1819
exercisca,5,3.1819
respectarà,5,3.1819
facilitaria,5,3.1819
fragmentada,5,3.1819
assoliment,5,3.1819
avalada,5,3.1819
exclusives,5,3.1819
distintos,5,3.1819
griega,5,3.1819
reyno,5,3.1819
hombres,5,3.1819
necesaria,5,3.1819
motivo,5,3.1819
habría,5,3.1819
distinto,5,3.1819
leyes,5,3.1819
todavía,5,3.1819
creemos,5,3.1819
aun,5,3.1819
ortografía,5,3.1819
haciendo,5,3.1819
cincuenta,5,3.1819
pronunciación,5,3.1819
indudable,5,3.1819
abandono,5,3.1819
posibles,5,3.1819
conseguir,5,3.1819
barceloní,5,3.1819
provincia,5,3.1819
último,5,3.1819
dicen,5,3.1819
bacavesa,5,3.1819
permanente,5,3.1819
fuertemente,5,3.1819
llegado,5,3.1819
tenga,5,3.1819
denominación,5,3.1819
necesariamente,5,3.1819
validez,5,3.1819
títulos,5,3.1819
encuentra,5,3.1819
titulación,5,3.1819
suficiente,5,3.1819
realización,5,3.1819
excloure,5,3.1819
foscs,5,3.1819
incoatives,5,3.1819
cantara,5,3.1819
bonegar,5,3.1819
publiques,5,3.1819
explicades,5,3.1819
ordenen,5,3.1819
assolisca,5,3.1819
inajornable,5,3.1819
acollidora,5,3.1819
encoratjant,5,3.1819
escolaritzats,5,3.1819
garantint,5,3.1819
reglamentària,5,3.1819
establecimiento,5,3.1819
situaciones,5,3.1819
determinará,5,3.1819
materias,5,3.1819
participación,5,3.1819
gestionats,5,3.1819
respetar,5,3.1819
atendiendo,5,3.1819
erga,5,3.1819
capdamunt,5,3.1819
encaminades,5,3.1819
ubicades,5,3.1819
taxativament,5,3.1819
mencionades,5,3.1819
funcione,5,3.1819
telefònics,5,3.1819
plantilles,5,3.1819
instrumentals,5,3.1819
tramitats,5,3.1819
consagra,5,3.1819
adiu,5,3.1819
dpri,5,3.1819
setmanals,5,3.1819
impartició,5,3.1819
garantiran,5,3.1819
recibir,5,3.1819
enseñanzas,5,3.1819
exclusivamente,5,3.1819
fondos,5,3.1819
troncals,5,3.1819
irrenunciable,5,3.1819
oït,5,3.1819
sts,5,3.1819
privado,5,3.1819
apartados,5,3.1819
personales,5,3.1819
actividad,5,3.1819
competencias,5,3.1819
renovación,5,3.1819
correlativament,5,3.1819
actuaciones,5,3.1819
promourà,5,3.1819
déficit,5,3.1819
posibilidades,5,3.1819
deficitària,5,3.1819
resolución,5,3.1819
fijado,5,3.1819
cubrir,5,3.1819
redacta,5,3.1819
artículos,5,3.1819
interno,5,3.1819
vigente,5,3.1819
proyectos,5,3.1819
asienta,5,3.1819
toponimia,5,3.1819
tament,5,3.1819
dobladors,5,3.1819
adaptadors,5,3.1819
partíem,5,3.1819
faci,5,3.1819
llegits,5,3.1819
incloem,5,3.1819
equiparables,5,3.1819
escriguen,5,3.1819
naiximent,5,3.1819
etiòpia,5,3.1819
gueto,5,3.1819
aigüeta,5,3.1819
estandarditzades,5,3.1819
doblar,5,3.1819
int,5,3.1819
voràs,5,3.1819
doblat,5,3.1819
caudete,5,3.1819
txaikovski,5,3.1819
georgià,5,3.1819
guineà,5,3.1819
tòquio,5,3.1819
líbia,5,3.1819
marshall,5,3.1819
zelanda,5,3.1819
wellington,5,3.1819
nevis,5,3.1819
grenadines,5,3.1819
leone,5,3.1819
tobago,5,3.1819
xipre,5,3.1819
play,5,3.1819
ral,5,3.1819
here,5,3.1819
care,5,3.1819
her,5,3.1819
radiofònica,5,3.1819
service,5,3.1819
thanks,5,3.1819
little,5,3.1819
found,5,3.1819
another,5,3.1819
make,5,3.1819
same,5,3.1819
understand,5,3.1819
question,5,3.1819
ºc,5,3.1819
aèria,5,3.1819
cúbic,5,3.1819
dena,5,3.1819
clergat,5,3.1819
medir,5,3.1819
iecat,5,3.1819
galaxia,5,3.1819
espots,5,3.1819
vallverdú,5,3.1819
ezequiel,5,3.1819
ﬁxar,5,3.1819
diﬁcultat,5,3.1819
ﬁscals,5,3.1819
destaque,5,3.1819
aproﬁte,5,3.1819
ﬁll,5,3.1819
expedix,5,3.1819
beneﬁci,5,3.1819
socioeconòmics,5,3.1819
perﬁl,5,3.1819
pta,5,3.1819
modiﬁcació,5,3.1819
tramés,5,3.1819
invita,5,3.1819
oﬁcina,5,3.1819
especíﬁcament,5,3.1819
testimoniatge,5,3.1819
cientíﬁcs,5,3.1819
oﬁcialment,5,3.1819
ﬁres,5,3.1819
rvdm,5,3.1819
db,5,3.1819
gir,5,3.1819
íd,5,3.1819
ﬁcció,5,3.1819
àlgid,5,3.1819
aproﬁtar,5,3.1819
inicien,5,3.1819
diputados,5,3.1819
ministerio,5,3.1819
económicas,5,3.1819
big,5,3.1819
velázquez,5,3.1819
vinci,5,3.1819
norte,5,3.1819
treaty,5,3.1819
esperanza,5,3.1819
autovia,5,3.1819
eﬁcàcia,5,3.1819
aín,5,3.1819
banyeres,5,3.1819
benasau,5,3.1819
cofrentes,5,3.1819
guadasséquies,5,3.1819
fenollet,5,3.1819
montaverner,5,3.1819
onil,5,3.1819
pedralba,5,3.1819
tormos,5,3.1819
xiva,5,3.1819
ze,5,3.1819
signiﬁcatiu,5,3.1819
conﬁguració,5,3.1819
demogràﬁc,5,3.1819
migratòria,5,3.1819
legitimació,5,3.1819
progressos,5,3.1819
trobàvem,5,3.1819
establerta,5,3.1819
prospectiva,5,3.1819
spgfttps,5,3.1819
rtujd,5,3.1819
epcmf,5,3.1819
pgjdjbmjubu,5,3.1819
aturar,5,3.1819
predomine,5,3.1819
aranès,5,3.1819
matisades,5,3.1819
mfohvb,5,3.1819
cooficialidad,5,3.1819
torrens,5,3.1819
polanco,5,3.1819
libertades,5,3.1819
tolivar,5,3.1819
sectorial,5,3.1819
matrícules,5,3.1819
centralitzats,5,3.1819
cmjdb,5,3.1819
fofsbmjubu,5,3.1819
escolaritzada,5,3.1819
editaren,5,3.1819
cmjdt,5,3.1819
jugallengua,5,3.1819
ebeft,5,3.1819
canviarà,5,3.1819
comparativament,5,3.1819
desfavorables,5,3.1819
bufeshujd,5,3.1819
benestants,5,3.1819
contiene,5,3.1819
esencial,5,3.1819
pasa,5,3.1819
desfasament,5,3.1819
privilegiada,5,3.1819
impera,5,3.1819
btufmmw,5,3.1819
desconnexió,5,3.1819
entrevistades,5,3.1819
generalitza,5,3.1819
immigracions,5,3.1819
embranzida,5,3.1819
politicoadministratiu,5,3.1819
borses,5,3.1819
restrictiva,5,3.1819
xtslv,5,3.1819
viària,5,3.1819
sedev,5,3.1819
compleix,5,3.1819
testaments,5,3.1819
gjot,5,3.1819
basta,5,3.1819
fhjtusf,5,3.1819
regularitzar,5,3.1819
indirectament,5,3.1819
defineix,5,3.1819
dotacions,5,3.1819
internautes,5,3.1819
pavesos,5,3.1819
universos,5,3.1819
situe,5,3.1819
territoriales,5,3.1819
doblatges,5,3.1819
versemblant,5,3.1819
marginalitat,5,3.1819
empeny,5,3.1819
bwbombou,5,3.1819
normativitzat,5,3.1819
aïllades,5,3.1819
ligeramente,5,3.1819
php,5,3.1819
municipios,5,3.1819
visión,5,3.1819
promovent,5,3.1819
ateneus,5,3.1819
urbàlia,5,3.1819
rurana,5,3.1819
discogràfic,5,3.1819
events,5,3.1819
guitarrà,5,3.1819
evaristo,5,3.1819
mtas,5,3.1819
plantegem,5,3.1819
multiculturals,5,3.1819
ensenyades,5,3.1819
actives,5,3.1819
ttpdjbdjw,5,3.1819
bttpdjbujv,5,3.1819
parsons,5,3.1819
giddens,5,3.1819
autoidentificació,5,3.1819
noventa,5,3.1819
transformación,5,3.1819
vernácula,5,3.1819
tradicionalmente,5,3.1819
hidalgo,5,3.1819
ecumènic,5,3.1819
leccionari,5,3.1819
implantades,5,3.1819
endògena,5,3.1819
assoleix,5,3.1819
human,5,3.1819
towards,5,3.1819
much,5,3.1819
iula,5,3.1819
lització,5,3.1819
moodle,5,3.1819
wikipedia,5,3.1819
cree,5,3.1819
lin,5,3.1819
económicos,5,3.1819
rasgos,5,3.1819
descripción,5,3.1819
sociolingüísticos,5,3.1819
descenso,5,3.1819
hablarlo,5,3.1819
aumento,5,3.1819
fenómeno,5,3.1819
habían,5,3.1819
posición,5,3.1819
comprobar,5,3.1819
predominio,5,3.1819
desempeño,5,3.1819
únicamente,5,3.1819
comunicativo,5,3.1819
mayoritariamente,5,3.1819
conclusiones,5,3.1819
produciendo,5,3.1819
escasa,5,3.1819
prestigio,5,3.1819
constante,5,3.1819
speaking,5,3.1819
large,5,3.1819
drop,5,3.1819
were,5,3.1819
phenomenon,5,3.1819
opposite,5,3.1819
therefore,5,3.1819
uses,5,3.1819
sphere,5,3.1819
reality,5,3.1819
written,5,3.1819
time,5,3.1819
less,5,3.1819
latin,5,3.1819
initiatives,5,3.1819
ev,5,3.1819
disminuint,5,3.1819
dobla,5,3.1819
agri,5,3.1819
mitad,5,3.1819
escribir,5,3.1819
vía,5,3.1819
utilization,5,3.1819
equal,5,3.1819
publication,5,3.1819
insulars,5,3.1819
llentisclar,5,3.1819
boixar,5,3.1819
ereta,5,3.1819
picaio,5,3.1819
fonteta,5,3.1819
arenal,5,3.1819
argilagar,5,3.1819
ombrieta,5,3.1819
illot,5,3.1819
cantera,5,3.1819
cisterna,5,3.1819
clapissar,5,3.1819
closa,5,3.1819
sitjar,5,3.1819
escaleta,5,3.1819
navarros,5,3.1819
fillola,5,3.1819
runar,5,3.1819
ginebrar,5,3.1819
matissar,5,3.1819
moleta,5,3.1819
murtar,5,3.1819
torreta,5,3.1819
piló,5,3.1819
pinada,5,3.1819
rebollar,5,3.1819
savinar,5,3.1819
rotxa,5,3.1819
tormassal,5,3.1819
pinyin,5,3.1819
е,5,3.1819
assolida,5,3.1819
representaria,5,3.1819
acadèmiavalenciana,5,3.1819
suomen,5,3.1819
dialect,5,3.1819
een,5,3.1819
maar,5,3.1819
loglots,5,3.1819
francesització,5,3.1819
limburguès,5,3.1819
limburg,5,3.1819
flamenques,5,3.1819
holandès,5,3.1819
intergovernamental,5,3.1819
dutch,5,3.1819
језик,5,3.1819
hongarès,5,3.1819
на,5,3.1819
rs,5,3.1819
писмо,5,3.1819
alphabet,5,3.1819
во,5,3.1819
çi,5,3.1819
llmr,5,3.1819
développement,5,3.1819
européen,5,3.1819
conviene,5,3.1819
multilinguisme,5,3.1819
decision,5,3.1819
networks,5,3.1819
respecting,5,3.1819
relieve,5,3.1819
disposiciones,5,3.1819
commission,5,3.1819
eurlex,5,3.1819
ciemen,5,3.1819
lsc,5,3.1819
inclusivament,5,3.1819
varios,5,3.1819
atelier,5,3.1819
auténticos,5,3.1819
protection,5,3.1819
minoritarias,5,3.1819
lllp,5,3.1819
kultur,5,3.1819
elkargoa,5,3.1819
comienza,5,3.1819
anteriores,5,3.1819
prejuicios,5,3.1819
visibilidad,5,3.1819
significativos,5,3.1819
armónico,5,3.1819
ideologías,5,3.1819
minoritaria,5,3.1819
sería,5,3.1819
imposición,5,3.1819
xerais,5,3.1819
zonificación,5,3.1819
socialmente,5,3.1819
bopv,5,3.1819
índice,5,3.1819
puramente,5,3.1819
instrumento,5,3.1819
ponen,5,3.1819
justificación,5,3.1819
amejoramiento,5,3.1819
tópico,5,3.1819
brevísima,5,3.1819
lamela,5,3.1819
citas,5,3.1819
supuesta,5,3.1819
gitanes,5,3.1819
tipològicament,5,3.1819
plurilingüística,5,3.1819
llauro,5,3.1819
steiner,5,3.1819
enfortiment,4,2.5456
repercutix,4,2.5456
sòlides,4,2.5456
sensatesa,4,2.5456
aportarà,4,2.5456
estridències,4,2.5456
presentadora,4,2.5456
baixmedieval,4,2.5456
encetada,4,2.5456
pretenc,4,2.5456
espere,4,2.5456
arrelar,4,2.5456
etnogràfics,4,2.5456
contribuïsca,4,2.5456
concebuda,4,2.5456
acostant,4,2.5456
informada,4,2.5456
trenquen,4,2.5456
reflexionen,4,2.5456
acolliment,4,2.5456
prorrogat,4,2.5456
regidoria,4,2.5456
versar,4,2.5456
feretes,4,2.5456
aforament,4,2.5456
exacadèmics,4,2.5456
tena,4,2.5456
sobrietat,4,2.5456
disperses,4,2.5456
endinsarà,4,2.5456
salven,4,2.5456
arnao,4,2.5456
revalorar,4,2.5456
exhaustivament,4,2.5456
argumental,4,2.5456
ratifica,4,2.5456
recomanen,4,2.5456
constatat,4,2.5456
sotabalcó,4,2.5456
descansó,4,2.5456
emiratià,4,2.5456
categorització,4,2.5456
abocament,4,2.5456
capil,4,2.5456
laboratori,4,2.5456
orienten,4,2.5456
calgut,4,2.5456
codirigix,4,2.5456
arqueològica,4,2.5456
cruïlla,4,2.5456
pareguda,4,2.5456
inserida,4,2.5456
clicant,4,2.5456
lupa,4,2.5456
avaluarà,4,2.5456
unificat,4,2.5456
xarxallull,4,2.5456
auditori,4,2.5456
vilà,4,2.5456
marilisa,4,2.5456
birello,4,2.5456
nexes,4,2.5456
sangüesa,4,2.5456
triades,4,2.5456
entrevistar,4,2.5456
tatuatge,4,2.5456
comèdies,4,2.5456
innovar,4,2.5456
arriscada,4,2.5456
avaluador,4,2.5456
divulgatius,4,2.5456
baños,4,2.5456
zaragozí,4,2.5456
xelo,4,2.5456
emfasitzar,4,2.5456
bronce,4,2.5456
sapiència,4,2.5456
satisfeta,4,2.5456
omplit,4,2.5456
enllestint,4,2.5456
obriren,4,2.5456
lenin,4,2.5456
recuperara,4,2.5456
tucídides,4,2.5456
immers,4,2.5456
pomer,4,2.5456
gazià,4,2.5456
cadaverina,4,2.5456
solastàlgia,4,2.5456
matrescència,4,2.5456
ultraterrestre,4,2.5456
remetia,4,2.5456
canyot,4,2.5456
expectativa,4,2.5456
botja,4,2.5456
psicològica,4,2.5456
nadó,4,2.5456
desconvocat,4,2.5456
internacionalització,4,2.5456
music,4,2.5456
complicats,4,2.5456
eldiario,4,2.5456
uneix,4,2.5456
aspirava,4,2.5456
adversari,4,2.5456
alapont,4,2.5456
aznar,4,2.5456
berna,4,2.5456
bretó,4,2.5456
conejero,4,2.5456
deusa,4,2.5456
ferri,4,2.5456
saport,4,2.5456
gilabert,4,2.5456
girbés,4,2.5456
sanxis,4,2.5456
mascarell,4,2.5456
mir,4,2.5456
nave,4,2.5456
nèstor,4,2.5456
pellicer,4,2.5456
sáez,4,2.5456
biel,4,2.5456
maties,4,2.5456
tomás,4,2.5456
bàrbara,4,2.5456
vázquez,4,2.5456
vendrell,4,2.5456
viadel,4,2.5456
cuc,4,2.5456
aelc,4,2.5456
ressona,4,2.5456
estesos,4,2.5456
constructiva,4,2.5456
ignorat,4,2.5456
impedisca,4,2.5456
funcionalitats,4,2.5456
previsiones,4,2.5456
arbitrària,4,2.5456
puertollano,4,2.5456
riudoms,4,2.5456
bessa,4,2.5456
inexplicable,4,2.5456
estudioses,4,2.5456
encertada,4,2.5456
patrocinada,4,2.5456
programats,4,2.5456
oferiran,4,2.5456
tindré,4,2.5456
laínez,4,2.5456
primerenques,4,2.5456
pecador,4,2.5456
monòlegs,4,2.5456
rebla,4,2.5456
laboratiu,4,2.5456
determinaren,4,2.5456
apropiat,4,2.5456
malsonants,4,2.5456
grosseres,4,2.5456
corregit,4,2.5456
acurat,4,2.5456
planet,4,2.5456
sexili,4,2.5456
hackató,4,2.5456
gravar,4,2.5456
fermentació,4,2.5456
broch,4,2.5456
acostumats,4,2.5456
indret,4,2.5456
satisfactoris,4,2.5456
hafaja,4,2.5456
escoltava,4,2.5456
construïx,4,2.5456
reeixida,4,2.5456
punyent,4,2.5456
guillén,4,2.5456
luscos,4,2.5456
reduccions,4,2.5456
discriminatori,4,2.5456
dràstica,4,2.5456
afrontant,4,2.5456
emocionals,4,2.5456
transcendentals,4,2.5456
conservava,4,2.5456
neboda,4,2.5456
detenció,4,2.5456
naval,4,2.5456
canigó,4,2.5456
turia,4,2.5456
distingida,4,2.5456
escoltem,4,2.5456
varetes,4,2.5456
tabalet,4,2.5456
fotògraf,4,2.5456
eleven,4,2.5456
xotxim,4,2.5456
estereotipades,4,2.5456
castics,4,2.5456
enginyeria,4,2.5456
genètica,4,2.5456
coeditarà,4,2.5456
deler,4,2.5456
benlliure,4,2.5456
irreductible,4,2.5456
musica,4,2.5456
jarque,4,2.5456
plasmava,4,2.5456
esdevinguen,4,2.5456
altituds,4,2.5456
perdurable,4,2.5456
lumina,4,2.5456
frontereres,4,2.5456
rígides,4,2.5456
enguerí,4,2.5456
autoridades,4,2.5456
ibérica,4,2.5456
crítico,4,2.5456
sibilants,4,2.5456
revisen,4,2.5456
misèries,4,2.5456
òbvia,4,2.5456
testimonien,4,2.5456
estirp,4,2.5456
reivindicava,4,2.5456
medalles,4,2.5456
dempeus,4,2.5456
trenet,4,2.5456
recopila,4,2.5456
revitalitzar,4,2.5456
integrara,4,2.5456
triplica,4,2.5456
imprudent,4,2.5456
ramírez,4,2.5456
duga,4,2.5456
captivar,4,2.5456
prades,4,2.5456
participatiu,4,2.5456
xics,4,2.5456
úrsula,4,2.5456
contant,4,2.5456
misteriós,4,2.5456
solitud,4,2.5456
atrevit,4,2.5456
podries,4,2.5456
oficialitzada,4,2.5456
acusa,4,2.5456
vellesa,4,2.5456
espardenyes,4,2.5456
esclafit,4,2.5456
fideuà,4,2.5456
cremà,4,2.5456
cruixent,4,2.5456
ocurrències,4,2.5456
diòxid,4,2.5456
hidrogen,4,2.5456
concretada,4,2.5456
reconeixem,4,2.5456
radiofònic,4,2.5456
biografies,4,2.5456
incansables,4,2.5456
tempestes,4,2.5456
bilbao,4,2.5456
fest,4,2.5456
arranjaments,4,2.5456
esperada,4,2.5456
castellanoaragonés,4,2.5456
felicitació,4,2.5456
estarem,4,2.5456
colonització,4,2.5456
recíproc,4,2.5456
animen,4,2.5456
mediterranea,4,2.5456
depositada,4,2.5456
inscrits,4,2.5456
gaudit,4,2.5456
mems,4,2.5456
teixides,4,2.5456
huitantena,4,2.5456
detallar,4,2.5456
emmagatzematge,4,2.5456
fomentant,4,2.5456
propícia,4,2.5456
dachs,4,2.5456
berga,4,2.5456
elisenda,4,2.5456
llucmajor,4,2.5456
listes,4,2.5456
articulista,4,2.5456
iris,4,2.5456
fnac,4,2.5456
estrenar,4,2.5456
apareguera,4,2.5456
quallat,4,2.5456
indefinida,4,2.5456
impermeable,4,2.5456
substancia,4,2.5456
sofisticació,4,2.5456
monferrer,4,2.5456
copiar,4,2.5456
descodificar,4,2.5456
corol,4,2.5456
diferixen,4,2.5456
acurtaments,4,2.5456
abreviació,4,2.5456
renfe,4,2.5456
pib,4,2.5456
plantege,4,2.5456
llimonada,4,2.5456
columbicultura,4,2.5456
eixampla,4,2.5456
interminables,4,2.5456
profitós,4,2.5456
estretir,4,2.5456
cercaterm,4,2.5456
acariciar,4,2.5456
aliances,4,2.5456
amagades,4,2.5456
geològiques,4,2.5456
endinsa,4,2.5456
germán,4,2.5456
difondrà,4,2.5456
semestre,4,2.5456
joies,4,2.5456
sorprenen,4,2.5456
natalici,4,2.5456
coincidirà,4,2.5456
valenciania,4,2.5456
mayos,4,2.5456
fonamentats,4,2.5456
cíclica,4,2.5456
recorreran,4,2.5456
barqueta,4,2.5456
coneixeran,4,2.5456
descarregant,4,2.5456
compradors,4,2.5456
físicament,4,2.5456
internament,4,2.5456
formatiu,4,2.5456
engrescadora,4,2.5456
imant,4,2.5456
entusiasta,4,2.5456
negant,4,2.5456
sorprés,4,2.5456
resistixen,4,2.5456
matisa,4,2.5456
incòmode,4,2.5456
bigastre,4,2.5456
albuixech,4,2.5456
gandía,4,2.5456
elche,4,2.5456
lorcha,4,2.5456
sagunto,4,2.5456
mario,4,2.5456
arquitectònica,4,2.5456
semantisme,4,2.5456
explosius,4,2.5456
canvie,4,2.5456
descobrixen,4,2.5456
mancada,4,2.5456
rebudes,4,2.5456
daurada,4,2.5456
contemplació,4,2.5456
cabanilles,4,2.5456
herències,4,2.5456
mètrica,4,2.5456
barana,4,2.5456
panyella,4,2.5456
autoodi,4,2.5456
proposen,4,2.5456
orà,4,2.5456
maximilià,4,2.5456
thous,4,2.5456
llorens,4,2.5456
sorbona,4,2.5456
patrici,4,2.5456
comunistes,4,2.5456
sotssecretari,4,2.5456
remolar,4,2.5456
valdés,4,2.5456
alcaide,4,2.5456
piqueras,4,2.5456
hidrònims,4,2.5456
argots,4,2.5456
orellera,4,2.5456
casc,4,2.5456
vins,4,2.5456
treballadora,4,2.5456
inicie,4,2.5456
realisme,4,2.5456
tibau,4,2.5456
bressoleig,4,2.5456
insomni,4,2.5456
vicedo,4,2.5456
parra,4,2.5456
adversa,4,2.5456
autobiogràfics,4,2.5456
batiste,4,2.5456
lustrador,4,2.5456
commemorativa,4,2.5456
bibliogràfics,4,2.5456
sagitario,4,2.5456
telemàtica,4,2.5456
carassa,4,2.5456
vallès,4,2.5456
exclusively,4,2.5456
proveïdor,4,2.5456
recuperada,4,2.5456
catàstrofes,4,2.5456
cels,4,2.5456
guerrer,4,2.5456
audaç,4,2.5456
dotà,4,2.5456
desplaçada,4,2.5456
omnibus,4,2.5456
demanaven,4,2.5456
sandwich,4,2.5456
desapareguts,4,2.5456
pernil,4,2.5456
turcs,4,2.5456
menjaven,4,2.5456
cab,4,2.5456
poch,4,2.5456
conegué,4,2.5456
pelut,4,2.5456
disfressa,4,2.5456
possibilitava,4,2.5456
comercialitzar,4,2.5456
classifica,4,2.5456
sorita,4,2.5456
polpís,4,2.5456
apuntàvem,4,2.5456
revers,4,2.5456
goldner,4,2.5456
college,4,2.5456
bizantí,4,2.5456
tibet,4,2.5456
anomenant,4,2.5456
pontifici,4,2.5456
sastre,4,2.5456
sogra,4,2.5456
ciris,4,2.5456
quilos,4,2.5456
conformaren,4,2.5456
ocorreguts,4,2.5456
efímer,4,2.5456
muntonada,4,2.5456
alteà,4,2.5456
descrivia,4,2.5456
vestia,4,2.5456
dietaris,4,2.5456
influïx,4,2.5456
vehiculat,4,2.5456
falsedat,4,2.5456
donsayna,4,2.5456
loquis,4,2.5456
transitòries,4,2.5456
musculat,4,2.5456
trastorns,4,2.5456
exagerades,4,2.5456
morena,4,2.5456
aiguardent,4,2.5456
mentira,4,2.5456
preparava,4,2.5456
sospites,4,2.5456
refresc,4,2.5456
sambori,4,2.5456
carbonada,4,2.5456
vedella,4,2.5456
meconi,4,2.5456
bengalí,4,2.5456
prove,4,2.5456
hipòcrita,4,2.5456
quadres,4,2.5456
mo,4,2.5456
tortuosa,4,2.5456
assequible,4,2.5456
pimentó,4,2.5456
corregudes,4,2.5456
discreta,4,2.5456
immediates,4,2.5456
circulen,4,2.5456
calcular,4,2.5456
quedaria,4,2.5456
ninots,4,2.5456
prisma,4,2.5456
pap,4,2.5456
ganxo,4,2.5456
passeu,4,2.5456
padilla,4,2.5456
parades,4,2.5456
eugeni,4,2.5456
galtada,4,2.5456
ligents,4,2.5456
podcast,4,2.5456
prediccions,4,2.5456
suaus,4,2.5456
divulgat,4,2.5456
utensili,4,2.5456
costumari,4,2.5456
òbvies,4,2.5456
defensiu,4,2.5456
monumentals,4,2.5456
afectes,4,2.5456
vistoses,4,2.5456
bolet,4,2.5456
groguets,4,2.5456
repel,4,2.5456
modest,4,2.5456
tenyir,4,2.5456
cromàtica,4,2.5456
casuals,4,2.5456
fundà,4,2.5456
bollir,4,2.5456
reglat,4,2.5456
agustín,4,2.5456
carnal,4,2.5456
inevitables,4,2.5456
viles,4,2.5456
genealògic,4,2.5456
protoindoeuropea,4,2.5456
lustrats,4,2.5456
sever,4,2.5456
terrenal,4,2.5456
erosiona,4,2.5456
bonament,4,2.5456
espontànies,4,2.5456
fragrant,4,2.5456
muerte,4,2.5456
somàlia,4,2.5456
emparant,4,2.5456
tolerar,4,2.5456
sobreviscut,4,2.5456
consuetudinàries,4,2.5456
oller,4,2.5456
moria,4,2.5456
isqué,4,2.5456
butla,4,2.5456
preciosa,4,2.5456
inequívoc,4,2.5456
difumina,4,2.5456
contundència,4,2.5456
donald,4,2.5456
rescatat,4,2.5456
prèdiques,4,2.5456
mussolini,4,2.5456
utilitzaren,4,2.5456
feixisme,4,2.5456
lògiques,4,2.5456
comunament,4,2.5456
reales,4,2.5456
castilla,4,2.5456
obligar,4,2.5456
proteccionistes,4,2.5456
pitjors,4,2.5456
entremesclen,4,2.5456
arrogants,4,2.5456
perillosos,4,2.5456
innumerables,4,2.5456
llançada,4,2.5456
virulentament,4,2.5456
mostraren,4,2.5456
súbdits,4,2.5456
visqueren,4,2.5456
espècia,4,2.5456
ardent,4,2.5456
granets,4,2.5456
aglutinador,4,2.5456
insignificant,4,2.5456
irromput,4,2.5456
coberts,4,2.5456
predicció,4,2.5456
salvá,4,2.5456
contradiuen,4,2.5456
reviure,4,2.5456
encaixar,4,2.5456
invicte,4,2.5456
nadalenques,4,2.5456
importada,4,2.5456
carnoses,4,2.5456
inflorescències,4,2.5456
deté,4,2.5456
entrellacen,4,2.5456
aroma,4,2.5456
enganxats,4,2.5456
sorprenentment,4,2.5456
xata,4,2.5456
enfadós,4,2.5456
aplanat,4,2.5456
encreuen,4,2.5456
gots,4,2.5456
succeït,4,2.5456
dubtoses,4,2.5456
culpes,4,2.5456
materialitzar,4,2.5456
procurat,4,2.5456
estival,4,2.5456
projectaven,4,2.5456
esmene,4,2.5456
cuinar,4,2.5456
ressalta,4,2.5456
vulgarismes,4,2.5456
pous,4,2.5456
nenguna,4,2.5456
nengun,4,2.5456
unus,4,2.5456
ninguno,4,2.5456
correlatiu,4,2.5456
magre,4,2.5456
atents,4,2.5456
interpretava,4,2.5456
desgràcies,4,2.5456
anatomia,4,2.5456
artificis,4,2.5456
fluix,4,2.5456
sensual,4,2.5456
encapçalem,4,2.5456
apostòlica,4,2.5456
gaudium,4,2.5456
hate,4,2.5456
engendra,4,2.5456
miraments,4,2.5456
atényer,4,2.5456
aptes,4,2.5456
desemboca,4,2.5456
cabeçol,4,2.5456
recompenses,4,2.5456
cobrarà,4,2.5456
cervos,4,2.5456
elucubracions,4,2.5456
socarrar,4,2.5456
inexistents,4,2.5456
reivindicatiu,4,2.5456
bergant,4,2.5456
reconstruint,4,2.5456
escampen,4,2.5456
lleugers,4,2.5456
compositor,4,2.5456
versets,4,2.5456
lleugeres,4,2.5456
ameríndia,4,2.5456
incursió,4,2.5456
simplificà,4,2.5456
innocència,4,2.5456
innocents,4,2.5456
convulsa,4,2.5456
confusament,4,2.5456
acotant,4,2.5456
profeta,4,2.5456
semites,4,2.5456
constituí,4,2.5456
assolat,4,2.5456
remarquem,4,2.5456
grupal,4,2.5456
derivacions,4,2.5456
rígids,4,2.5456
restringides,4,2.5456
recel,4,2.5456
juheus,4,2.5456
ascendència,4,2.5456
sinaí,4,2.5456
afavorisquen,4,2.5456
afligixen,4,2.5456
inconnexes,4,2.5456
ímpetu,4,2.5456
episcopal,4,2.5456
perímetre,4,2.5456
denunciat,4,2.5456
sodoma,4,2.5456
vicis,4,2.5456
assentat,4,2.5456
oferí,4,2.5456
acudiren,4,2.5456
sodomites,4,2.5456
concepcions,4,2.5456
homosexuals,4,2.5456
practicades,4,2.5456
hàbilment,4,2.5456
sinècdoques,4,2.5456
pistes,4,2.5456
agrade,4,2.5456
diluït,4,2.5456
magma,4,2.5456
designem,4,2.5456
sie,4,2.5456
negociar,4,2.5456
intercanviar,4,2.5456
íntims,4,2.5456
assumim,4,2.5456
fillols,4,2.5456
fŏllis,4,2.5456
insuflar,4,2.5456
canonet,4,2.5456
ris,4,2.5456
gesticulació,4,2.5456
maligne,4,2.5456
altíssim,4,2.5456
fredes,4,2.5456
càlids,4,2.5456
apreciable,4,2.5456
caderneres,4,2.5456
fruir,4,2.5456
descoberta,4,2.5456
ibèriques,4,2.5456
matances,4,2.5456
contendents,4,2.5456
hebreus,4,2.5456
arrossegant,4,2.5456
reprendre,4,2.5456
equívocs,4,2.5456
incomunicació,4,2.5456
endarrere,4,2.5456
englobar,4,2.5456
impregna,4,2.5456
mundans,4,2.5456
erradicació,4,2.5456
insuportable,4,2.5456
enuig,4,2.5456
reemplaçament,4,2.5456
violentes,4,2.5456
beneficiat,4,2.5456
forca,4,2.5456
devocions,4,2.5456
trastos,4,2.5456
triomfat,4,2.5456
subjectives,4,2.5456
jacint,4,2.5456
llançant,4,2.5456
trave,4,2.5456
ingenu,4,2.5456
woman,4,2.5456
avia,4,2.5456
sorgiment,4,2.5456
honorífic,4,2.5456
violant,4,2.5456
torbar,4,2.5456
regida,4,2.5456
ségol,4,2.5456
videojocs,4,2.5456
desfilar,4,2.5456
successivament,4,2.5456
exalçar,4,2.5456
incansablement,4,2.5456
bessons,4,2.5456
nasqueren,4,2.5456
anhelaven,4,2.5456
iniciava,4,2.5456
acabaren,4,2.5456
ansiosos,4,2.5456
jutja,4,2.5456
day,4,2.5456
referenciar,4,2.5456
sinestre,4,2.5456
plaerdemavida,4,2.5456
registrats,4,2.5456
màgic,4,2.5456
atribuïen,4,2.5456
favors,4,2.5456
perversa,4,2.5456
impregnat,4,2.5456
gallines,4,2.5456
alterant,4,2.5456
abstinència,4,2.5456
tendia,4,2.5456
excessos,4,2.5456
batec,4,2.5456
nebulós,4,2.5456
ardu,4,2.5456
tractorada,4,2.5456
incorrecció,4,2.5456
proliferat,4,2.5456
obsoletes,4,2.5456
convergixen,4,2.5456
lluenta,4,2.5456
reminiscència,4,2.5456
sen,4,2.5456
bull,4,2.5456
anticipadament,4,2.5456
donacions,4,2.5456
nitrogen,4,2.5456
enllacen,4,2.5456
astrologia,4,2.5456
avet,4,2.5456
rivals,4,2.5456
amoroses,4,2.5456
contemplacions,4,2.5456
comares,4,2.5456
rabelais,4,2.5456
marcaven,4,2.5456
fibra,4,2.5456
urgell,4,2.5456
formulava,4,2.5456
mutable,4,2.5456
petersburg,4,2.5456
desentendre,4,2.5456
amazics,4,2.5456
justificable,4,2.5456
berbers,4,2.5456
propicià,4,2.5456
instaurada,4,2.5456
temporades,4,2.5456
galliner,4,2.5456
natus,4,2.5456
nasci,4,2.5456
discutible,4,2.5456
aprofundim,4,2.5456
provada,4,2.5456
estudià,4,2.5456
amaltea,4,2.5456
supremacia,4,2.5456
jehovà,4,2.5456
mitològica,4,2.5456
hondures,4,2.5456
aspiraven,4,2.5456
legítims,4,2.5456
cento,4,2.5456
simbolitza,4,2.5456
aquàtic,4,2.5456
guisar,4,2.5456
farciment,4,2.5456
estament,4,2.5456
anthoni,4,2.5456
estrep,4,2.5456
film,4,2.5456
explotar,4,2.5456
tendre,4,2.5456
sorgint,4,2.5456
transferí,4,2.5456
antany,4,2.5456
interrelacions,4,2.5456
tremola,4,2.5456
vermell,4,2.5456
lança,4,2.5456
cortina,4,2.5456
esvarar,4,2.5456
immortalitat,4,2.5456
dirà,4,2.5456
rocambolesque,4,2.5456
inversemblants,4,2.5456
ale,4,2.5456
idoneïtat,4,2.5456
forns,4,2.5456
entraven,4,2.5456
revestir,4,2.5456
havem,4,2.5456
tramet,4,2.5456
ormació,4,2.5456
emanada,4,2.5456
genollons,4,2.5456
barbàrie,4,2.5456
vau,4,2.5456
muscular,4,2.5456
fatiga,4,2.5456
mahoma,4,2.5456
multisecular,4,2.5456
sem,4,2.5456
injustament,4,2.5456
descriptius,4,2.5456
fisiològic,4,2.5456
denigrar,4,2.5456
uzbekistan,4,2.5456
tadjikistan,4,2.5456
ruminar,4,2.5456
continuant,4,2.5456
estómac,4,2.5456
prolongació,4,2.5456
reflectint,4,2.5456
fust,4,2.5456
calabuig,4,2.5456
estança,4,2.5456
panellet,4,2.5456
taulell,4,2.5456
afegí,4,2.5456
barreta,4,2.5456
acer,4,2.5456
encorbada,4,2.5456
subjectar,4,2.5456
bitllets,4,2.5456
immunda,4,2.5456
vigilar,4,2.5456
caminava,4,2.5456
inofensiu,4,2.5456
casen,4,2.5456
ost,4,2.5456
dispost,4,2.5456
transfiguració,4,2.5456
guardaven,4,2.5456
romanen,4,2.5456
enterc,4,2.5456
acaballes,4,2.5456
oratori,4,2.5456
partixen,4,2.5456
stella,4,2.5456
veren,4,2.5456
pinta,4,2.5456
impecable,4,2.5456
immiscuir,4,2.5456
desfici,4,2.5456
verema,4,2.5456
strauss,4,2.5456
planells,4,2.5456
resumen,4,2.5456
mística,4,2.5456
traspuar,4,2.5456
badalls,4,2.5456
senyeres,4,2.5456
coronades,4,2.5456
depòsits,4,2.5456
condicionant,4,2.5456
comerciant,4,2.5456
adob,4,2.5456
aparents,4,2.5456
alquimista,4,2.5456
carnosa,4,2.5456
indoeuropeu,4,2.5456
mandíbula,4,2.5456
fracció,4,2.5456
àdhuc,4,2.5456
primitivament,4,2.5456
rantella,4,2.5456
mosques,4,2.5456
pallissa,4,2.5456
vianants,4,2.5456
pretext,4,2.5456
llapis,4,2.5456
puntacorrent,4,2.5456
intentava,4,2.5456
conformaven,4,2.5456
evocava,4,2.5456
lluminosos,4,2.5456
lluentor,4,2.5456
desplaçant,4,2.5456
enganyós,4,2.5456
ascendents,4,2.5456
metafòrics,4,2.5456
màgics,4,2.5456
wise,4,2.5456
mags,4,2.5456
repulsió,4,2.5456
badar,4,2.5456
manllevat,4,2.5456
cànons,4,2.5456
lletuga,4,2.5456
assenyalàvem,4,2.5456
deslleialtat,4,2.5456
dogmes,4,2.5456
rescat,4,2.5456
automoció,4,2.5456
construí,4,2.5456
celebrà,4,2.5456
vareta,4,2.5456
protuberància,4,2.5456
ocupà,4,2.5456
preservatiu,4,2.5456
recomanava,4,2.5456
meres,4,2.5456
contraposen,4,2.5456
excavat,4,2.5456
lícit,4,2.5456
beneït,4,2.5456
físics,4,2.5456
anàlogues,4,2.5456
fonamentar,4,2.5456
relegament,4,2.5456
represàlia,4,2.5456
quedaran,4,2.5456
entronca,4,2.5456
obtingueren,4,2.5456
osca,4,2.5456
moguda,4,2.5456
refinament,4,2.5456
causalitat,4,2.5456
descobrí,4,2.5456
articula,4,2.5456
conciliació,4,2.5456
revolutum,4,2.5456
omnia,4,2.5456
meditació,4,2.5456
pertorbació,4,2.5456
nua,4,2.5456
testa,4,2.5456
caus,4,2.5456
interpretada,4,2.5456
ritu,4,2.5456
pagà,4,2.5456
extremitats,4,2.5456
cegues,4,2.5456
recuperen,4,2.5456
ullals,4,2.5456
raigs,4,2.5456
incògnita,4,2.5456
timó,4,2.5456
emmurallat,4,2.5456
haven,4,2.5456
hidràulica,4,2.5456
dubtosos,4,2.5456
panera,4,2.5456
padrins,4,2.5456
animalets,4,2.5456
distret,4,2.5456
lennista,4,2.5456
aconseguia,4,2.5456
vertiginosament,4,2.5456
ecològica,4,2.5456
mangarrufa,4,2.5456
mangarrufes,4,2.5456
descoordinació,4,2.5456
perfilar,4,2.5456
interpretativa,4,2.5456
acusacions,4,2.5456
començaria,4,2.5456
equinocci,4,2.5456
portant,4,2.5456
forjant,4,2.5456
esvaït,4,2.5456
registrava,4,2.5456
viatgers,4,2.5456
polsegosos,4,2.5456
lope,4,2.5456
subtilment,4,2.5456
afonat,4,2.5456
alcuna,4,2.5456
canyissos,4,2.5456
practicant,4,2.5456
traslladara,4,2.5456
radix,4,2.5456
tenebra,4,2.5456
canelobre,4,2.5456
duce,4,2.5456
missions,4,2.5456
bigot,4,2.5456
simplificada,4,2.5456
distorsió,4,2.5456
robar,4,2.5456
protestes,4,2.5456
quietud,4,2.5456
migratòries,4,2.5456
divertiment,4,2.5456
xorrar,4,2.5456
jota,4,2.5456
hortes,4,2.5456
indiscriminadament,4,2.5456
xantatge,4,2.5456
coaccionar,4,2.5456
cràter,4,2.5456
violents,4,2.5456
erupcions,4,2.5456
mineral,4,2.5456
forjar,4,2.5456
oriünd,4,2.5456
habitar,4,2.5456
maduren,4,2.5456
bidireccional,4,2.5456
coent,4,2.5456
potencialment,4,2.5456
realencs,4,2.5456
nòrdic,4,2.5456
expedicions,4,2.5456
delata,4,2.5456
esponjosa,4,2.5456
alliberar,4,2.5456
vitamines,4,2.5456
ramaderia,4,2.5456
filomena,4,2.5456
veles,4,2.5456
tacte,4,2.5456
vandàlic,4,2.5456
rival,4,2.5456
canoa,4,2.5456
llaüt,4,2.5456
naturalista,4,2.5456
devastador,4,2.5456
twitter,4,2.5456
asiàtic,4,2.5456
brama,4,2.5456
trompa,4,2.5456
tri,4,2.5456
gols,4,2.5456
rectes,4,2.5456
recoberts,4,2.5456
mediterranis,4,2.5456
transatlàntic,4,2.5456
taulers,4,2.5456
encomanada,4,2.5456
transsiberià,4,2.5456
mikhaïl,4,2.5456
estímuls,4,2.5456
faules,4,2.5456
trànsfuga,4,2.5456
circumscriu,4,2.5456
produïsquen,4,2.5456
saliva,4,2.5456
inefable,4,2.5456
sorolls,4,2.5456
invoca,4,2.5456
emporta,4,2.5456
tòrcer,4,2.5456
castany,4,2.5456
habilitada,4,2.5456
fallida,4,2.5456
blanet,4,2.5456
transferit,4,2.5456
adormides,4,2.5456
tronada,4,2.5456
conqueridor,4,2.5456
agradava,4,2.5456
decanta,4,2.5456
plausible,4,2.5456
aflora,4,2.5456
encorbat,4,2.5456
antítesi,4,2.5456
divisòria,4,2.5456
delimitada,4,2.5456
taxista,4,2.5456
tarifa,4,2.5456
preguntant,4,2.5456
adobada,4,2.5456
cultivat,4,2.5456
amargor,4,2.5456
minoritaris,4,2.5456
cohesionador,4,2.5456
diran,4,2.5456
tonga,4,2.5456
evacuació,4,2.5456
programada,4,2.5456
recobrix,4,2.5456
albacete,4,2.5456
presumptuosa,4,2.5456
remuntant,4,2.5456
tendents,4,2.5456
orifici,4,2.5456
deliberadament,4,2.5456
arrossegat,4,2.5456
certificar,4,2.5456
ignora,4,2.5456
fictici,4,2.5456
ressonen,4,2.5456
sobreseïment,4,2.5456
dicta,4,2.5456
lur,4,2.5456
embotits,4,2.5456
prémer,4,2.5456
inventà,4,2.5456
plec,4,2.5456
laical,4,2.5456
subsistència,4,2.5456
mucositat,4,2.5456
aristòfanes,4,2.5456
sul,4,2.5456
recreació,4,2.5456
protestants,4,2.5456
troncs,4,2.5456
obtenen,4,2.5456
assimilaren,4,2.5456
llàtzer,4,2.5456
betània,4,2.5456
teològica,4,2.5456
sensibleria,4,2.5456
constatant,4,2.5456
telègraf,4,2.5456
ortodoxa,4,2.5456
santantonada,4,2.5456
lluites,4,2.5456
neolític,4,2.5456
condiment,4,2.5456
escassetat,4,2.5456
jaciments,4,2.5456
sodi,4,2.5456
atorgava,4,2.5456
còmica,4,2.5456
perfum,4,2.5456
retindre,4,2.5456
làmines,4,2.5456
sembrats,4,2.5456
vistositat,4,2.5456
tonalitat,4,2.5456
paràsits,4,2.5456
parit,4,2.5456
rodal,4,2.5456
poblacionals,4,2.5456
concedim,4,2.5456
pesats,4,2.5456
diluint,4,2.5456
treva,4,2.5456
alcohòliques,4,2.5456
stare,4,2.5456
enemigues,4,2.5456
bacon,4,2.5456
restablir,4,2.5456
incendi,4,2.5456
sentimental,4,2.5456
replà,4,2.5456
pisos,4,2.5456
confessat,4,2.5456
patíbul,4,2.5456
fugen,4,2.5456
estrofa,4,2.5456
repetia,4,2.5456
foradades,4,2.5456
disputar,4,2.5456
originada,4,2.5456
bandejar,4,2.5456
mama,4,2.5456
baralla,4,2.5456
mesclats,4,2.5456
fibló,4,2.5456
juxtaposició,4,2.5456
rajoles,4,2.5456
detecció,4,2.5456
vocàlics,4,2.5456
aferrar,4,2.5456
plini,4,2.5456
tou,4,2.5456
causades,4,2.5456
cutànies,4,2.5456
vena,4,2.5456
boleta,4,2.5456
pagans,4,2.5456
adopte,4,2.5456
edicte,4,2.5456
acompanyant,4,2.5456
tempus,4,2.5456
pressuposar,4,2.5456
produïen,4,2.5456
eficaços,4,2.5456
lima,4,2.5456
governació,4,2.5456
barques,4,2.5456
assimilable,4,2.5456
enfrontades,4,2.5456
ponsètia,4,2.5456
recorria,4,2.5456
depredadors,4,2.5456
destrellatat,4,2.5456
emfàtica,4,2.5456
inserit,4,2.5456
historiadors,4,2.5456
esvelt,4,2.5456
carl,4,2.5456
rivalitat,4,2.5456
llauros,4,2.5456
maître,4,2.5456
aparentar,4,2.5456
pèssim,4,2.5456
progressivitat,4,2.5456
arthur,4,2.5456
repeticions,4,2.5456
originaris,4,2.5456
escates,4,2.5456
xenòfob,4,2.5456
allunyades,4,2.5456
parka,4,2.5456
caputxa,4,2.5456
trampes,4,2.5456
bogeria,4,2.5456
justificada,4,2.5456
siguem,4,2.5456
panxacontent,4,2.5456
lades,4,2.5456
passivitat,4,2.5456
contreta,4,2.5456
ràpids,4,2.5456
ferir,4,2.5456
ataca,4,2.5456
maquinària,4,2.5456
televisius,4,2.5456
ingenuïtat,4,2.5456
regien,4,2.5456
pitàgores,4,2.5456
pertoquen,4,2.5456
catòlic,4,2.5456
praxi,4,2.5456
incident,4,2.5456
titans,4,2.5456
envoltava,4,2.5456
columnes,4,2.5456
angost,4,2.5456
mitològic,4,2.5456
faríem,4,2.5456
draps,4,2.5456
nihilisme,4,2.5456
desqualificar,4,2.5456
volguera,4,2.5456
espatla,4,2.5456
lona,4,2.5456
resistent,4,2.5456
aparici,4,2.5456
goril,4,2.5456
dividia,4,2.5456
figurativa,4,2.5456
recreen,4,2.5456
herois,4,2.5456
filosòfics,4,2.5456
islàmic,4,2.5456
reflectits,4,2.5456
transformada,4,2.5456
multiplicació,4,2.5456
malignes,4,2.5456
merder,4,2.5456
melons,4,2.5456
conjunturals,4,2.5456
inventar,4,2.5456
humors,4,2.5456
grossers,4,2.5456
irritació,4,2.5456
serps,4,2.5456
decapitar,4,2.5456
caigué,4,2.5456
àrdua,4,2.5456
emblemàtiques,4,2.5456
honorífica,4,2.5456
watt,4,2.5456
artesà,4,2.5456
motiven,4,2.5456
adaptabilitat,4,2.5456
canó,4,2.5456
marrons,4,2.5456
disminuïsca,4,2.5456
flora,4,2.5456
mater,4,2.5456
animador,4,2.5456
circumdant,4,2.5456
soldre,4,2.5456
anecdòtica,4,2.5456
impressores,4,2.5456
decantar,4,2.5456
sintetitzar,4,2.5456
puristes,4,2.5456
bonico,4,2.5456
desproveïda,4,2.5456
lunar,4,2.5456
lluminosa,4,2.5456
manada,4,2.5456
agrupava,4,2.5456
bits,4,2.5456
lipotímia,4,2.5456
mancat,4,2.5456
eviten,4,2.5456
saltar,4,2.5456
letal,4,2.5456
hostes,4,2.5456
albergs,4,2.5456
adverses,4,2.5456
hispana,4,2.5456
minúsculs,4,2.5456
descendir,4,2.5456
pesa,4,2.5456
explicà,4,2.5456
bacus,4,2.5456
armades,4,2.5456
bellum,4,2.5456
war,4,2.5456
brutes,4,2.5456
evaporació,4,2.5456
traslladada,4,2.5456
moralitat,4,2.5456
pupil,4,2.5456
cultius,4,2.5456
calabruix,4,2.5456
clergue,4,2.5456
larves,4,2.5456
rosat,4,2.5456
eslau,4,2.5456
perceba,4,2.5456
carregant,4,2.5456
distintives,4,2.5456
reconeixent,4,2.5456
àrids,4,2.5456
seduir,4,2.5456
funeral,4,2.5456
descompondre,4,2.5456
freelance,4,2.5456
abocar,4,2.5456
fracaso,4,2.5456
mantingudes,4,2.5456
flip,4,2.5456
flipper,4,2.5456
dofí,4,2.5456
maia,4,2.5456
flaons,4,2.5456
flaó,4,2.5456
africanes,4,2.5456
agrari,4,2.5456
rosegador,4,2.5456
canòniques,4,2.5456
prestigiosa,4,2.5456
afrancesada,4,2.5456
eloqüents,4,2.5456
tabús,4,2.5456
analítica,4,2.5456
habitacions,4,2.5456
lliura,4,2.5456
secreció,4,2.5456
imperativa,4,2.5456
arrossars,4,2.5456
cautela,4,2.5456
esperpent,4,2.5456
redolons,4,2.5456
lamenta,4,2.5456
líriques,4,2.5456
escopir,4,2.5456
camises,4,2.5456
parava,4,2.5456
escalèxtric,4,2.5456
inclinats,4,2.5456
ora,4,2.5456
imaginem,4,2.5456
ploguda,4,2.5456
patí,4,2.5456
projectava,4,2.5456
purgatori,4,2.5456
eufemísticament,4,2.5456
síria,4,2.5456
profitosa,4,2.5456
dècim,4,2.5456
dotzé,4,2.5456
richard,4,2.5456
ero,4,2.5456
tomello,4,2.5456
clavat,4,2.5456
penals,4,2.5456
criogenitzar,4,2.5456
patien,4,2.5456
quebrassa,4,2.5456
analògicament,4,2.5456
latent,4,2.5456
obscur,4,2.5456
traslladable,4,2.5456
correfoc,4,2.5456
disfresses,4,2.5456
incitar,4,2.5456
encerts,4,2.5456
ramader,4,2.5456
llaurar,4,2.5456
arcs,4,2.5456
buròcrates,4,2.5456
confetti,4,2.5456
batejos,4,2.5456
collar,4,2.5456
condó,4,2.5456
incansable,4,2.5456
descendència,4,2.5456
goma,4,2.5456
desitjant,4,2.5456
congregar,4,2.5456
cobertes,4,2.5456
clotet,4,2.5456
precioses,4,2.5456
vorem,4,2.5456
trossets,4,2.5456
turistes,4,2.5456
destresa,4,2.5456
ovalada,4,2.5456
maduració,4,2.5456
rudimentari,4,2.5456
estupidesa,4,2.5456
percebudes,4,2.5456
perjudiquen,4,2.5456
lexical,4,2.5456
baloncesto,4,2.5456
iranià,4,2.5456
eneida,4,2.5456
autòcrata,4,2.5456
engendrat,4,2.5456
omnes,4,2.5456
corren,4,2.5456
dau,4,2.5456
taronger,4,2.5456
véiem,4,2.5456
atrabilis,4,2.5456
land,4,2.5456
vestuari,4,2.5456
qüestionada,4,2.5456
aspra,4,2.5456
bufit,4,2.5456
exitosa,4,2.5456
fraseològic,4,2.5456
simetria,4,2.5456
amagada,4,2.5456
pacífica,4,2.5456
closet,4,2.5456
sotmet,4,2.5456
permetien,4,2.5456
constatava,4,2.5456
arboç,4,2.5456
distribuïdes,4,2.5456
medicaments,4,2.5456
medecina,4,2.5456
regeneració,4,2.5456
irreversible,4,2.5456
desvelar,4,2.5456
cúmul,4,2.5456
apostrofen,4,2.5456
respira,4,2.5456
intermediari,4,2.5456
concebé,4,2.5456
indonèsia,4,2.5456
papua,4,2.5456
madura,4,2.5456
pollastre,4,2.5456
apareixien,4,2.5456
subaltern,4,2.5456
comeses,4,2.5456
rebombori,4,2.5456
erta,4,2.5456
sitio,4,2.5456
subordinat,4,2.5456
agradaven,4,2.5456
vui,4,2.5456
napoleó,4,2.5456
faixa,4,2.5456
fràgil,4,2.5456
ehem,4,2.5456
molecular,4,2.5456
creatiu,4,2.5456
besar,4,2.5456
netes,4,2.5456
observant,4,2.5456
trobaren,4,2.5456
trombe,4,2.5456
potestativament,4,2.5456
bonifaci,4,2.5456
siete,4,2.5456
unànimement,4,2.5456
substantiva,4,2.5456
mesquita,4,2.5456
dirigien,4,2.5456
agrupament,4,2.5456
inflar,4,2.5456
prolongat,4,2.5456
contava,4,2.5456
maleïda,4,2.5456
traces,4,2.5456
ducat,4,2.5456
versalles,4,2.5456
firmaren,4,2.5456
bambolletes,4,2.5456
mortes,4,2.5456
traços,4,2.5456
estàtica,4,2.5456
àvila,4,2.5456
portuguesos,4,2.5456
cirurgià,4,2.5456
inquieta,4,2.5456
perol,4,2.5456
remulla,4,2.5456
restringits,4,2.5456
accedixen,4,2.5456
convergien,4,2.5456
veuràs,4,2.5456
esclau,4,2.5456
ansa,4,2.5456
nicaragua,4,2.5456
filtre,4,2.5456
arri,4,2.5456
beu,4,2.5456
plom,4,2.5456
contorn,4,2.5456
complaença,4,2.5456
sans,4,2.5456
nat,4,2.5456
sonata,4,2.5456
filar,4,2.5456
naixements,4,2.5456
mostrà,4,2.5456
dividits,4,2.5456
exhibixen,4,2.5456
pamplonés,4,2.5456
pàmfils,4,2.5456
decameró,4,2.5456
ola,4,2.5456
verdura,4,2.5456
atifell,4,2.5456
nt,4,2.5456
nodrir,4,2.5456
tirania,4,2.5456
polivalent,4,2.5456
ròtica,4,2.5456
divertimento,4,2.5456
òperes,4,2.5456
ω,4,2.5456
ν,4,2.5456
χ,4,2.5456
protegides,4,2.5456
immersa,4,2.5456
bastida,4,2.5456
recitant,4,2.5456
enyorança,4,2.5456
mosatros,4,2.5456
malentés,4,2.5456
nietzscheà,4,2.5456
encabir,4,2.5456
desaparegudes,4,2.5456
descompensada,4,2.5456
adolescent,4,2.5456
cadis,4,2.5456
aconseguida,4,2.5456
pesquera,4,2.5456
reunides,4,2.5456
moreres,4,2.5456
comunió,4,2.5456
minoritzat,4,2.5456
numèricament,4,2.5456
qualifiquen,4,2.5456
burlescament,4,2.5456
extremitat,4,2.5456
caudal,4,2.5456
invariablement,4,2.5456
vindràs,4,2.5456
dissimular,4,2.5456
consolidaren,4,2.5456
budistes,4,2.5456
male,4,2.5456
anselm,4,2.5456
mangrana,4,2.5456
coronada,4,2.5456
altiplà,4,2.5456
melcior,4,2.5456
mafiós,4,2.5456
audàcia,4,2.5456
especulativa,4,2.5456
misser,4,2.5456
dn,4,2.5456
llamàntol,4,2.5456
tarde,4,2.5456
lesbiana,4,2.5456
cobrixen,4,2.5456
vieja,4,2.5456
majestuós,4,2.5456
cremada,4,2.5456
condecoració,4,2.5456
clergues,4,2.5456
franz,4,2.5456
riques,4,2.5456
aborden,4,2.5456
aviv,4,2.5456
afroamericana,4,2.5456
vocatiu,4,2.5456
kazakhstan,4,2.5456
difusora,4,2.5456
sustenten,4,2.5456
cardíac,4,2.5456
recopilació,4,2.5456
desaparegueren,4,2.5456
innata,4,2.5456
punxar,4,2.5456
motivar,4,2.5456
raresa,4,2.5456
prerrogativa,4,2.5456
inhabilitació,4,2.5456
limitava,4,2.5456
letals,4,2.5456
palos,4,2.5456
parlaments,4,2.5456
detinguts,4,2.5456
càrregues,4,2.5456
desficaci,4,2.5456
virtuós,4,2.5456
matrimonial,4,2.5456
úter,4,2.5456
facĕre,4,2.5456
rendes,4,2.5456
teca,4,2.5456
immoble,4,2.5456
fiable,4,2.5456
heteropatriarcat,4,2.5456
sociopolític,4,2.5456
ocasionar,4,2.5456
universalització,4,2.5456
privar,4,2.5456
ressonància,4,2.5456
tapa,4,2.5456
cridaners,4,2.5456
johnson,4,2.5456
gentils,4,2.5456
ondulada,4,2.5456
distribuïda,4,2.5456
moto,4,2.5456
gihad,4,2.5456
marginals,4,2.5456
dominaven,4,2.5456
escollir,4,2.5456
perseguits,4,2.5456
professionalment,4,2.5456
anomalies,4,2.5456
galàxies,4,2.5456
estoig,4,2.5456
casament,4,2.5456
beneficiós,4,2.5456
pagaven,4,2.5456
ast,4,2.5456
contrapartida,4,2.5456
fake,4,2.5456
enjudiciament,4,2.5456
autoritza,4,2.5456
exhumar,4,2.5456
replantejar,4,2.5456
itàlica,4,2.5456
erto,4,2.5456
implique,4,2.5456
salada,4,2.5456
àguila,4,2.5456
anno,4,2.5456
alternativament,4,2.5456
acceptà,4,2.5456
call,4,2.5456
desitge,4,2.5456
signifique,4,2.5456
prerrogatives,4,2.5456
elxà,4,2.5456
volat,4,2.5456
amera,4,2.5456
dron,4,2.5456
reaccionar,4,2.5456
duo,4,2.5456
salta,4,2.5456
filament,4,2.5456
mill,4,2.5456
geosinònims,4,2.5456
desagradar,4,2.5456
forals,4,2.5456
gue,4,2.5456
gui,4,2.5456
terraqüi,4,2.5456
orina,4,2.5456
mellitus,4,2.5456
glucosa,4,2.5456
deutes,4,2.5456
detectiu,4,2.5456
destarifat,4,2.5456
desbaratafestes,4,2.5456
africans,4,2.5456
ícar,4,2.5456
burgesos,4,2.5456
germanies,4,2.5456
handbol,4,2.5456
claudia,4,2.5456
operant,4,2.5456
lapsus,4,2.5456
estudiantil,4,2.5456
cleptomania,4,2.5456
files,4,2.5456
diògenes,4,2.5456
germànica,4,2.5456
proporcionalment,4,2.5456
celíac,4,2.5456
uniformes,4,2.5456
rich,4,2.5456
santi,4,2.5456
territorialment,4,2.5456
estadis,4,2.5456
carns,4,2.5456
afix,4,2.5456
franquesa,4,2.5456
cancel,4,2.5456
antagònics,4,2.5456
efectuen,4,2.5456
calbo,4,2.5456
henry,4,2.5456
recelosos,4,2.5456
carbonera,4,2.5456
homònimes,4,2.5456
intermediació,4,2.5456
mascaró,4,2.5456
hala,4,2.5456
boycott,4,2.5456
mayo,4,2.5456
convit,4,2.5456
cables,4,2.5456
intensificant,4,2.5456
indemnització,4,2.5456
rescissió,4,2.5456
delicada,4,2.5456
atencions,4,2.5456
fusterià,4,2.5456
berlanguià,4,2.5456
beixamel,4,2.5456
atorgada,4,2.5456
velada,4,2.5456
porquera,4,2.5456
caduca,4,2.5456
balcons,4,2.5456
llençols,4,2.5456
bacs,4,2.5456
posseïxen,4,2.5456
acceptats,4,2.5456
interessar,4,2.5456
ajuste,4,2.5456
pèrgola,4,2.5456
acèfal,4,2.5456
elèctrode,4,2.5456
espècimen,4,2.5456
reptar,4,2.5456
fideu,4,2.5456
mòdul,4,2.5456
tómbola,4,2.5456
poliglot,4,2.5456
animós,4,2.5456
osa,4,2.5456
oi,4,2.5456
llençol,4,2.5456
vɔ,4,2.5456
nsia,4,2.5456
descuit,4,2.5456
olorar,4,2.5456
velars,4,2.5456
africades,4,2.5456
suggestió,4,2.5456
kɔ,4,2.5456
tsar,4,2.5456
kte,4,2.5456
eufòniques,4,2.5456
mɔ,4,2.5456
perdria,4,2.5456
pm,4,2.5456
pn,4,2.5456
ɾa,4,2.5456
despáʤ,4,2.5456
estalvien,4,2.5456
renuncien,4,2.5456
ba,4,2.5456
nes,4,2.5456
cus,4,2.5456
bre,4,2.5456
decreixents,4,2.5456
glop,4,2.5456
kurd,4,2.5456
albercoc,4,2.5456
prefixades,4,2.5456
paisatgístic,4,2.5456
clòtxina,4,2.5456
aves,4,2.5456
cantaves,4,2.5456
admissió,4,2.5456
cinquè,4,2.5456
aprèn,4,2.5456
màrius,4,2.5456
xocs,4,2.5456
metalingüístic,4,2.5456
exigisquen,4,2.5456
plàstiques,4,2.5456
admetien,4,2.5456
duplicant,4,2.5456
traduïsca,4,2.5456
fraccions,4,2.5456
consistirà,4,2.5456
limitarem,4,2.5456
oblidat,4,2.5456
duplicats,4,2.5456
dislocacions,4,2.5456
conceptuals,4,2.5456
fòniques,4,2.5456
carter,4,2.5456
pronunciats,4,2.5456
posposada,4,2.5456
notori,4,2.5456
alegre,4,2.5456
abusos,4,2.5456
mondúver,4,2.5456
penyagolosa,4,2.5456
ivori,4,2.5456
iraq,4,2.5456
intensiva,4,2.5456
díctica,4,2.5456
intermèdia,4,2.5456
numèrica,4,2.5456
bilió,4,2.5456
centena,4,2.5456
quantifiquen,4,2.5456
existencials,4,2.5456
mínimament,4,2.5456
expliciten,4,2.5456
comparats,4,2.5456
direu,4,2.5456
reforçats,4,2.5456
doneu,4,2.5456
reflexiva,4,2.5456
datius,4,2.5456
discursiva,4,2.5456
regalat,4,2.5456
especificativa,4,2.5456
sintetitza,4,2.5456
analítiques,4,2.5456
optativament,4,2.5456
contrauen,4,2.5456
nítida,4,2.5456
insistència,4,2.5456
terriblement,4,2.5456
ultrapassen,4,2.5456
prescindir,4,2.5456
rarament,4,2.5456
perfectius,4,2.5456
acabarem,4,2.5456
biogràfics,4,2.5456
substantivats,4,2.5456
exemplificació,4,2.5456
considerarem,4,2.5456
canto,4,2.5456
fonològiques,4,2.5456
rist,4,2.5456
òmpliga,4,2.5456
velaritzat,4,2.5456
empényer,4,2.5456
exceptuem,4,2.5456
confirmada,4,2.5456
cf,4,2.5456
atributives,4,2.5456
transitivitat,4,2.5456
costar,4,2.5456
valer,4,2.5456
copulatius,4,2.5456
inanimats,4,2.5456
equivalen,4,2.5456
subordina,4,2.5456
additiu,4,2.5456
encapçalant,4,2.5456
nocions,4,2.5456
rendibles,4,2.5456
conatives,4,2.5456
reapareix,4,2.5456
deadjectivals,4,2.5456
novena,4,2.5456
menysprear,4,2.5456
inserir,4,2.5456
poll,4,2.5456
ivam,4,2.5456
murciana,4,2.5456
preservarà,4,2.5456
descriptives,4,2.5456
sistemàtics,4,2.5456
demogràficament,4,2.5456
supressions,4,2.5456
mòlt,4,2.5456
mòlta,4,2.5456
móra,4,2.5456
móres,4,2.5456
mores,4,2.5456
nét,4,2.5456
néta,4,2.5456
óssa,4,2.5456
restringint,4,2.5456
habilita,4,2.5456
ota,4,2.5456
grandot,4,2.5456
xicot,4,2.5456
ambaixada,4,2.5456
bloquejar,4,2.5456
responien,4,2.5456
ametlla,4,2.5456
iarda,4,2.5456
soltes,4,2.5456
saludat,4,2.5456
emporteu,4,2.5456
desplegades,4,2.5456
decrete,4,2.5456
viudo,4,2.5456
peña,4,2.5456
trastàmares,4,2.5456
marquesa,4,2.5456
lentíssima,4,2.5456
prestige,4,2.5456
volkswagen,4,2.5456
boeing,4,2.5456
xerés,4,2.5456
mencions,4,2.5456
juridicopúbliques,4,2.5456
angeles,4,2.5456
cignes,4,2.5456
espadà,4,2.5456
riquer,4,2.5456
dedicatòries,4,2.5456
sarsuela,4,2.5456
dissabtes,4,2.5456
xiulits,4,2.5456
encapçalaments,4,2.5456
datacions,4,2.5456
acudiria,4,2.5456
sincera,4,2.5456
consecutius,4,2.5456
finalitzà,4,2.5456
treb,4,2.5456
partirà,4,2.5456
prescripció,4,2.5456
estilísticament,4,2.5456
ques,4,2.5456
gues,4,2.5456
ges,4,2.5456
detallats,4,2.5456
considerables,4,2.5456
vages,4,2.5456
accentuada,4,2.5456
conec,4,2.5456
encariment,4,2.5456
veges,4,2.5456
voluntaris,4,2.5456
avisar,4,2.5456
promés,4,2.5456
anteposada,4,2.5456
sentides,4,2.5456
moltíssima,4,2.5456
xica,4,2.5456
confie,4,2.5456
passejava,4,2.5456
avisa,4,2.5456
matricular,4,2.5456
partien,4,2.5456
extracció,4,2.5456
injustícia,4,2.5456
substituirà,4,2.5456
desgrat,4,2.5456
situacionals,4,2.5456
acomplisca,4,2.5456
mmm,4,2.5456
interjectives,4,2.5456
fotre,4,2.5456
uix,4,2.5456
proporcionada,4,2.5456
asseguren,4,2.5456
entens,4,2.5456
verbalment,4,2.5456
gloc,4,2.5456
tac,4,2.5456
violoncel,4,2.5456
dedicarà,4,2.5456
zaragoza,4,2.5456
assessores,4,2.5456
requesens,4,2.5456
ocuparà,4,2.5456
redreçar,4,2.5456
degli,4,2.5456
invitada,4,2.5456
unànime,4,2.5456
niños,4,2.5456
maó,4,2.5456
andorrà,4,2.5456
incorporaran,4,2.5456
impartixen,4,2.5456
alícia,4,2.5456
litterarum,4,2.5456
énova,4,2.5456
sòlidament,4,2.5456
gozalbo,4,2.5456
mediados,4,2.5456
nouvingudes,4,2.5456
desenvolupe,4,2.5456
interioritzar,4,2.5456
laborant,4,2.5456
parafrasejant,4,2.5456
asseverat,4,2.5456
amigó,4,2.5456
complisca,4,2.5456
realitze,4,2.5456
publicitaris,4,2.5456
titulats,4,2.5456
coneixerà,4,2.5456
canción,4,2.5456
entrara,4,2.5456
badenes,4,2.5456
impartida,4,2.5456
exhibix,4,2.5456
custodien,4,2.5456
carmina,4,2.5456
distribuïx,4,2.5456
joia,4,2.5456
ininterrompuda,4,2.5456
escollida,4,2.5456
diplomada,4,2.5456
inspectors,4,2.5456
serviran,4,2.5456
immaterials,4,2.5456
obstruïda,4,2.5456
desplegada,4,2.5456
telemàtic,4,2.5456
palomares,4,2.5456
reflexionaran,4,2.5456
méxico,4,2.5456
arroyo,4,2.5456
bernardo,4,2.5456
clariana,4,2.5456
sistèmic,4,2.5456
devaluació,4,2.5456
descobriran,4,2.5456
impartiran,4,2.5456
crespí,4,2.5456
debilitar,4,2.5456
singularitats,4,2.5456
suposaria,4,2.5456
juana,4,2.5456
josefina,4,2.5456
badía,4,2.5456
lletraferits,4,2.5456
tancaments,4,2.5456
moltíssimes,4,2.5456
frasquet,4,2.5456
productora,4,2.5456
inscrites,4,2.5456
divulgatiu,4,2.5456
emprant,4,2.5456
custodi,4,2.5456
explicarà,4,2.5456
acordada,4,2.5456
consistit,4,2.5456
fusterians,4,2.5456
frankfurt,4,2.5456
firmada,4,2.5456
uniformista,4,2.5456
literatures,4,2.5456
actualitzades,4,2.5456
assessorant,4,2.5456
capitalitat,4,2.5456
vallejo,4,2.5456
obligades,4,2.5456
descobrim,4,2.5456
escènic,4,2.5456
estudiades,4,2.5456
sabria,4,2.5456
reeditar,4,2.5456
recomanem,4,2.5456
blogs,4,2.5456
adrecem,4,2.5456
setantena,4,2.5456
militant,4,2.5456
distingits,4,2.5456
comptant,4,2.5456
escollit,4,2.5456
huerga,4,2.5456
lectores,4,2.5456
gascón,4,2.5456
retran,4,2.5456
consistorial,4,2.5456
comptades,4,2.5456
ahui,4,2.5456
desconeguen,4,2.5456
poética,4,2.5456
obtinguera,4,2.5456
ilc,4,2.5456
oriol,4,2.5456
solvència,4,2.5456
regularà,4,2.5456
funcionariat,4,2.5456
emblemàtics,4,2.5456
atenen,4,2.5456
reintroducció,4,2.5456
asensi,4,2.5456
estimes,4,2.5456
angelets,4,2.5456
perseguix,4,2.5456
guadalajara,4,2.5456
bucarest,4,2.5456
adrià,4,2.5456
guiades,4,2.5456
cofundadora,4,2.5456
tractarà,4,2.5456
procedit,4,2.5456
comptava,4,2.5456
enregistraments,4,2.5456
iniciaran,4,2.5456
passaran,4,2.5456
julia,4,2.5456
finalistes,4,2.5456
justes,4,2.5456
cofinançats,4,2.5456
integradora,4,2.5456
bne,4,2.5456
ludeix,4,2.5456
remetem,4,2.5456
sescases,4,2.5456
alfonsina,4,2.5456
ximenes,4,2.5456
giò,4,2.5456
clientela,4,2.5456
rol,4,2.5456
valla,4,2.5456
calaix,4,2.5456
sèneca,4,2.5456
pavia,4,2.5456
aprecia,4,2.5456
apellat,4,2.5456
mercader,4,2.5456
desconeix,4,2.5456
vespasiano,4,2.5456
fu,4,2.5456
duca,4,2.5456
gentilezze,4,2.5456
tutti,4,2.5456
regno,4,2.5456
maestà,4,2.5456
essere,4,2.5456
italia,4,2.5456
sono,4,2.5456
innico,4,2.5456
bages,4,2.5456
marcadors,4,2.5456
influí,4,2.5456
volgueren,4,2.5456
còdexs,4,2.5456
british,4,2.5456
ventimiglia,4,2.5456
monteodorisio,4,2.5456
rota,4,2.5456
preparatoris,4,2.5456
dant,4,2.5456
misto,4,2.5456
mobilitzar,4,2.5456
orfes,4,2.5456
volgare,4,2.5456
relacionava,4,2.5456
guelfa,4,2.5456
aragonese,4,2.5456
ischia,4,2.5456
istituto,4,2.5456
texto,4,2.5456
salerno,4,2.5456
catalanas,4,2.5456
pròlegs,4,2.5456
translated,4,2.5456
literature,4,2.5456
having,4,2.5456
relevant,4,2.5456
wonder,4,2.5456
key,4,2.5456
assolits,4,2.5456
reconega,4,2.5456
coincidit,4,2.5456
desafortunadament,4,2.5456
accedisquen,4,2.5456
impulsarà,4,2.5456
llicenciats,4,2.5456
graduats,4,2.5456
iniciació,4,2.5456
avalats,4,2.5456
monzón,4,2.5456
explicitada,4,2.5456
discriminats,4,2.5456
conciliadora,4,2.5456
arxidiòcesi,4,2.5456
optimització,4,2.5456
orihuela,4,2.5456
segorbe,4,2.5456
tuéjar,4,2.5456
prioritza,4,2.5456
comprovació,4,2.5456
substituts,4,2.5456
completíssim,4,2.5456
diacrònic,4,2.5456
coromina,4,2.5456
novells,4,2.5456
castellet,4,2.5456
identificable,4,2.5456
restava,4,2.5456
breves,4,2.5456
problemàtiques,4,2.5456
gests,4,2.5456
dolent,4,2.5456
gentilesa,4,2.5456
monde,4,2.5456
encetà,4,2.5456
fumeral,4,2.5456
facin,4,2.5456
llauna,4,2.5456
contraria,4,2.5456
portem,4,2.5456
semi,4,2.5456
reia,4,2.5456
taverna,4,2.5456
tassa,4,2.5456
sabatilles,4,2.5456
segat,4,2.5456
ignorar,4,2.5456
fruiters,4,2.5456
impossibilitat,4,2.5456
hortet,4,2.5456
angles,4,2.5456
yyyy,4,2.5456
éditions,4,2.5456
garnier,4,2.5456
read,4,2.5456
croissant,4,2.5456
estibador,4,2.5456
ingeni,4,2.5456
nefast,4,2.5456
tapineria,4,2.5456
break,4,2.5456
litzar,4,2.5456
rodona,4,2.5456
difusors,4,2.5456
considerarà,4,2.5456
identificatiu,4,2.5456
answer,4,2.5456
hl,4,2.5456
microsoft,4,2.5456
help,4,2.5456
maquinari,4,2.5456
jovada,4,2.5456
assumí,4,2.5456
diputación,4,2.5456
enciclopedia,4,2.5456
históricos,4,2.5456
inicio,4,2.5456
estrategia,4,2.5456
oro,4,2.5456
catálogo,4,2.5456
arzobispo,4,2.5456
registros,4,2.5456
extensament,4,2.5456
belgues,4,2.5456
north,4,2.5456
ladi,4,2.5456
doctorals,4,2.5456
upf,4,2.5456
diagnóstico,4,2.5456
brosquil,4,2.5456
qualificacions,4,2.5456
simbor,4,2.5456
love,4,2.5456
tabernes,4,2.5456
condecoracions,4,2.5456
quarter,4,2.5456
górriz,4,2.5456
diputada,4,2.5456
memoria,4,2.5456
llicenciar,4,2.5456
consultor,4,2.5456
trams,4,2.5456
consuelo,4,2.5456
beirut,4,2.5456
consueta,4,2.5456
apegar,4,2.5456
menyspreada,4,2.5456
periòdica,4,2.5456
bas,4,2.5456
institute,4,2.5456
modalidades,4,2.5456
uned,4,2.5456
raonada,4,2.5456
assumible,4,2.5456
für,4,2.5456
sensat,4,2.5456
latitud,4,2.5456
héctor,4,2.5456
analysis,4,2.5456
aspect,4,2.5456
approach,4,2.5456
spoken,4,2.5456
assegador,4,2.5456
dra,4,2.5456
percepción,4,2.5456
procedentes,4,2.5456
emily,4,2.5456
dickinson,4,2.5456
jr,4,2.5456
amadeu,4,2.5456
literaria,4,2.5456
women,4,2.5456
commitment,4,2.5456
canon,4,2.5456
age,4,2.5456
clave,4,2.5456
ausias,4,2.5456
retolacions,4,2.5456
revisada,4,2.5456
ourense,4,2.5456
pontevedra,4,2.5456
besavi,4,2.5456
remodelant,4,2.5456
cister,4,2.5456
flanquejada,4,2.5456
reutilitzant,4,2.5456
creuer,4,2.5456
decorats,4,2.5456
marqueteria,4,2.5456
jaspi,4,2.5456
alabastre,4,2.5456
cripta,4,2.5456
descansen,4,2.5456
requisats,4,2.5456
llegibles,4,2.5456
emmerletada,4,2.5456
agrupaven,4,2.5456
restaurades,4,2.5456
naturaleza,4,2.5456
limorti,4,2.5456
ròtova,4,2.5456
millorem,4,2.5456
álex,4,2.5456
jerarquització,4,2.5456
preexistent,4,2.5456
consolidats,4,2.5456
centúria,4,2.5456
recupere,4,2.5456
entrebancada,4,2.5456
perpetua,4,2.5456
aparicions,4,2.5456
sortosament,4,2.5456
incompatibilitats,4,2.5456
resolta,4,2.5456
estipulat,4,2.5456
unipersonals,4,2.5456
atribuïsca,4,2.5456
regirà,4,2.5456
renovacions,4,2.5456
aconseguisca,4,2.5456
encomane,4,2.5456
assignació,4,2.5456
delegar,4,2.5456
elegirà,4,2.5456
procurarà,4,2.5456
terminología,4,2.5456
gredos,4,2.5456
concepción,4,2.5456
solidaridad,4,2.5456
naturales,4,2.5456
lenga,4,2.5456
special,4,2.5456
maians,4,2.5456
fiestas,4,2.5456
sobretodo,4,2.5456
cdlpv,4,2.5456
francia,4,2.5456
composts,4,2.5456
catalá,4,2.5456
cambiar,4,2.5456
cuales,4,2.5456
excepción,4,2.5456
gallegas,4,2.5456
singularment,4,2.5456
ibiza,4,2.5456
reinos,4,2.5456
cerrado,4,2.5456
personalidad,4,2.5456
regiones,4,2.5456
esfuerzos,4,2.5456
textualment,4,2.5456
canonització,4,2.5456
código,4,2.5456
barrejats,4,2.5456
preocupación,4,2.5456
bacàvia,4,2.5456
eliseu,4,2.5456
contestació,4,2.5456
partiendo,4,2.5456
ellas,4,2.5456
pudiendo,4,2.5456
profesorado,4,2.5456
anexo,4,2.5456
título,4,2.5456
septiembre,4,2.5456
pueda,4,2.5456
conocido,4,2.5456
alguno,4,2.5456
titulaciones,4,2.5456
licenciatura,4,2.5456
estilístics,4,2.5456
pragmàtics,4,2.5456
oportuns,4,2.5456
trists,4,2.5456
patisc,4,2.5456
patixes,4,2.5456
patisca,4,2.5456
pateixen,4,2.5456
patira,4,2.5456
convindre,4,2.5456
fadrí,4,2.5456
ois,4,2.5456
sorra,4,2.5456
escaló,4,2.5456
tothora,4,2.5456
operativa,4,2.5456
veïnatge,4,2.5456
rectorats,4,2.5456
primordials,4,2.5456
acomplit,4,2.5456
juridicopolític,4,2.5456
internacionalitzat,4,2.5456
deixàrem,4,2.5456
incrementarà,4,2.5456
plenaris,4,2.5456
marginat,4,2.5456
aprovara,4,2.5456
ordinaris,4,2.5456
incorporara,4,2.5456
evap,4,2.5456
puedan,4,2.5456
concreto,4,2.5456
procedimientos,4,2.5456
materiales,4,2.5456
cuerpos,4,2.5456
agrupaciones,4,2.5456
funcionariales,4,2.5456
crean,4,2.5456
concorren,4,2.5456
contenido,4,2.5456
convocatoria,4,2.5456
agrupación,4,2.5456
incluir,4,2.5456
dichas,4,2.5456
preocupats,4,2.5456
dissenyadors,4,2.5456
potenciat,4,2.5456
enumerades,4,2.5456
estructurat,4,2.5456
obligue,4,2.5456
veïnal,4,2.5456
decàleg,4,2.5456
elabore,4,2.5456
remeta,4,2.5456
telemàtics,4,2.5456
automàtics,4,2.5456
igualació,4,2.5456
intranet,4,2.5456
regulador,4,2.5456
exclouen,4,2.5456
constituiria,4,2.5456
ordenaments,4,2.5456
remarcables,4,2.5456
afebliment,4,2.5456
dsec,4,2.5456
derogació,4,2.5456
garantice,4,2.5456
asignaturas,4,2.5456
integrando,4,2.5456
ciclos,4,2.5456
procure,4,2.5456
concurrentes,4,2.5456
deberá,4,2.5456
utilizado,4,2.5456
resultaria,4,2.5456
considerara,4,2.5456
tinguda,4,2.5456
incluye,4,2.5456
tampoco,4,2.5456
trato,4,2.5456
íntegramente,4,2.5456
resolga,4,2.5456
autonómicos,4,2.5456
previsto,4,2.5456
danza,4,2.5456
lograr,4,2.5456
logros,4,2.5456
marcados,4,2.5456
exigirà,4,2.5456
posiciona,4,2.5456
usarla,4,2.5456
continuación,4,2.5456
mantener,4,2.5456
entidades,4,2.5456
hará,4,2.5456
toma,4,2.5456
efectue,4,2.5456
ostenten,4,2.5456
expresa,4,2.5456
manifiesta,4,2.5456
firme,4,2.5456
supuestos,4,2.5456
vacante,4,2.5456
esenciales,4,2.5456
reformar,4,2.5456
incidencia,4,2.5456
sistemática,4,2.5456
exigencias,4,2.5456
ordenamiento,4,2.5456
advocada,4,2.5456
enginyera,4,2.5456
límites,4,2.5456
razones,4,2.5456
dissenyades,4,2.5456
catalogats,4,2.5456
admesos,4,2.5456
comuni,4,2.5456
entrebanquen,4,2.5456
metodològica,4,2.5456
postura,4,2.5456
encertar,4,2.5456
mediatitzat,4,2.5456
tics,4,2.5456
doblats,4,2.5456
doblades,4,2.5456
tes,4,2.5456
indepen,4,2.5456
ciació,4,2.5456
dència,4,2.5456
analizar,4,2.5456
improvisar,4,2.5456
tacions,4,2.5456
handicap,4,2.5456
estu,4,2.5456
peso,4,2.5456
analista,4,2.5456
mantindrem,4,2.5456
arcaiques,4,2.5456
lis,4,2.5456
bamako,4,2.5456
sone,4,2.5456
salutacions,4,2.5456
carrasca,4,2.5456
clivell,4,2.5456
planejar,4,2.5456
florida,4,2.5456
havana,4,2.5456
cite,4,2.5456
ottawa,4,2.5456
bogotà,4,2.5456
coreà,4,2.5456
riqueny,4,2.5456
tallinn,4,2.5456
finlandés,4,2.5456
gàmbia,4,2.5456
haití,4,2.5456
èsia,4,2.5456
dublín,4,2.5456
islàndia,4,2.5456
liechtenstein,4,2.5456
montenegrí,4,2.5456
níger,4,2.5456
colombo,4,2.5456
surinam,4,2.5456
togo,4,2.5456
xip,4,2.5456
magazín,4,2.5456
marketing,4,2.5456
surf,4,2.5456
standard,4,2.5456
tabla,4,2.5456
year,4,2.5456
project,4,2.5456
know,4,2.5456
under,4,2.5456
your,4,2.5456
britànics,4,2.5456
dear,4,2.5456
emergency,4,2.5456
infor,4,2.5456
really,4,2.5456
body,4,2.5456
ºf,4,2.5456
mile,4,2.5456
sq,4,2.5456
pt,4,2.5456
tòpic,4,2.5456
gom,4,2.5456
ajustament,4,2.5456
recolzen,4,2.5456
assegurança,4,2.5456
gene,4,2.5456
gec,4,2.5456
cata,4,2.5456
lunya,4,2.5456
neutral,4,2.5456
estenc,4,2.5456
identiﬁcatives,4,2.5456
lamentem,4,2.5456
ﬂexible,4,2.5456
ﬁnestreta,4,2.5456
avinentesa,4,2.5456
ﬁrme,4,2.5456
triplicat,4,2.5456
metropolità,4,2.5456
complisc,4,2.5456
emesa,4,2.5456
reposició,4,2.5456
reclame,4,2.5456
dicte,4,2.5456
admeta,4,2.5456
exclosos,4,2.5456
deﬁciències,4,2.5456
reglada,4,2.5456
graﬁa,4,2.5456
classiﬁcació,4,2.5456
calatrava,4,2.5456
adminis,4,2.5456
pregó,4,2.5456
naixent,4,2.5456
pc,4,2.5456
fc,4,2.5456
negr,4,2.5456
octava,4,2.5456
prov,4,2.5456
sl,4,2.5456
weber,4,2.5456
metalingüístics,4,2.5456
esmenten,4,2.5456
lexicogràﬁques,4,2.5456
inﬂexió,4,2.5456
ﬁla,4,2.5456
subestació,4,2.5456
verne,4,2.5456
bach,4,2.5456
piotr,4,2.5456
dostoievski,4,2.5456
cinematogràﬁques,4,2.5456
seguridad,4,2.5456
fronteras,4,2.5456
secundaria,4,2.5456
actuales,4,2.5456
république,4,2.5456
democracia,4,2.5456
vicedegà,4,2.5456
aiòder,4,2.5456
ayódar,4,2.5456
alfafara,4,2.5456
alfarrasí,4,2.5456
almonesir,4,2.5456
asp,4,2.5456
barxeta,4,2.5456
bèlgida,4,2.5456
benafer,4,2.5456
benavites,4,2.5456
benferri,4,2.5456
beniatjar,4,2.5456
benifato,4,2.5456
benigembla,4,2.5456
benillup,4,2.5456
benimarfull,4,2.5456
beniparrell,4,2.5456
benissanó,4,2.5456
bufali,4,2.5456
bugarra,4,2.5456
camporrobles,4,2.5456
carrícola,4,2.5456
casinos,4,2.5456
catral,4,2.5456
cirat,4,2.5456
confrides,4,2.5456
arenós,4,2.5456
daia,4,2.5456
domenyo,4,2.5456
aguas,4,2.5456
fanzara,4,2.5456
fontanars,4,2.5456
alforins,4,2.5456
fortaleny,4,2.5456
fuenterrobles,4,2.5456
gaianes,4,2.5456
gaibiel,4,2.5456
gavarda,4,2.5456
geldo,4,2.5456
gilet,4,2.5456
godelleta,4,2.5456
rocamora,4,2.5456
llaurí,4,2.5456
llíber,4,2.5456
llutxent,4,2.5456
macastre,4,2.5456
matet,4,2.5456
millena,4,2.5456
montanejos,4,2.5456
montfort,4,2.5456
murla,4,2.5456
orba,4,2.5456
otos,4,2.5456
petrés,4,2.5456
pina,4,2.5456
polop,4,2.5456
quartell,4,2.5456
rafelbunyol,4,2.5456
rafelguaraf,4,2.5456
riola,4,2.5456
sedaví,4,2.5456
senija,4,2.5456
soneja,4,2.5456
xera,4,2.5456
chera,4,2.5456
sumacàrcer,4,2.5456
terrateig,4,2.5456
tírig,4,2.5456
tollos,4,2.5456
toro,4,2.5456
torralba,4,2.5456
torrella,4,2.5456
vallanca,4,2.5456
vallat,4,2.5456
vilamarxant,4,2.5456
xert,4,2.5456
zarra,4,2.5456
yz,4,2.5456
hfofsbm,4,2.5456
mfj,4,2.5456
eµòt,4,2.5456
mjcsf,4,2.5456
cmbod,4,2.5456
requesta,4,2.5456
aproximen,4,2.5456
supere,4,2.5456
voub,4,2.5456
bozt,4,2.5456
avançades,4,2.5456
endogen,4,2.5456
ﬁnals,4,2.5456
padrons,4,2.5456
decideix,4,2.5456
avancen,4,2.5456
semblaria,4,2.5456
semblaven,4,2.5456
disposada,4,2.5456
sociològics,4,2.5456
rtve,4,2.5456
tubuvu,4,2.5456
pnvojubu,4,2.5456
llastra,4,2.5456
pcpv,4,2.5456
aﬁrmava,4,2.5456
reculades,4,2.5456
modular,4,2.5456
exigeixen,4,2.5456
condicionar,4,2.5456
concedirà,4,2.5456
raonablement,4,2.5456
determinacions,4,2.5456
dpn,4,2.5456
assumeix,4,2.5456
preguntem,4,2.5456
signiﬁcar,4,2.5456
obligatòries,4,2.5456
pluralismo,4,2.5456
jurídicas,4,2.5456
comentario,4,2.5456
bq,4,2.5456
joh,4,2.5456
tpdjpmjoh,4,2.5456
identificadors,4,2.5456
mµfotfozbnfou,4,2.5456
deixadesa,4,2.5456
senyalitzacions,4,2.5456
escarré,4,2.5456
assessories,4,2.5456
reciclat,4,2.5456
intensificar,4,2.5456
certiﬁcats,4,2.5456
vcmjdbdjpot,4,2.5456
bmt,4,2.5456
ftuvejt,4,2.5456
dpofjyfnfout,4,2.5456
rtujdt,4,2.5456
menús,4,2.5456
curtmetratges,4,2.5456
ambiciós,4,2.5456
benjojtusbdjpot,4,2.5456
tarancón,4,2.5456
tubu,4,2.5456
aprenguen,4,2.5456
lliurex,4,2.5456
subperíodes,4,2.5456
censal,4,2.5456
enquadrada,4,2.5456
jubilada,4,2.5456
descendeix,4,2.5456
separata,4,2.5456
nats,4,2.5456
clase,4,2.5456
reversibilitat,4,2.5456
ajut,4,2.5456
oficialització,4,2.5456
replantejament,4,2.5456
tenía,4,2.5456
matrimonis,4,2.5456
dependran,4,2.5456
geograﬁa,4,2.5456
tape,4,2.5456
davallades,4,2.5456
bilingüització,4,2.5456
dirigeix,4,2.5456
qpmrujrvft,4,2.5456
qpmrujdb,4,2.5456
potfmm,4,2.5456
desiguals,4,2.5456
garantits,4,2.5456
beneficia,4,2.5456
desitjables,4,2.5456
opsnbmju,4,2.5456
dpp,4,2.5456
progressió,4,2.5456
güística,4,2.5456
cummins,4,2.5456
garanteixen,4,2.5456
borrell,4,2.5456
depenga,4,2.5456
registrals,4,2.5456
funcionant,4,2.5456
voldrien,4,2.5456
fsjpejtub,4,2.5456
comunicacional,4,2.5456
tjdb,4,2.5456
njukbot,4,2.5456
dpnvojdbdjw,4,2.5456
informaciones,4,2.5456
xemv,4,2.5456
caramella,4,2.5456
preferencial,4,2.5456
estabilitzat,4,2.5456
consignes,4,2.5456
dibuixa,4,2.5456
generalista,4,2.5456
diafàsiques,4,2.5456
escassesa,4,2.5456
forà,4,2.5456
pagada,4,2.5456
presentarem,4,2.5456
rendible,4,2.5456
spevddjw,4,2.5456
nfsdbu,4,2.5456
llegeix,4,2.5456
carències,4,2.5456
preferiu,4,2.5456
cdgv,4,2.5456
televisiu,4,2.5456
ctv,4,2.5456
arocas,4,2.5456
contribueix,4,2.5456
köster,4,2.5456
posteriormente,4,2.5456
programador,4,2.5456
escènics,4,2.5456
consumo,4,2.5456
apostara,4,2.5456
senzillament,4,2.5456
freakisme,4,2.5456
lee,4,2.5456
implementen,4,2.5456
aliè,4,2.5456
punk,4,2.5456
ham,4,2.5456
adell,4,2.5456
suara,4,2.5456
gestionen,4,2.5456
signa,4,2.5456
intermitent,4,2.5456
compensatòria,4,2.5456
conservador,4,2.5456
desatenció,4,2.5456
rondes,4,2.5456
continus,4,2.5456
excloses,4,2.5456
cobla,4,2.5456
ensenyant,4,2.5456
versaor,4,2.5456
izquierdo,4,2.5456
exclusión,4,2.5456
multiculturalitat,4,2.5456
multiculturalisme,4,2.5456
extracomunitàries,4,2.5456
transnacionals,4,2.5456
obeeix,4,2.5456
cogollos,4,2.5456
centralitat,4,2.5456
emancipadora,4,2.5456
berger,4,2.5456
interpersonals,4,2.5456
voluntàries,4,2.5456
organizaciones,4,2.5456
alemana,4,2.5456
atribueix,4,2.5456
escritas,4,2.5456
senillar,4,2.5456
integración,4,2.5456
tosca,4,2.5456
parroquials,4,2.5456
thmntjb,4,2.5456
ambos,4,2.5456
poniendo,4,2.5456
sacerdotes,4,2.5456
olaechea,4,2.5456
ie,4,2.5456
blaverisme,4,2.5456
evangèliques,4,2.5456
tractaria,4,2.5456
jordan,4,2.5456
economics,4,2.5456
pimes,4,2.5456
microempreses,4,2.5456
ybarra,4,2.5456
tejerina,4,2.5456
extreure,4,2.5456
bancàries,4,2.5456
publishers,4,2.5456
making,4,2.5456
democracy,4,2.5456
nal,4,2.5456
postedició,4,2.5456
apolin,4,2.5456
esperats,4,2.5456
dèbilment,4,2.5456
dejar,4,2.5456
transición,4,2.5456
supone,4,2.5456
acabamos,4,2.5456
gracias,4,2.5456
alumnado,4,2.5456
dedicado,4,2.5456
elaborados,4,2.5456
inicios,4,2.5456
profundo,4,2.5456
mismos,4,2.5456
compromiso,4,2.5456
intensidad,4,2.5456
analizan,4,2.5456
compleja,4,2.5456
deducir,4,2.5456
alcanzado,4,2.5456
instrumentos,4,2.5456
vive,4,2.5456
hábitos,4,2.5456
dependencia,4,2.5456
páginas,4,2.5456
ayuda,4,2.5456
países,4,2.5456
nvoep,4,2.5456
pretende,4,2.5456
cantidad,4,2.5456
sesenta,4,2.5456
ochenta,4,2.5456
añadir,4,2.5456
relevancia,4,2.5456
asociados,4,2.5456
asociadas,4,2.5456
dan,4,2.5456
manifestación,4,2.5456
espacios,4,2.5456
reflexiones,4,2.5456
redactado,4,2.5456
provided,4,2.5456
characteristics,4,2.5456
changes,4,2.5456
analyses,4,2.5456
thus,4,2.5456
regulations,4,2.5456
cannot,4,2.5456
such,4,2.5456
passed,4,2.5456
types,4,2.5456
century,4,2.5456
began,4,2.5456
summary,4,2.5456
describes,4,2.5456
activities,4,2.5456
skills,4,2.5456
explains,4,2.5456
importance,4,2.5456
competence,4,2.5456
organisations,4,2.5456
proportion,4,2.5456
even,4,2.5456
effective,4,2.5456
need,4,2.5456
until,4,2.5456
aim,4,2.5456
internal,4,2.5456
actions,4,2.5456
shows,4,2.5456
names,4,2.5456
legislation,4,2.5456
registers,4,2.5456
proposals,4,2.5456
television,4,2.5456
geographical,4,2.5456
common,4,2.5456
presence,4,2.5456
reason,4,2.5456
quality,4,2.5456
report,4,2.5456
evaluations,4,2.5456
mvrt,4,2.5456
bsdjb,4,2.5456
pbo,4,2.5456
subsidi,4,2.5456
consultories,4,2.5456
serv,4,2.5456
descendint,4,2.5456
desagregant,4,2.5456
profes,4,2.5456
vinguts,4,2.5456
insatisf,4,2.5456
cuarta,4,2.5456
tendrían,4,2.5456
fourth,4,2.5456
continental,4,2.5456
radicada,4,2.5456
lang,4,2.5456
restitució,4,2.5456
collada,4,2.5456
ullastrar,4,2.5456
codolla,4,2.5456
sima,4,2.5456
fuerte,4,2.5456
barranco,4,2.5456
retura,4,2.5456
área,4,2.5456
gamellons,4,2.5456
partidor,4,2.5456
riurau,4,2.5456
freginal,4,2.5456
aigüera,4,2.5456
algepsar,4,2.5456
xorrador,4,2.5456
alteró,4,2.5456
arrant,4,2.5456
recingle,4,2.5456
portet,4,2.5456
baladrar,4,2.5456
espadat,4,2.5456
bassó,4,2.5456
llometa,4,2.5456
botjar,4,2.5456
braçal,4,2.5456
brugar,4,2.5456
cabeço,4,2.5456
caleta,4,2.5456
cantalar,4,2.5456
grevolosa,4,2.5456
clapissa,4,2.5456
carritxar,4,2.5456
cavalló,4,2.5456
corralissa,4,2.5456
coscollar,4,2.5456
surar,4,2.5456
derramador,4,2.5456
escorrentia,4,2.5456
escullera,4,2.5456
espartal,4,2.5456
fenassar,4,2.5456
fesa,4,2.5456
figueral,4,2.5456
fontanal,4,2.5456
fontanar,4,2.5456
galera,4,2.5456
garroferal,4,2.5456
goleró,4,2.5456
passet,4,2.5456
gravera,4,2.5456
grevolar,4,2.5456
hostalet,4,2.5456
mareny,4,2.5456
mitgera,4,2.5456
muntanyar,4,2.5456
pedrissa,4,2.5456
oliveral,4,2.5456
penyeta,4,2.5456
portera,4,2.5456
porxi,4,2.5456
rabosar,4,2.5456
rastellera,4,2.5456
reguer,4,2.5456
ribàs,4,2.5456
ribassada,4,2.5456
rivet,4,2.5456
edificació,4,2.5456
roureda,4,2.5456
senieta,4,2.5456
saulonar,4,2.5456
saltador,4,2.5456
sargallar,4,2.5456
serrada,4,2.5456
tanyada,4,2.5456
teixal,4,2.5456
tosquera,4,2.5456
gipuzkoa,4,2.5456
а,4,2.5456
с,4,2.5456
gravita,4,2.5456
cruscat,4,2.5456
identificades,4,2.5456
svenska,4,2.5456
algemeen,4,2.5456
intraestatal,4,2.5456
esdevingui,4,2.5456
taalunie,4,2.5456
reintegració,4,2.5456
benentès,4,2.5456
cyrillic,4,2.5456
macedonia,4,2.5456
языком,4,2.5456
республике,4,2.5456
являются,4,2.5456
южная,4,2.5456
осетия,4,2.5456
moldova,4,2.5456
baza,4,2.5456
tlfq,4,2.5456
ulaval,4,2.5456
axl,4,2.5456
permeteu,4,2.5456
pool,4,2.5456
étrangères,4,2.5456
parliament,4,2.5456
européennes,4,2.5456
ainsi,4,2.5456
présente,4,2.5456
loi,4,2.5456
december,4,2.5456
scadplus,4,2.5456
cha,4,2.5456
officiel,4,2.5456
digitales,4,2.5456
europeos,4,2.5456
mundiales,4,2.5456
member,4,2.5456
leur,4,2.5456
esforçaran,4,2.5456
adquireixen,4,2.5456
ceea,4,2.5456
fabeiro,4,2.5456
archivos,4,2.5456
copia,4,2.5456
certificada,4,2.5456
danesa,4,2.5456
comenius,4,2.5456
bureau,4,2.5456
arzoz,4,2.5456
xabier,4,2.5456
jurídicos,4,2.5456
memoràndum,4,2.5456
comunicaciones,4,2.5456
danès,4,2.5456
trudgill,4,2.5456
tingudes,4,2.5456
sociolinguistic,4,2.5456
caracterización,4,2.5456
individuos,4,2.5456
gallegófonos,4,2.5456
simbólico,4,2.5456
bouzada,4,2.5456
excesivamente,4,2.5456
señalar,4,2.5456
empiezan,4,2.5456
ciertos,4,2.5456
requiere,4,2.5456
usuarios,4,2.5456
grave,4,2.5456
pacto,4,2.5456
ciudadano,4,2.5456
indicadores,4,2.5456
llegar,4,2.5456
regueira,4,2.5456
suponen,4,2.5456
desaparecer,4,2.5456
legitimidad,4,2.5456
grial,4,2.5456
amplios,4,2.5456
asesor,4,2.5456
generalizado,4,2.5456
obligatorio,4,2.5456
ciertamente,4,2.5456
exigía,4,2.5456
adquieren,4,2.5456
abarca,4,2.5456
crecientemente,4,2.5456
experiencia,4,2.5456
realizado,4,2.5456
mayoritario,4,2.5456
vitoria,4,2.5456
facilidad,4,2.5456
usan,4,2.5456
fácilmente,4,2.5456
conocen,4,2.5456
permitido,4,2.5456
obligaciones,4,2.5456
fuero,4,2.5456
reintegración,4,2.5456
catalanoparlant,4,2.5456
serie,4,2.5456
conversión,4,2.5456
vocales,4,2.5456
esas,4,2.5456
contradicción,4,2.5456
carencia,4,2.5456
enseñar,4,2.5456
entendimiento,4,2.5456
federal,4,2.5456
cenoz,4,2.5456
reflecteixen,4,2.5456
vigil,4,2.5456
corcoll,4,2.5456
pluricultural,4,2.5456
sociolingüistes,4,2.5456
acento,4,2.5456
espardenyada,4,2.5456
espardenyà,4,2.5456
espardenyaes,4,2.5456
bascòfona,4,2.5456
uppsala,4,2.5456
integraven,3,1.9092
aporteu,3,1.9092
desafiaments,3,1.9092
guanye,3,1.9092
discorren,3,1.9092
convulsions,3,1.9092
crònic,3,1.9092
desestabilitzadors,3,1.9092
reportera,3,1.9092
locutora,3,1.9092
dobladora,3,1.9092
recopilen,3,1.9092
observe,3,1.9092
reconeguen,3,1.9092
afavorixen,3,1.9092
verdú,3,1.9092
motiva,3,1.9092
darío,3,1.9092
raro,3,1.9092
lectualitat,3,1.9092
interdisciplinari,3,1.9092
transversalment,3,1.9092
incidisquen,3,1.9092
fotografiar,3,1.9092
reafirmació,3,1.9092
llibrer,3,1.9092
arxiver,3,1.9092
previnguda,3,1.9092
revisant,3,1.9092
destruïx,3,1.9092
doloroses,3,1.9092
decés,3,1.9092
influents,3,1.9092
aportades,3,1.9092
avalar,3,1.9092
dendrocidi,3,1.9092
traspassen,3,1.9092
pertanyien,3,1.9092
penediment,3,1.9092
adhesiu,3,1.9092
ceràmic,3,1.9092
mecàniques,3,1.9092
simulació,3,1.9092
inscriu,3,1.9092
renovarà,3,1.9092
geolingüístics,3,1.9092
numerària,3,1.9092
històrico,3,1.9092
segmentant,3,1.9092
accedirà,3,1.9092
combinades,3,1.9092
pestanya,3,1.9092
fitxer,3,1.9092
facebook,3,1.9092
castellanitzacions,3,1.9092
resoldrà,3,1.9092
agilitat,3,1.9092
intuïtiva,3,1.9092
imparteixen,3,1.9092
vinalab,3,1.9092
tudela,3,1.9092
pioneres,3,1.9092
signatures,3,1.9092
desolador,3,1.9092
esperançador,3,1.9092
caselles,3,1.9092
compartint,3,1.9092
riures,3,1.9092
calculat,3,1.9092
prorrogables,3,1.9092
murals,3,1.9092
regidores,3,1.9092
redundarà,3,1.9092
enviats,3,1.9092
prestigiós,3,1.9092
reactivació,3,1.9092
datades,3,1.9092
antigor,3,1.9092
bolea,3,1.9092
librería,3,1.9092
provocaren,3,1.9092
epistolar,3,1.9092
calamitats,3,1.9092
excusar,3,1.9092
èsquil,3,1.9092
apropiada,3,1.9092
botges,3,1.9092
alimentària,3,1.9092
biomètrica,3,1.9092
autoritzat,3,1.9092
introduïsca,3,1.9092
afectació,3,1.9092
decauen,3,1.9092
gremial,3,1.9092
decau,3,1.9092
destinava,3,1.9092
veuran,3,1.9092
perdem,3,1.9092
calentor,3,1.9092
aparten,3,1.9092
debaten,3,1.9092
atzars,3,1.9092
almeria,3,1.9092
olmedo,3,1.9092
basset,3,1.9092
bolufer,3,1.9092
candela,3,1.9092
canela,3,1.9092
caturla,3,1.9092
chaqués,3,1.9092
claramunt,3,1.9092
enguix,3,1.9092
garrido,3,1.9092
natàlia,3,1.9092
àlan,3,1.9092
soledad,3,1.9092
millo,3,1.9092
monlleó,3,1.9092
montero,3,1.9092
oleza,3,1.9092
edo,3,1.9092
estruch,3,1.9092
talens,3,1.9092
sansano,3,1.9092
rubio,3,1.9092
ester,3,1.9092
albufereta,3,1.9092
fontcalent,3,1.9092
nuria,3,1.9092
móstoles,3,1.9092
primeríssima,3,1.9092
naturalitzat,3,1.9092
arrodonit,3,1.9092
menyspreat,3,1.9092
contracorrent,3,1.9092
defensem,3,1.9092
refermar,3,1.9092
encoratgem,3,1.9092
defallir,3,1.9092
sufrido,3,1.9092
disminución,3,1.9092
presupuestaria,3,1.9092
presupuestarias,3,1.9092
seriamente,3,1.9092
lesionada,3,1.9092
materialment,3,1.9092
rosana,3,1.9092
formarà,3,1.9092
reyes,3,1.9092
sotrac,3,1.9092
rastrejar,3,1.9092
vagament,3,1.9092
assajat,3,1.9092
encreuats,3,1.9092
enverinament,3,1.9092
alberta,3,1.9092
penis,3,1.9092
relaxat,3,1.9092
insistent,3,1.9092
seriosa,3,1.9092
enterro,3,1.9092
esforçat,3,1.9092
càmera,3,1.9092
accessori,3,1.9092
electrodomèstic,3,1.9092
kombutxa,3,1.9092
simbiòtica,3,1.9092
anoia,3,1.9092
estampar,3,1.9092
meravelles,3,1.9092
passàrem,3,1.9092
clauers,3,1.9092
catarrogí,3,1.9092
mampreses,3,1.9092
reconeixien,3,1.9092
fao,3,1.9092
crustacis,3,1.9092
expresidenta,3,1.9092
cimera,3,1.9092
convidada,3,1.9092
sostingudes,3,1.9092
respectat,3,1.9092
confeccionar,3,1.9092
escrupolosament,3,1.9092
injustificada,3,1.9092
asfíxia,3,1.9092
crèdits,3,1.9092
vertebrada,3,1.9092
vinyetes,3,1.9092
captivant,3,1.9092
lucidesa,3,1.9092
desafien,3,1.9092
anotacions,3,1.9092
encarar,3,1.9092
recaptar,3,1.9092
publipress,3,1.9092
insaciable,3,1.9092
alfaro,3,1.9092
doro,3,1.9092
instantànies,3,1.9092
costà,3,1.9092
cartelera,3,1.9092
noticias,3,1.9092
exitós,3,1.9092
àdria,3,1.9092
norat,3,1.9092
norata,3,1.9092
xotxima,3,1.9092
constatada,3,1.9092
nelo,3,1.9092
delinqüents,3,1.9092
garaig,3,1.9092
petricor,3,1.9092
genòmica,3,1.9092
òmnibus,3,1.9092
creuada,3,1.9092
transferix,3,1.9092
involuntàriament,3,1.9092
patogen,3,1.9092
verificació,3,1.9092
existirà,3,1.9092
dani,3,1.9092
encomanat,3,1.9092
rapsoda,3,1.9092
curtmetratge,3,1.9092
muvim,3,1.9092
dissertarà,3,1.9092
cedix,3,1.9092
coratjoses,3,1.9092
agraïx,3,1.9092
commemoratiu,3,1.9092
oceànics,3,1.9092
aprofundit,3,1.9092
xurros,3,1.9092
permeable,3,1.9092
xurres,3,1.9092
alpi,3,1.9092
etimológico,3,1.9092
chella,3,1.9092
ribagorça,3,1.9092
situ,3,1.9092
castellanoaragoneses,3,1.9092
eric,3,1.9092
baules,3,1.9092
compendiar,3,1.9092
adversos,3,1.9092
bonic,3,1.9092
transmeses,3,1.9092
confecciona,3,1.9092
senderisme,3,1.9092
perversos,3,1.9092
memorables,3,1.9092
valgut,3,1.9092
txema,3,1.9092
forcano,3,1.9092
alzamora,3,1.9092
rahola,3,1.9092
sacrificat,3,1.9092
gratificant,3,1.9092
sansaloni,3,1.9092
trobaria,3,1.9092
prestigia,3,1.9092
llija,3,1.9092
xat,3,1.9092
decebedor,3,1.9092
amenaçats,3,1.9092
pisca,3,1.9092
mentires,3,1.9092
transmetent,3,1.9092
magnificència,3,1.9092
exquisit,3,1.9092
balladors,3,1.9092
sincopada,3,1.9092
adoració,3,1.9092
abastiment,3,1.9092
meritòria,3,1.9092
materialitzat,3,1.9092
parvulari,3,1.9092
admirada,3,1.9092
extenses,3,1.9092
prohoms,3,1.9092
miquelet,3,1.9092
beach,3,1.9092
lustrades,3,1.9092
penyora,3,1.9092
emocionar,3,1.9092
travessat,3,1.9092
propicia,3,1.9092
coronació,3,1.9092
mitmac,3,1.9092
nácher,3,1.9092
centenària,3,1.9092
editori,3,1.9092
sardi,3,1.9092
vicealcalde,3,1.9092
cotalba,3,1.9092
preparades,3,1.9092
alfarp,3,1.9092
atacat,3,1.9092
fiabilitat,3,1.9092
supercomputació,3,1.9092
alia,3,1.9092
subministraran,3,1.9092
entrenament,3,1.9092
eficients,3,1.9092
proporcionant,3,1.9092
mayans,3,1.9092
gost,3,1.9092
biennal,3,1.9092
atàviques,3,1.9092
carnaval,3,1.9092
cucut,3,1.9092
nominat,3,1.9092
lleial,3,1.9092
desfà,3,1.9092
selecta,3,1.9092
escoltat,3,1.9092
pretèrit,3,1.9092
aspirat,3,1.9092
escrivans,3,1.9092
lix,3,1.9092
brevetat,3,1.9092
segades,3,1.9092
solvents,3,1.9092
doblet,3,1.9092
cientificotècnic,3,1.9092
alambinat,3,1.9092
gasosa,3,1.9092
teuladins,3,1.9092
llegiren,3,1.9092
coeditar,3,1.9092
generem,3,1.9092
tombat,3,1.9092
contades,3,1.9092
estendard,3,1.9092
abraçant,3,1.9092
majestuosa,3,1.9092
impactara,3,1.9092
luminària,3,1.9092
dissenyadora,3,1.9092
susana,3,1.9092
fotonovela,3,1.9092
croma,3,1.9092
historietes,3,1.9092
retroalimenten,3,1.9092
estranyar,3,1.9092
creuar,3,1.9092
apleguem,3,1.9092
voràgine,3,1.9092
parlaria,3,1.9092
youtube,3,1.9092
arrasen,3,1.9092
evidenciat,3,1.9092
folklòrics,3,1.9092
florit,3,1.9092
professionalització,3,1.9092
claveguera,3,1.9092
establim,3,1.9092
disputada,3,1.9092
dominó,3,1.9092
enregistrat,3,1.9092
estàtua,3,1.9092
ullet,3,1.9092
cuida,3,1.9092
doten,3,1.9092
diglòssiques,3,1.9092
dominades,3,1.9092
defectuós,3,1.9092
deficiència,3,1.9092
estancada,3,1.9092
umberto,3,1.9092
fluïda,3,1.9092
passius,3,1.9092
consums,3,1.9092
detectat,3,1.9092
incomoditat,3,1.9092
cartogràfiques,3,1.9092
zea,3,1.9092
cartografies,3,1.9092
normalitzades,3,1.9092
cañada,3,1.9092
frailes,3,1.9092
pulpis,3,1.9092
engarcerán,3,1.9092
turís,3,1.9092
zorita,3,1.9092
maestrazgo,3,1.9092
alquerías,3,1.9092
benicasim,3,1.9092
lucena,3,1.9092
mogente,3,1.9092
monóvar,3,1.9092
montroy,3,1.9092
náquera,3,1.9092
oropesa,3,1.9092
pinoso,3,1.9092
benitachell,3,1.9092
sueras,3,1.9092
torremanzanas,3,1.9092
useras,3,1.9092
villajoyosa,3,1.9092
jávea,3,1.9092
chilches,3,1.9092
jijona,3,1.9092
chodos,3,1.9092
segardí,3,1.9092
sicilià,3,1.9092
teràpia,3,1.9092
trap,3,1.9092
socioeconòmica,3,1.9092
focalitzat,3,1.9092
entrepans,3,1.9092
trimestral,3,1.9092
estimem,3,1.9092
cuiden,3,1.9092
ninos,3,1.9092
beuen,3,1.9092
marçal,3,1.9092
cornudella,3,1.9092
relectura,3,1.9092
serioses,3,1.9092
antípodes,3,1.9092
retrospectiva,3,1.9092
convertida,3,1.9092
protegix,3,1.9092
vinyet,3,1.9092
improvisat,3,1.9092
enfortisquen,3,1.9092
àudios,3,1.9092
navegar,3,1.9092
firmen,3,1.9092
alexandra,3,1.9092
bello,3,1.9092
muntava,3,1.9092
instructives,3,1.9092
manifestos,3,1.9092
anotats,3,1.9092
ignoraven,3,1.9092
desplegà,3,1.9092
negociacions,3,1.9092
dugueren,3,1.9092
plasmà,3,1.9092
quinto,3,1.9092
pce,3,1.9092
verdad,3,1.9092
primeries,3,1.9092
valença,3,1.9092
haba,3,1.9092
discórrer,3,1.9092
volàtils,3,1.9092
adapte,3,1.9092
gorra,3,1.9092
gurmet,3,1.9092
interpretatives,3,1.9092
inhumanes,3,1.9092
aparegudes,3,1.9092
udol,3,1.9092
impenetrable,3,1.9092
saneleuterio,3,1.9092
francisca,3,1.9092
virginia,3,1.9092
linares,3,1.9092
transsumpte,3,1.9092
masclista,3,1.9092
serafí,3,1.9092
salort,3,1.9092
diàspora,3,1.9092
distanciats,3,1.9092
creme,3,1.9092
fornir,3,1.9092
lots,3,1.9092
rayo,3,1.9092
kirmen,3,1.9092
uribe,3,1.9092
mendelson,3,1.9092
novaiorqués,3,1.9092
cugat,3,1.9092
processar,3,1.9092
electròniques,3,1.9092
technical,3,1.9092
astronòmica,3,1.9092
anular,3,1.9092
peri,3,1.9092
repugnant,3,1.9092
eclipsis,3,1.9092
jurar,3,1.9092
ordenava,3,1.9092
abolits,3,1.9092
gibraltar,3,1.9092
ambulants,3,1.9092
sàndwitx,3,1.9092
pita,3,1.9092
enrotllats,3,1.9092
diferir,3,1.9092
magestat,3,1.9092
manat,3,1.9092
pasar,3,1.9092
fregava,3,1.9092
corsari,3,1.9092
cerquen,3,1.9092
oja,3,1.9092
ayre,3,1.9092
joguets,3,1.9092
insignificants,3,1.9092
valia,3,1.9092
tópos,3,1.9092
enhorabona,3,1.9092
accedint,3,1.9092
alexandria,3,1.9092
comprà,3,1.9092
mascletades,3,1.9092
metonímic,3,1.9092
redon,3,1.9092
problems,3,1.9092
necessitaven,3,1.9092
beneficiaris,3,1.9092
dalai,3,1.9092
lama,3,1.9092
successor,3,1.9092
maximus,3,1.9092
pontificat,3,1.9092
electe,3,1.9092
pontifical,3,1.9092
solemnement,3,1.9092
prelat,3,1.9092
vestidures,3,1.9092
mantellina,3,1.9092
garbera,3,1.9092
nanos,3,1.9092
cucafera,3,1.9092
cirialots,3,1.9092
ancians,3,1.9092
encesa,3,1.9092
ociós,3,1.9092
efe,3,1.9092
folklorista,3,1.9092
agüelo,3,1.9092
còdex,3,1.9092
miren,3,1.9092
conscienciar,3,1.9092
devots,3,1.9092
stats,3,1.9092
peccat,3,1.9092
ingerir,3,1.9092
mèdics,3,1.9092
expandint,3,1.9092
tèxtils,3,1.9092
espantar,3,1.9092
estimulant,3,1.9092
refredat,3,1.9092
començara,3,1.9092
aperitiu,3,1.9092
canyella,3,1.9092
batut,3,1.9092
xarop,3,1.9092
sanitària,3,1.9092
desplaçades,3,1.9092
succeïxen,3,1.9092
gitanos,3,1.9092
confia,3,1.9092
plá,3,1.9092
prega,3,1.9092
anímica,3,1.9092
ridiculitzar,3,1.9092
deplorable,3,1.9092
mordaces,3,1.9092
cartellera,3,1.9092
tonyina,3,1.9092
cabell,3,1.9092
espinacs,3,1.9092
arreplegaven,3,1.9092
venedor,3,1.9092
banys,3,1.9092
algu,3,1.9092
finances,3,1.9092
aygües,3,1.9092
tretes,3,1.9092
propietària,3,1.9092
acoblament,3,1.9092
ajustat,3,1.9092
infanteria,3,1.9092
fregides,3,1.9092
figa,3,1.9092
dures,3,1.9092
nya,3,1.9092
ff,3,1.9092
oncle,3,1.9092
preferim,3,1.9092
mostrem,3,1.9092
meteorològiques,3,1.9092
incontestable,3,1.9092
conreus,3,1.9092
lluminós,3,1.9092
esquemàtica,3,1.9092
artesans,3,1.9092
exportà,3,1.9092
leïtats,3,1.9092
ultracorrecció,3,1.9092
menyspreant,3,1.9092
desdenyosament,3,1.9092
pet,3,1.9092
designats,3,1.9092
aglutinats,3,1.9092
contigua,3,1.9092
emblemes,3,1.9092
extreia,3,1.9092
daurat,3,1.9092
semítica,3,1.9092
pellers,3,1.9092
danyar,3,1.9092
diversificant,3,1.9092
zels,3,1.9092
verds,3,1.9092
instints,3,1.9092
prodigiós,3,1.9092
entrecreuen,3,1.9092
germinant,3,1.9092
penedir,3,1.9092
crims,3,1.9092
dany,3,1.9092
afona,3,1.9092
bruscos,3,1.9092
daltabaixos,3,1.9092
sostenien,3,1.9092
ideòlegs,3,1.9092
profunditats,3,1.9092
classificant,3,1.9092
assimilacions,3,1.9092
obertures,3,1.9092
adoptem,3,1.9092
pulsions,3,1.9092
contrastos,3,1.9092
atestada,3,1.9092
fragant,3,1.9092
mès,3,1.9092
careta,3,1.9092
copiosament,3,1.9092
fragante,3,1.9092
quevedo,3,1.9092
fuese,3,1.9092
justamente,3,1.9092
bienes,3,1.9092
fraganti,3,1.9092
abraç,3,1.9092
péndɾe,3,1.9092
purista,3,1.9092
prims,3,1.9092
cónclave,3,1.9092
vaguen,3,1.9092
optaren,3,1.9092
adoptaren,3,1.9092
emperadors,3,1.9092
obvietats,3,1.9092
traspuen,3,1.9092
diluir,3,1.9092
capitalista,3,1.9092
sinuosa,3,1.9092
xenofont,3,1.9092
nazisme,3,1.9092
cíclicament,3,1.9092
impositiva,3,1.9092
arancel,3,1.9092
laven,3,1.9092
famosos,3,1.9092
reomplir,3,1.9092
contraposades,3,1.9092
humilment,3,1.9092
forjà,3,1.9092
victòries,3,1.9092
guanyaven,3,1.9092
menystingut,3,1.9092
impetuós,3,1.9092
apuntalar,3,1.9092
pintat,3,1.9092
agreuja,3,1.9092
errar,3,1.9092
esp,3,1.9092
rectitud,3,1.9092
desviacions,3,1.9092
puritat,3,1.9092
orenga,3,1.9092
paradoxals,3,1.9092
ocurrència,3,1.9092
picant,3,1.9092
mostalla,3,1.9092
inflamacions,3,1.9092
retòriques,3,1.9092
trones,3,1.9092
socórrer,3,1.9092
cultivats,3,1.9092
freda,3,1.9092
aemet,3,1.9092
elaborà,3,1.9092
penetren,3,1.9092
resa,3,1.9092
veinte,3,1.9092
realitzant,3,1.9092
prolixament,3,1.9092
farragoses,3,1.9092
projectem,3,1.9092
referma,3,1.9092
vistosa,3,1.9092
nòrdiques,3,1.9092
suculentes,3,1.9092
diminutes,3,1.9092
tords,3,1.9092
blanquinosa,3,1.9092
paren,3,1.9092
extrauen,3,1.9092
turdus,3,1.9092
ipse,3,1.9092
etimòlegs,3,1.9092
teràpies,3,1.9092
rudimentàries,3,1.9092
considerà,3,1.9092
convincents,3,1.9092
agudesa,3,1.9092
escrutar,3,1.9092
esdevenidor,3,1.9092
llatinisme,3,1.9092
ànsies,3,1.9092
crech,3,1.9092
sinonímia,3,1.9092
predicadors,3,1.9092
condemnes,3,1.9092
avingudes,3,1.9092
titànica,3,1.9092
fanch,3,1.9092
atempten,3,1.9092
arabisme,3,1.9092
impropis,3,1.9092
refinada,3,1.9092
voluble,3,1.9092
alternava,3,1.9092
canònica,3,1.9092
paroxisme,3,1.9092
desordenadament,3,1.9092
inundacions,3,1.9092
certerament,3,1.9092
miraven,3,1.9092
disgregació,3,1.9092
lenari,3,1.9092
pin,3,1.9092
rotunda,3,1.9092
mudat,3,1.9092
pits,3,1.9092
callejera,3,1.9092
sobreentén,3,1.9092
transgressió,3,1.9092
interactuen,3,1.9092
negligència,3,1.9092
escolàstica,3,1.9092
caiguts,3,1.9092
ramals,3,1.9092
bifurquen,3,1.9092
descontrolada,3,1.9092
grosserament,3,1.9092
centrant,3,1.9092
amador,3,1.9092
inseparable,3,1.9092
ponderadament,3,1.9092
rierol,3,1.9092
vagues,3,1.9092
latino,3,1.9092
adherida,3,1.9092
bigues,3,1.9092
lia,3,1.9092
moliner,3,1.9092
foguer,3,1.9092
graelles,3,1.9092
carib,3,1.9092
trencaclosques,3,1.9092
llenca,3,1.9092
costella,3,1.9092
retret,3,1.9092
llançaven,3,1.9092
romeria,3,1.9092
torrada,3,1.9092
desborda,3,1.9092
enrevessat,3,1.9092
monoteistes,3,1.9092
habitaven,3,1.9092
designi,3,1.9092
prole,3,1.9092
abocats,3,1.9092
jueries,3,1.9092
desenvoluparen,3,1.9092
aconseguiren,3,1.9092
instituïts,3,1.9092
terrible,3,1.9092
assassinats,3,1.9092
despulles,3,1.9092
abandonà,3,1.9092
induïren,3,1.9092
forgen,3,1.9092
inextricablement,3,1.9092
anecdòtic,3,1.9092
escandalosament,3,1.9092
focalitzar,3,1.9092
denúncia,3,1.9092
gomorra,3,1.9092
incorrien,3,1.9092
coneguem,3,1.9092
legoria,3,1.9092
judaica,3,1.9092
actuaren,3,1.9092
proporcionava,3,1.9092
reproductiva,3,1.9092
reprimir,3,1.9092
erigixen,3,1.9092
relacionem,3,1.9092
reporten,3,1.9092
entremescla,3,1.9092
blaves,3,1.9092
iridescents,3,1.9092
complida,3,1.9092
bat,3,1.9092
palometa,3,1.9092
absolutes,3,1.9092
almenar,3,1.9092
cisma,3,1.9092
otium,3,1.9092
impressionants,3,1.9092
mantindran,3,1.9092
remotes,3,1.9092
folles,3,1.9092
acotat,3,1.9092
lleugeresa,3,1.9092
equivocats,3,1.9092
transportada,3,1.9092
instintivament,3,1.9092
induïxen,3,1.9092
riem,3,1.9092
lleig,3,1.9092
reconfortant,3,1.9092
centren,3,1.9092
hilaritat,3,1.9092
exaltar,3,1.9092
sofriment,3,1.9092
linnaeus,3,1.9092
climes,3,1.9092
melodiosos,3,1.9092
culminar,3,1.9092
respectuosament,3,1.9092
escampat,3,1.9092
rústic,3,1.9092
formara,3,1.9092
romanització,3,1.9092
rebutjant,3,1.9092
caramboles,3,1.9092
extermini,3,1.9092
dugué,3,1.9092
sorgides,3,1.9092
inques,3,1.9092
asteques,3,1.9092
dons,3,1.9092
septuaginta,3,1.9092
ambigües,3,1.9092
maledicció,3,1.9092
intercanviem,3,1.9092
reinterpretar,3,1.9092
haureu,3,1.9092
filològicament,3,1.9092
invertixen,3,1.9092
culinari,3,1.9092
viandes,3,1.9092
interminable,3,1.9092
trobarien,3,1.9092
santes,3,1.9092
pasqües,3,1.9092
antònim,3,1.9092
gesta,3,1.9092
plàcidament,3,1.9092
matins,3,1.9092
somrient,3,1.9092
genitiu,3,1.9092
comprendrà,3,1.9092
aplacar,3,1.9092
preguen,3,1.9092
exageració,3,1.9092
exempts,3,1.9092
patiments,3,1.9092
creua,3,1.9092
aspirina,3,1.9092
hedonista,3,1.9092
receptes,3,1.9092
pedants,3,1.9092
verdaguer,3,1.9092
empedrat,3,1.9092
estiguérem,3,1.9092
adormit,3,1.9092
modelant,3,1.9092
experimentant,3,1.9092
reprengué,3,1.9092
enterbolir,3,1.9092
interioritzat,3,1.9092
provocats,3,1.9092
eufònica,3,1.9092
martiri,3,1.9092
mosaica,3,1.9092
nervis,3,1.9092
terribles,3,1.9092
conservant,3,1.9092
trivials,3,1.9092
rea,3,1.9092
lloba,3,1.9092
matà,3,1.9092
rude,3,1.9092
líptica,3,1.9092
recompte,3,1.9092
exactitud,3,1.9092
calcant,3,1.9092
destre,3,1.9092
averany,3,1.9092
ratifiquen,3,1.9092
guix,3,1.9092
merescuda,3,1.9092
menesters,3,1.9092
caserius,3,1.9092
aldees,3,1.9092
fadrines,3,1.9092
instituït,3,1.9092
esclavitud,3,1.9092
fugint,3,1.9092
cassola,3,1.9092
escudella,3,1.9092
passatgers,3,1.9092
carnes,3,1.9092
carnals,3,1.9092
incessant,3,1.9092
lochs,3,1.9092
embriaguesa,3,1.9092
nebulosa,3,1.9092
celests,3,1.9092
condensació,3,1.9092
imprecisos,3,1.9092
figurada,3,1.9092
rememora,3,1.9092
insòlit,3,1.9092
exemplificar,3,1.9092
assentada,3,1.9092
rígidament,3,1.9092
corneta,3,1.9092
obrí,3,1.9092
humorística,3,1.9092
primmirat,3,1.9092
apreciació,3,1.9092
mexicana,3,1.9092
combustibles,3,1.9092
consegüents,3,1.9092
predominants,3,1.9092
forestals,3,1.9092
colar,3,1.9092
mardà,3,1.9092
impacients,3,1.9092
artefacte,3,1.9092
derrocar,3,1.9092
anomenaren,3,1.9092
substituïren,3,1.9092
conteses,3,1.9092
baló,3,1.9092
ariete,3,1.9092
multiplicador,3,1.9092
inadequats,3,1.9092
reprotxar,3,1.9092
trio,3,1.9092
apassionada,3,1.9092
agr,3,1.9092
indagar,3,1.9092
anònims,3,1.9092
averiguar,3,1.9092
lària,3,1.9092
alimentat,3,1.9092
vivor,3,1.9092
picardia,3,1.9092
desentés,3,1.9092
caminen,3,1.9092
pruna,3,1.9092
ling,3,1.9092
ètnies,3,1.9092
bàrbars,3,1.9092
incultes,3,1.9092
show,3,1.9092
gz,3,1.9092
espect,3,1.9092
exit,3,1.9092
ire,3,1.9092
concretat,3,1.9092
nodrit,3,1.9092
successo,3,1.9092
desitjats,3,1.9092
ort,3,1.9092
envejar,3,1.9092
christmas,3,1.9092
pecuniàries,3,1.9092
transcrita,3,1.9092
pecuniària,3,1.9092
infàmia,3,1.9092
invenció,3,1.9092
imbecil,3,1.9092
imbècil,3,1.9092
égide,3,1.9092
pia,3,1.9092
monedes,3,1.9092
accidentalment,3,1.9092
heràldics,3,1.9092
exuberants,3,1.9092
atractives,3,1.9092
exclusius,3,1.9092
fesols,3,1.9092
naps,3,1.9092
cornucopia,3,1.9092
abundancia,3,1.9092
porca,3,1.9092
truie,3,1.9092
ravals,3,1.9092
annexionar,3,1.9092
annexió,3,1.9092
pat,3,1.9092
rebatejaren,3,1.9092
aplicaren,3,1.9092
porcelana,3,1.9092
biais,3,1.9092
bias,3,1.9092
esplèndid,3,1.9092
abreviar,3,1.9092
làser,3,1.9092
ovni,3,1.9092
ongs,3,1.9092
congressistes,3,1.9092
sigle,3,1.9092
encuentro,3,1.9092
ordit,3,1.9092
cortines,3,1.9092
pregunte,3,1.9092
maliciós,3,1.9092
infidelitat,3,1.9092
inversemblant,3,1.9092
rocambolesco,3,1.9092
adv,3,1.9092
laors,3,1.9092
horas,3,1.9092
determinà,3,1.9092
então,3,1.9092
α,3,1.9092
jocós,3,1.9092
paronomasia,3,1.9092
humiliar,3,1.9092
altisonants,3,1.9092
excitatori,3,1.9092
jamés,3,1.9092
apèndixs,3,1.9092
estrèpit,3,1.9092
escandaloses,3,1.9092
cuant,3,1.9092
contalles,3,1.9092
baralles,3,1.9092
investir,3,1.9092
ura,3,1.9092
togues,3,1.9092
concedí,3,1.9092
suggestiu,3,1.9092
topa,3,1.9092
amnistía,3,1.9092
men,3,1.9092
reconciliació,3,1.9092
artífexs,3,1.9092
decretà,3,1.9092
tàctica,3,1.9092
paralització,3,1.9092
obstaculitzar,3,1.9092
australians,3,1.9092
coincidia,3,1.9092
guerre,3,1.9092
dames,3,1.9092
antropològic,3,1.9092
plebeus,3,1.9092
fòbia,3,1.9092
islamofobia,3,1.9092
antisocial,3,1.9092
contrasenya,3,1.9092
dinosaure,3,1.9092
wilhelm,3,1.9092
affaire,3,1.9092
transmesa,3,1.9092
caracollons,3,1.9092
ovina,3,1.9092
karakul,3,1.9092
kirguís,3,1.9092
repetidament,3,1.9092
penser,3,1.9092
pensare,3,1.9092
apitxat,3,1.9092
utensilis,3,1.9092
entegre,3,1.9092
nevada,3,1.9092
taulellet,3,1.9092
past,3,1.9092
assenyalaven,3,1.9092
forners,3,1.9092
dormen,3,1.9092
estrelles,3,1.9092
pastisseries,3,1.9092
torrades,3,1.9092
aúʎa,3,1.9092
secundàriament,3,1.9092
cabre,3,1.9092
entrebancar,3,1.9092
punxeguda,3,1.9092
penjats,3,1.9092
empare,3,1.9092
aguantar,3,1.9092
entropessar,3,1.9092
amich,3,1.9092
lluitant,3,1.9092
propina,3,1.9092
impur,3,1.9092
repugnància,3,1.9092
bevent,3,1.9092
contumaç,3,1.9092
inapreciable,3,1.9092
cautelosament,3,1.9092
solicitud,3,1.9092
acabaven,3,1.9092
watch,3,1.9092
insubstancial,3,1.9092
anodina,3,1.9092
ineficaç,3,1.9092
fàrmac,3,1.9092
anodino,3,1.9092
celler,3,1.9092
uk,3,1.9092
dispensa,3,1.9092
agrest,3,1.9092
gentil,3,1.9092
sostindre,3,1.9092
voltat,3,1.9092
esferoide,3,1.9092
estella,3,1.9092
modernitzada,3,1.9092
avrá,3,1.9092
baixava,3,1.9092
orat,3,1.9092
mesclar,3,1.9092
pachorra,3,1.9092
despectivament,3,1.9092
complexió,3,1.9092
suporta,3,1.9092
proverbial,3,1.9092
sanch,3,1.9092
descalç,3,1.9092
antonomasia,3,1.9092
cabdill,3,1.9092
aflorament,3,1.9092
hospitalari,3,1.9092
econ,3,1.9092
depositari,3,1.9092
custodiar,3,1.9092
ordi,3,1.9092
atorgades,3,1.9092
facilitava,3,1.9092
enlluerna,3,1.9092
eloqüència,3,1.9092
astut,3,1.9092
encàrrecs,3,1.9092
parpelles,3,1.9092
rebaixar,3,1.9092
muntades,3,1.9092
aüixar,3,1.9092
senyoret,3,1.9092
descansar,3,1.9092
acaçar,3,1.9092
ind,3,1.9092
vergonyant,3,1.9092
postulaven,3,1.9092
ranera,3,1.9092
despatxar,3,1.9092
explosions,3,1.9092
ametlers,3,1.9092
lactarius,3,1.9092
sanguifluus,3,1.9092
convex,3,1.9092
complica,3,1.9092
perxa,3,1.9092
anares,3,1.9092
rebaixat,3,1.9092
silueta,3,1.9092
imponent,3,1.9092
sírius,3,1.9092
titil,3,1.9092
afectuosa,3,1.9092
pollet,3,1.9092
cagar,3,1.9092
excrements,3,1.9092
finor,3,1.9092
bruixeria,3,1.9092
sanes,3,1.9092
inquisició,3,1.9092
aconsellava,3,1.9092
retirada,3,1.9092
creàrem,3,1.9092
encisams,3,1.9092
sativa,3,1.9092
remanēre,3,1.9092
brusca,3,1.9092
cartaginesos,3,1.9092
permanéixer,3,1.9092
maquillatge,3,1.9092
veníem,3,1.9092
rierols,3,1.9092
bots,3,1.9092
ingerit,3,1.9092
bateries,3,1.9092
somiar,3,1.9092
deserts,3,1.9092
foch,3,1.9092
country,3,1.9092
fefaent,3,1.9092
regiment,3,1.9092
metamorfosi,3,1.9092
locà,3,1.9092
capĕre,3,1.9092
reservats,3,1.9092
lamentables,3,1.9092
propugna,3,1.9092
internat,3,1.9092
conference,3,1.9092
començàrem,3,1.9092
pegats,3,1.9092
nóvies,3,1.9092
existiren,3,1.9092
demanant,3,1.9092
atret,3,1.9092
comentaristes,3,1.9092
dèspotes,3,1.9092
cònica,3,1.9092
estretes,3,1.9092
punxegudes,3,1.9092
llimera,3,1.9092
aprofitem,3,1.9092
artritis,3,1.9092
restrenyiment,3,1.9092
antioxidant,3,1.9092
patògens,3,1.9092
queia,3,1.9092
destinaven,3,1.9092
artesania,3,1.9092
pusch,3,1.9092
servint,3,1.9092
vassall,3,1.9092
jaç,3,1.9092
penades,3,1.9092
opacs,3,1.9092
casualment,3,1.9092
conrad,3,1.9092
pedestal,3,1.9092
pilots,3,1.9092
paradīsus,3,1.9092
pairi,3,1.9092
daeza,3,1.9092
fiscus,3,1.9092
vimen,3,1.9092
casualitats,3,1.9092
evadir,3,1.9092
instaurà,3,1.9092
creara,3,1.9092
receptores,3,1.9092
calar,3,1.9092
excessius,3,1.9092
amables,3,1.9092
hidratació,3,1.9092
celebrate,3,1.9092
diatribes,3,1.9092
apocalíptic,3,1.9092
dialèctic,3,1.9092
acres,3,1.9092
florir,3,1.9092
exògena,3,1.9092
encalçar,3,1.9092
desapareixent,3,1.9092
guirigay,3,1.9092
interessen,3,1.9092
silenciosament,3,1.9092
arquejada,3,1.9092
enigmàtiques,3,1.9092
calamitós,3,1.9092
fermentar,3,1.9092
envole,3,1.9092
corp,3,1.9092
arrugada,3,1.9092
nux,3,1.9092
anouer,3,1.9092
vicaria,3,1.9092
portador,3,1.9092
obscuritat,3,1.9092
palmes,3,1.9092
breviaris,3,1.9092
recomane,3,1.9092
morat,3,1.9092
túniques,3,1.9092
comesos,3,1.9092
parenostre,3,1.9092
infligir,3,1.9092
dictador,3,1.9092
duus,3,1.9092
dedicant,3,1.9092
llançà,3,1.9092
broten,3,1.9092
brotar,3,1.9092
licencia,3,1.9092
crien,3,1.9092
mutin,3,1.9092
revoltós,3,1.9092
descriptivament,3,1.9092
cristiandat,3,1.9092
processió,3,1.9092
didàcticament,3,1.9092
representem,3,1.9092
rio,3,1.9092
janeiro,3,1.9092
hidràulic,3,1.9092
onomatopeia,3,1.9092
necessitar,3,1.9092
cortesà,3,1.9092
compacte,3,1.9092
aplanada,3,1.9092
amenaçant,3,1.9092
cause,3,1.9092
coaccions,3,1.9092
calçat,3,1.9092
subjecta,3,1.9092
contrafort,3,1.9092
xafat,3,1.9092
nóvios,3,1.9092
identificada,3,1.9092
remers,3,1.9092
vaudeville,3,1.9092
vire,3,1.9092
nocius,3,1.9092
rectangle,3,1.9092
explicable,3,1.9092
injecció,3,1.9092
folklòric,3,1.9092
precipitar,3,1.9092
proporcionà,3,1.9092
relíquies,3,1.9092
projeccions,3,1.9092
cregué,3,1.9092
recordaven,3,1.9092
portulaca,3,1.9092
càpsula,3,1.9092
tapadora,3,1.9092
ramificada,3,1.9092
medicinal,3,1.9092
calmar,3,1.9092
intestinal,3,1.9092
centrífuga,3,1.9092
trombes,3,1.9092
batejada,3,1.9092
tocats,3,1.9092
tractàvem,3,1.9092
esforçats,3,1.9092
hispània,3,1.9092
saqueig,3,1.9092
claudi,3,1.9092
valenta,3,1.9092
desafiar,3,1.9092
atifells,3,1.9092
decaure,3,1.9092
beneficiosa,3,1.9092
edward,3,1.9092
subterrànies,3,1.9092
antonomàstic,3,1.9092
facilitaren,3,1.9092
certificació,3,1.9092
jugava,3,1.9092
intentaven,3,1.9092
xala,3,1.9092
escalons,3,1.9092
gladiadors,3,1.9092
marcatge,3,1.9092
arredonides,3,1.9092
alps,3,1.9092
locats,3,1.9092
eixamplament,3,1.9092
trasts,3,1.9092
gorbatxov,3,1.9092
antiquíssim,3,1.9092
inert,3,1.9092
anunciava,3,1.9092
elegants,3,1.9092
posaria,3,1.9092
transfuguisme,3,1.9092
traditio,3,1.9092
comunions,3,1.9092
successiva,3,1.9092
imita,3,1.9092
índies,3,1.9092
pulmons,3,1.9092
estengueren,3,1.9092
sofriments,3,1.9092
psíquics,3,1.9092
habitem,3,1.9092
mesclades,3,1.9092
rovell,3,1.9092
torrats,3,1.9092
blanquinoses,3,1.9092
fusionada,3,1.9092
tríada,3,1.9092
desnivell,3,1.9092
possessions,3,1.9092
electromagnètiques,3,1.9092
retribució,3,1.9092
connectats,3,1.9092
bajoqueta,3,1.9092
prestava,3,1.9092
llevem,3,1.9092
suprimim,3,1.9092
bici,3,1.9092
erroni,3,1.9092
climatologia,3,1.9092
estancades,3,1.9092
taral,3,1.9092
destrellatada,3,1.9092
subterfugis,3,1.9092
jornalers,3,1.9092
thais,3,1.9092
laosià,3,1.9092
lao,3,1.9092
classificades,3,1.9092
penjada,3,1.9092
exploració,3,1.9092
zuro,3,1.9092
friülà,3,1.9092
teixint,3,1.9092
omplia,3,1.9092
criticant,3,1.9092
tardanament,3,1.9092
frustrades,3,1.9092
llindar,3,1.9092
formants,3,1.9092
estupor,3,1.9092
minoritzats,3,1.9092
equivalia,3,1.9092
jornal,3,1.9092
congelació,3,1.9092
sorbets,3,1.9092
sirià,3,1.9092
nigromants,3,1.9092
regressiu,3,1.9092
sondejar,3,1.9092
sondar,3,1.9092
sonda,3,1.9092
introspecció,3,1.9092
penjant,3,1.9092
gitat,3,1.9092
cruels,3,1.9092
sirenes,3,1.9092
acústic,3,1.9092
emetia,3,1.9092
fantàstics,3,1.9092
concavitat,3,1.9092
syn,3,1.9092
aeròdrom,3,1.9092
síndics,3,1.9092
descomunal,3,1.9092
erasme,3,1.9092
rotterdam,3,1.9092
equivocat,3,1.9092
traduïble,3,1.9092
aliar,3,1.9092
delator,3,1.9092
aprofitats,3,1.9092
enveges,3,1.9092
intrigues,3,1.9092
promulgà,3,1.9092
assassins,3,1.9092
rendició,3,1.9092
increïbles,3,1.9092
imprevista,3,1.9092
irritats,3,1.9092
elimina,3,1.9092
cremen,3,1.9092
irrigar,3,1.9092
vana,3,1.9092
reclam,3,1.9092
pressupòsits,3,1.9092
acusen,3,1.9092
encarregava,3,1.9092
cole,3,1.9092
demanara,3,1.9092
convertiria,3,1.9092
causen,3,1.9092
fanatisme,3,1.9092
sax,3,1.9092
melancòlic,3,1.9092
concentracions,3,1.9092
consistixen,3,1.9092
consagrar,3,1.9092
fusters,3,1.9092
constipats,3,1.9092
intacte,3,1.9092
salarium,3,1.9092
argentum,3,1.9092
contraprestació,3,1.9092
agricultors,3,1.9092
preat,3,1.9092
austríaca,3,1.9092
grassa,3,1.9092
tendien,3,1.9092
rebutja,3,1.9092
saïm,3,1.9092
receptacle,3,1.9092
corrien,3,1.9092
preromànic,3,1.9092
transmissors,3,1.9092
gramaticalment,3,1.9092
cutània,3,1.9092
secs,3,1.9092
caramels,3,1.9092
musculars,3,1.9092
menescalia,3,1.9092
misogin,3,1.9092
tinya,3,1.9092
afinitats,3,1.9092
rodalies,3,1.9092
urbs,3,1.9092
fricció,3,1.9092
extravagants,3,1.9092
tocant,3,1.9092
espart,3,1.9092
garbes,3,1.9092
reiterats,3,1.9092
ressentiment,3,1.9092
estralls,3,1.9092
rebot,3,1.9092
sofrit,3,1.9092
robat,3,1.9092
cabals,3,1.9092
diminut,3,1.9092
antiquitats,3,1.9092
fongs,3,1.9092
destituir,3,1.9092
regle,3,1.9092
aladre,3,1.9092
russes,3,1.9092
immenses,3,1.9092
gimnàs,3,1.9092
falagueres,3,1.9092
deport,3,1.9092
recreativa,3,1.9092
rècords,3,1.9092
ressorgir,3,1.9092
sorgits,3,1.9092
espuris,3,1.9092
covard,3,1.9092
agafant,3,1.9092
prescrit,3,1.9092
cavitats,3,1.9092
llançats,3,1.9092
hertzianes,3,1.9092
apòcope,3,1.9092
focs,3,1.9092
aplecs,3,1.9092
emmudit,3,1.9092
dispars,3,1.9092
rectificat,3,1.9092
clixés,3,1.9092
aficions,3,1.9092
pèrsic,3,1.9092
homologar,3,1.9092
exotopònims,3,1.9092
geògraf,3,1.9092
begís,3,1.9092
encenalls,3,1.9092
aproxima,3,1.9092
lesions,3,1.9092
lars,3,1.9092
credo,3,1.9092
abraçaven,3,1.9092
establien,3,1.9092
primícies,3,1.9092
primitius,3,1.9092
comprador,3,1.9092
tengut,3,1.9092
hibernum,3,1.9092
transformaria,3,1.9092
verano,3,1.9092
càlcul,3,1.9092
suposició,3,1.9092
abrupte,3,1.9092
dewey,3,1.9092
postre,3,1.9092
davó,3,1.9092
maniobres,3,1.9092
distribuint,3,1.9092
daus,3,1.9092
colons,3,1.9092
tíber,3,1.9092
laborable,3,1.9092
ocultava,3,1.9092
carregar,3,1.9092
vulgaris,3,1.9092
balena,3,1.9092
desvergonyit,3,1.9092
patida,3,1.9092
tribulacions,3,1.9092
retratar,3,1.9092
capritxosament,3,1.9092
expletiu,3,1.9092
gratuïts,3,1.9092
cabrelles,3,1.9092
sanguini,3,1.9092
alcohòlica,3,1.9092
naismith,3,1.9092
filtrats,3,1.9092
burgesa,3,1.9092
petulant,3,1.9092
malus,3,1.9092
usuàries,3,1.9092
persianes,3,1.9092
saix,3,1.9092
enquadernació,3,1.9092
aprecien,3,1.9092
sobrevingut,3,1.9092
imponents,3,1.9092
polisèmia,3,1.9092
cuixes,3,1.9092
imitant,3,1.9092
plegats,3,1.9092
alimentant,3,1.9092
locaven,3,1.9092
tiende,3,1.9092
desobeir,3,1.9092
deserta,3,1.9092
concorregut,3,1.9092
ansiosament,3,1.9092
commedia,3,1.9092
venecians,3,1.9092
fornés,3,1.9092
food,3,1.9092
simplicitat,3,1.9092
inclán,3,1.9092
esmolades,3,1.9092
pota,3,1.9092
corbat,3,1.9092
catastròfiques,3,1.9092
distribuïsquen,3,1.9092
conferit,3,1.9092
muntada,3,1.9092
tempo,3,1.9092
concedixen,3,1.9092
maleït,3,1.9092
revolucionària,3,1.9092
ocean,3,1.9092
lustrant,3,1.9092
nimfes,3,1.9092
polsosos,3,1.9092
reconquista,3,1.9092
nino,3,1.9092
concisament,3,1.9092
conjura,3,1.9092
kennedy,3,1.9092
nadalenc,3,1.9092
nasquera,3,1.9092
corretges,3,1.9092
muscles,3,1.9092
recanvi,3,1.9092
xicon,3,1.9092
prominents,3,1.9092
burlesca,3,1.9092
pentinat,3,1.9092
prominència,3,1.9092
prevencions,3,1.9092
titlar,3,1.9092
provenien,3,1.9092
moles,3,1.9092
mole,3,1.9092
excursionistes,3,1.9092
inexorablement,3,1.9092
protagonitzat,3,1.9092
mythe,3,1.9092
myth,3,1.9092
mito,3,1.9092
contraposats,3,1.9092
bombardejos,3,1.9092
adversitat,3,1.9092
vilment,3,1.9092
victor,3,1.9092
hugo,3,1.9092
admirable,3,1.9092
protagonitzades,3,1.9092
críticament,3,1.9092
mendicant,3,1.9092
generós,3,1.9092
tendisca,3,1.9092
nutritives,3,1.9092
cardíaques,3,1.9092
alternat,3,1.9092
esfèric,3,1.9092
llances,3,1.9092
poderosament,3,1.9092
educat,3,1.9092
roderic,3,1.9092
marroquí,3,1.9092
nines,3,1.9092
conjugal,3,1.9092
evolucionarà,3,1.9092
casada,3,1.9092
insistentment,3,1.9092
tocs,3,1.9092
injurioses,3,1.9092
reconversió,3,1.9092
ludida,3,1.9092
samsó,3,1.9092
margaret,3,1.9092
anglosaxones,3,1.9092
desinhibició,3,1.9092
transgredir,3,1.9092
beneficiosos,3,1.9092
sorollosa,3,1.9092
cinch,3,1.9092
karl,3,1.9092
propugnava,3,1.9092
igualitària,3,1.9092
turment,3,1.9092
capitans,3,1.9092
fermín,3,1.9092
definia,3,1.9092
rosegadors,3,1.9092
montis,3,1.9092
marmolar,3,1.9092
provisionalment,3,1.9092
inhalació,3,1.9092
èxtasi,3,1.9092
marguerite,3,1.9092
iovis,3,1.9092
aglutinant,3,1.9092
filloles,3,1.9092
arbitrari,3,1.9092
dòcil,3,1.9092
manen,3,1.9092
extremar,3,1.9092
autènticament,3,1.9092
quadricromia,3,1.9092
mesclant,3,1.9092
vessada,3,1.9092
incontrolable,3,1.9092
llunes,3,1.9092
papir,3,1.9092
fantasies,3,1.9092
ferdinand,3,1.9092
desglossades,3,1.9092
descobriren,3,1.9092
portaceli,3,1.9092
cardíaca,3,1.9092
enganys,3,1.9092
aeri,3,1.9092
desintegració,3,1.9092
observà,3,1.9092
psicològiques,3,1.9092
fermentat,3,1.9092
insípid,3,1.9092
pendenciero,3,1.9092
perdonavidas,3,1.9092
tòrax,3,1.9092
àgilment,3,1.9092
granís,3,1.9092
origina,3,1.9092
evolucionada,3,1.9092
clevills,3,1.9092
gratia,3,1.9092
elogiat,3,1.9092
governance,3,1.9092
articulacions,3,1.9092
mòrbid,3,1.9092
xocar,3,1.9092
estratagema,3,1.9092
rugós,3,1.9092
ungüent,3,1.9092
exigents,3,1.9092
coqueta,3,1.9092
vestien,3,1.9092
defectuosa,3,1.9092
subjectiu,3,1.9092
enyoradís,3,1.9092
reportatges,3,1.9092
obriran,3,1.9092
floc,3,1.9092
sobrevingudes,3,1.9092
contrastant,3,1.9092
cridaner,3,1.9092
novella,3,1.9092
mundanes,3,1.9092
esfumar,3,1.9092
arqueòleg,3,1.9092
metonímicament,3,1.9092
flam,3,1.9092
fit,3,1.9092
abstractiva,3,1.9092
juncs,3,1.9092
posteritat,3,1.9092
finalizar,3,1.9092
participem,3,1.9092
respongué,3,1.9092
esperat,3,1.9092
recobrir,3,1.9092
giuseppe,3,1.9092
congrega,3,1.9092
diluïx,3,1.9092
transcrit,3,1.9092
despertava,3,1.9092
sinestèsic,3,1.9092
comentant,3,1.9092
reincorporació,3,1.9092
decadent,3,1.9092
advertíem,3,1.9092
ardilla,3,1.9092
perviu,3,1.9092
continuarem,3,1.9092
fardes,3,1.9092
estoreta,3,1.9092
innecessàriament,3,1.9092
tanàsia,3,1.9092
thánatos,3,1.9092
banyar,3,1.9092
vapors,3,1.9092
umbilical,3,1.9092
hans,3,1.9092
arterial,3,1.9092
estretor,3,1.9092
reclamen,3,1.9092
remigi,3,1.9092
estentòria,3,1.9092
mític,3,1.9092
états,3,1.9092
stand,3,1.9092
exigides,3,1.9092
higiene,3,1.9092
espiga,3,1.9092
garrofes,3,1.9092
espentes,3,1.9092
talents,3,1.9092
intentaren,3,1.9092
cobria,3,1.9092
despertaren,3,1.9092
destorb,3,1.9092
skholé,3,1.9092
cònjuges,3,1.9092
tancs,3,1.9092
harry,3,1.9092
suavitzar,3,1.9092
escama,3,1.9092
comandament,3,1.9092
escalar,3,1.9092
assaltar,3,1.9092
ensenyat,3,1.9092
induït,3,1.9092
virgo,3,1.9092
alcuns,3,1.9092
barbut,3,1.9092
saturació,3,1.9092
amabilitat,3,1.9092
suspicàcia,3,1.9092
secar,3,1.9092
balafiar,3,1.9092
estimades,3,1.9092
defungi,3,1.9092
redimir,3,1.9092
defunct,3,1.9092
tem,3,1.9092
ferits,3,1.9092
buidor,3,1.9092
pressionar,3,1.9092
enutjat,3,1.9092
resultaven,3,1.9092
incomprensibles,3,1.9092
impartien,3,1.9092
canari,3,1.9092
cendrós,3,1.9092
còdol,3,1.9092
esgotament,3,1.9092
homenatja,3,1.9092
operat,3,1.9092
motivats,3,1.9092
esgotat,3,1.9092
intensifica,3,1.9092
solanum,3,1.9092
id,3,1.9092
tarden,3,1.9092
acollien,3,1.9092
endurida,3,1.9092
barrets,3,1.9092
còrsega,3,1.9092
desafiant,3,1.9092
artifici,3,1.9092
tingau,3,1.9092
leo,3,1.9092
arn,3,1.9092
respiratòria,3,1.9092
agnus,3,1.9092
professen,3,1.9092
coptes,3,1.9092
egeu,3,1.9092
consumia,3,1.9092
contorsions,3,1.9092
involuntària,3,1.9092
equivocar,3,1.9092
taberna,3,1.9092
statuĕre,3,1.9092
robusta,3,1.9092
remordiment,3,1.9092
llogar,3,1.9092
prodigioses,3,1.9092
jonathan,3,1.9092
caminaven,3,1.9092
confins,3,1.9092
contigus,3,1.9092
recloure,3,1.9092
quítxua,3,1.9092
botons,3,1.9092
recintes,3,1.9092
tanques,3,1.9092
obliden,3,1.9092
politicoadministrativa,3,1.9092
douglas,3,1.9092
vehemència,3,1.9092
conferia,3,1.9092
cegos,3,1.9092
bancals,3,1.9092
soltant,3,1.9092
plorava,3,1.9092
aglomeracions,3,1.9092
apropiar,3,1.9092
retenció,3,1.9092
gripau,3,1.9092
protegira,3,1.9092
llis,3,1.9092
calendaris,3,1.9092
apuntaven,3,1.9092
perdurar,3,1.9092
laboriós,3,1.9092
pesades,3,1.9092
tamany,3,1.9092
escassegen,3,1.9092
travar,3,1.9092
gastava,3,1.9092
minsa,3,1.9092
basket,3,1.9092
implacable,3,1.9092
nil,3,1.9092
interculturals,3,1.9092
acceptant,3,1.9092
caspi,3,1.9092
àzeri,3,1.9092
vesuvi,3,1.9092
aproximatiu,3,1.9092
consumar,3,1.9092
bonaventura,3,1.9092
endevinació,3,1.9092
az,3,1.9092
egípcia,3,1.9092
ressemblança,3,1.9092
practique,3,1.9092
escadusserament,3,1.9092
perpetrat,3,1.9092
barber,3,1.9092
pirates,3,1.9092
corporals,3,1.9092
desembocadura,3,1.9092
estrafolària,3,1.9092
llegada,3,1.9092
haixix,3,1.9092
pretendent,3,1.9092
novelles,3,1.9092
crestià,3,1.9092
codony,3,1.9092
arxiprest,3,1.9092
arruixar,3,1.9092
intervals,3,1.9092
titanic,3,1.9092
eliminat,3,1.9092
envelliment,3,1.9092
fumar,3,1.9092
rua,3,1.9092
decimal,3,1.9092
gramínies,3,1.9092
civada,3,1.9092
arítmia,3,1.9092
fique,3,1.9092
nuets,3,1.9092
gestions,3,1.9092
emigrat,3,1.9092
acompanyaren,3,1.9092
pinyons,3,1.9092
almud,3,1.9092
suspens,3,1.9092
vencedors,3,1.9092
blancor,3,1.9092
agregats,3,1.9092
idíl,3,1.9092
irreal,3,1.9092
febril,3,1.9092
traslladen,3,1.9092
incorrectament,3,1.9092
cooperatiu,3,1.9092
farmacèutic,3,1.9092
encobriment,3,1.9092
dolorós,3,1.9092
esquelet,3,1.9092
escorren,3,1.9092
sortejos,3,1.9092
promontori,3,1.9092
desencant,3,1.9092
enrevessada,3,1.9092
alcmena,3,1.9092
antilles,3,1.9092
assistències,3,1.9092
deambular,3,1.9092
amarronat,3,1.9092
produïra,3,1.9092
alls,3,1.9092
allioli,3,1.9092
islàmics,3,1.9092
algerians,3,1.9092
complira,3,1.9092
acudixen,3,1.9092
diŭrnus,3,1.9092
aplazar,3,1.9092
llicència,3,1.9092
susciten,3,1.9092
paisans,3,1.9092
impertinències,3,1.9092
eia,3,1.9092
quarters,3,1.9092
indestriablement,3,1.9092
η,3,1.9092
controversia,3,1.9092
hormona,3,1.9092
certifica,3,1.9092
dure,3,1.9092
encant,3,1.9092
glamour,3,1.9092
ligibles,3,1.9092
losament,3,1.9092
cessen,3,1.9092
oxigenar,3,1.9092
afortunats,3,1.9092
dissimulada,3,1.9092
santos,3,1.9092
menjada,3,1.9092
proscrita,3,1.9092
falç,3,1.9092
genere,3,1.9092
afer,3,1.9092
reviscolat,3,1.9092
ene,3,1.9092
tɛ,3,1.9092
cans,3,1.9092
islàmiques,3,1.9092
adscrites,3,1.9092
talibans,3,1.9092
omar,3,1.9092
vagabund,3,1.9092
imaginària,3,1.9092
medicinals,3,1.9092
cridaven,3,1.9092
porcions,3,1.9092
neva,3,1.9092
vet,3,1.9092
plebs,3,1.9092
membranoses,3,1.9092
nèctar,3,1.9092
amenaçades,3,1.9092
induïx,3,1.9092
massives,3,1.9092
galeres,3,1.9092
delinqüència,3,1.9092
aierdi,3,1.9092
deducció,3,1.9092
retraten,3,1.9092
intranscendents,3,1.9092
farses,3,1.9092
qualificada,3,1.9092
llavada,3,1.9092
haitià,3,1.9092
copistes,3,1.9092
transversals,3,1.9092
estereotip,3,1.9092
epònim,3,1.9092
quixal,3,1.9092
propaguen,3,1.9092
resistint,3,1.9092
pudenta,3,1.9092
polis,3,1.9092
visibilització,3,1.9092
rapsodes,3,1.9092
testimonia,3,1.9092
substituïdes,3,1.9092
interactives,3,1.9092
burlesc,3,1.9092
píl,3,1.9092
tragar,3,1.9092
consagrada,3,1.9092
anticonceptiu,3,1.9092
píndoles,3,1.9092
entres,3,1.9092
delimitades,3,1.9092
erms,3,1.9092
lexema,3,1.9092
entrepanet,3,1.9092
pegava,3,1.9092
pellofa,3,1.9092
ofa,3,1.9092
fílmiques,3,1.9092
lorofont,3,1.9092
candent,3,1.9092
baf,3,1.9092
pathos,3,1.9092
evolucionen,3,1.9092
constrényer,3,1.9092
dificultava,3,1.9092
difosos,3,1.9092
cognitives,3,1.9092
brigada,3,1.9092
víric,3,1.9092
puny,3,1.9092
coïa,3,1.9092
depara,3,1.9092
contraposant,3,1.9092
abstracta,3,1.9092
desesperació,3,1.9092
pon,3,1.9092
orri,3,1.9092
alfabètic,3,1.9092
arbòria,3,1.9092
navaixes,3,1.9092
oferida,3,1.9092
derivà,3,1.9092
perspicàcia,3,1.9092
oposada,3,1.9092
malbé,3,1.9092
lletania,3,1.9092
triomfar,3,1.9092
aprofità,3,1.9092
harder,3,1.9092
basilea,3,1.9092
dissoldre,3,1.9092
palatalitzades,3,1.9092
nigro,3,1.9092
extensions,3,1.9092
revestit,3,1.9092
semble,3,1.9092
liderat,3,1.9092
ego,3,1.9092
decoració,3,1.9092
aromàtiques,3,1.9092
gaudien,3,1.9092
reorganització,3,1.9092
comparses,3,1.9092
jesuïta,3,1.9092
melanina,3,1.9092
melanòcits,3,1.9092
exposem,3,1.9092
leó,3,1.9092
fictícia,3,1.9092
horrible,3,1.9092
místiques,3,1.9092
jovenet,3,1.9092
quelo,3,1.9092
emigrant,3,1.9092
mono,3,1.9092
contrastava,3,1.9092
consignades,3,1.9092
distorsionar,3,1.9092
bony,3,1.9092
sigil,3,1.9092
estrafolari,3,1.9092
olímpics,3,1.9092
atletisme,3,1.9092
manyopa,3,1.9092
maniqueu,3,1.9092
arribaria,3,1.9092
violí,3,1.9092
hermes,3,1.9092
indus,3,1.9092
creadora,3,1.9092
disgustat,3,1.9092
incomplit,3,1.9092
ocorreguda,3,1.9092
gosset,3,1.9092
falso,3,1.9092
allevar,3,1.9092
àncora,3,1.9092
algeps,3,1.9092
pasteur,3,1.9092
eixuta,3,1.9092
machine,3,1.9092
fanals,3,1.9092
targeta,3,1.9092
cantats,3,1.9092
jules,3,1.9092
napolitans,3,1.9092
tipogràfica,3,1.9092
mongoles,3,1.9092
llançaren,3,1.9092
ase,3,1.9092
troballes,3,1.9092
durador,3,1.9092
compliquen,3,1.9092
tancava,3,1.9092
depenia,3,1.9092
jour,3,1.9092
albercocs,3,1.9092
canaleta,3,1.9092
jass,3,1.9092
modisme,3,1.9092
kirguizistan,3,1.9092
perjudicials,3,1.9092
lira,3,1.9092
traver,3,1.9092
copiosa,3,1.9092
jerarquies,3,1.9092
caduc,3,1.9092
infermetat,3,1.9092
enfermer,3,1.9092
comprensiu,3,1.9092
eximir,3,1.9092
indis,3,1.9092
quatres,3,1.9092
indecisos,3,1.9092
implement,3,1.9092
ompliment,3,1.9092
ingerència,3,1.9092
convertides,3,1.9092
palpables,3,1.9092
mobiliari,3,1.9092
pakistanés,3,1.9092
honradesa,3,1.9092
equitat,3,1.9092
honest,3,1.9092
saxó,3,1.9092
enfocar,3,1.9092
anòmala,3,1.9092
reproductor,3,1.9092
tinguts,3,1.9092
arredonit,3,1.9092
aclimatació,3,1.9092
treta,3,1.9092
desprenia,3,1.9092
borbó,3,1.9092
relaten,3,1.9092
espinosa,3,1.9092
terrestres,3,1.9092
espinoses,3,1.9092
tigre,3,1.9092
combats,3,1.9092
aspres,3,1.9092
inflorescència,3,1.9092
òssia,3,1.9092
habitada,3,1.9092
estreps,3,1.9092
rols,3,1.9092
gemegar,3,1.9092
gast,3,1.9092
costanera,3,1.9092
legió,3,1.9092
milícia,3,1.9092
candia,3,1.9092
apuntà,3,1.9092
negada,3,1.9092
villa,3,1.9092
evangelista,3,1.9092
convivien,3,1.9092
pisa,3,1.9092
gaiato,3,1.9092
ensenyaren,3,1.9092
rin,3,1.9092
tributàries,3,1.9092
fotges,3,1.9092
folrar,3,1.9092
sospitosos,3,1.9092
feréstecs,3,1.9092
impulsaren,3,1.9092
renta,3,1.9092
loses,3,1.9092
fat,3,1.9092
farcīre,3,1.9092
inclinat,3,1.9092
filtrat,3,1.9092
titella,3,1.9092
faltat,3,1.9092
massiu,3,1.9092
contrastada,3,1.9092
news,3,1.9092
mentides,3,1.9092
ford,3,1.9092
bilaterals,3,1.9092
girs,3,1.9092
excuses,3,1.9092
pretextos,3,1.9092
desbloquejar,3,1.9092
enamorar,3,1.9092
capturat,3,1.9092
explicant,3,1.9092
extremadura,3,1.9092
emèrits,3,1.9092
canonada,3,1.9092
bambau,3,1.9092
licità,3,1.9092
licitana,3,1.9092
iber,3,1.9092
esdevindria,3,1.9092
élite,3,1.9092
descàrregues,3,1.9092
holandesos,3,1.9092
aeris,3,1.9092
guiats,3,1.9092
tràgica,3,1.9092
latius,3,1.9092
robes,3,1.9092
expiració,3,1.9092
crega,3,1.9092
simètric,3,1.9092
contracor,3,1.9092
transitable,3,1.9092
continuades,3,1.9092
sufragi,3,1.9092
intransitiu,3,1.9092
adduint,3,1.9092
taüt,3,1.9092
otitis,3,1.9092
insípida,3,1.9092
antiinflamatori,3,1.9092
mortalitat,3,1.9092
arbitrarietat,3,1.9092
anacrònica,3,1.9092
gascon,3,1.9092
gavellar,3,1.9092
aclaridors,3,1.9092
fallit,3,1.9092
interromp,3,1.9092
alineació,3,1.9092
δ,3,1.9092
д,3,1.9092
estigmatització,3,1.9092
incoherència,3,1.9092
imperials,3,1.9092
inconscientment,3,1.9092
cantors,3,1.9092
festera,3,1.9092
mixtos,3,1.9092
pretesa,3,1.9092
encarnació,3,1.9092
lega,3,1.9092
volcànica,3,1.9092
mitjanament,3,1.9092
orientador,3,1.9092
bucĭna,3,1.9092
clam,3,1.9092
entreteixits,3,1.9092
queviures,3,1.9092
implantat,3,1.9092
diplomatari,3,1.9092
circa,3,1.9092
avellaner,3,1.9092
contestà,3,1.9092
privant,3,1.9092
reunien,3,1.9092
agafà,3,1.9092
xoca,3,1.9092
ciuró,3,1.9092
primes,3,1.9092
avena,3,1.9092
mecànic,3,1.9092
census,3,1.9092
posseïen,3,1.9092
caballus,3,1.9092
valorats,3,1.9092
agué,3,1.9092
reducte,3,1.9092
preguntat,3,1.9092
trencadissa,3,1.9092
cavallets,3,1.9092
carrossa,3,1.9092
horaci,3,1.9092
aprofite,3,1.9092
carmagnole,3,1.9092
safanòria,3,1.9092
corumull,3,1.9092
agarra,3,1.9092
caníbal,3,1.9092
descobridors,3,1.9092
hispanoamericans,3,1.9092
diplomàtics,3,1.9092
llits,3,1.9092
bulb,3,1.9092
cabeza,3,1.9092
cabanyes,3,1.9092
cabana,3,1.9092
endevinar,3,1.9092
lències,3,1.9092
albergínia,3,1.9092
duts,3,1.9092
diferida,3,1.9092
involucrar,3,1.9092
heretats,3,1.9092
orta,3,1.9092
demostrà,3,1.9092
segregada,3,1.9092
permetent,3,1.9092
desoxiribonucleic,3,1.9092
siats,3,1.9092
bíbliques,3,1.9092
edén,3,1.9092
calfred,3,1.9092
rodeja,3,1.9092
empelt,3,1.9092
connectada,3,1.9092
amengual,3,1.9092
joglars,3,1.9092
pavelló,3,1.9092
devien,3,1.9092
ón,3,1.9092
captació,3,1.9092
banals,3,1.9092
birles,3,1.9092
distraure,3,1.9092
administrador,3,1.9092
empobrida,3,1.9092
irish,3,1.9092
adreçaven,3,1.9092
beta,3,1.9092
sostenidors,3,1.9092
preocupa,3,1.9092
potter,3,1.9092
bio,3,1.9092
macmillan,3,1.9092
consultable,3,1.9092
ramell,3,1.9092
esposes,3,1.9092
imperatius,3,1.9092
rudiments,3,1.9092
gall,3,1.9092
mirà,3,1.9092
barriques,3,1.9092
arbustos,3,1.9092
xalets,3,1.9092
mari,3,1.9092
bombolla,3,1.9092
immobiliària,3,1.9092
maletes,3,1.9092
reactivar,3,1.9092
cànter,3,1.9092
calçotets,3,1.9092
prestigiades,3,1.9092
estigmatitzar,3,1.9092
obsequi,3,1.9092
clavicèmbal,3,1.9092
edre,3,1.9092
ense,3,1.9092
ecta,3,1.9092
ecte,3,1.9092
epta,3,1.9092
epte,3,1.9092
ndr,3,1.9092
endre,3,1.9092
apòstata,3,1.9092
pòlissa,3,1.9092
demagog,3,1.9092
oma,3,1.9092
glaucoma,3,1.9092
moix,3,1.9092
desclòs,3,1.9092
ultrasò,3,1.9092
ew,3,1.9092
ʤuán,3,1.9092
tarɔ,3,1.9092
aixement,3,1.9092
eixement,3,1.9092
pilɔ,3,1.9092
tɔ,3,1.9092
rɛ,3,1.9092
genoll,3,1.9092
ʤinóʎ,3,1.9092
bwít,3,1.9092
bújt,3,1.9092
deskwít,3,1.9092
deskújt,3,1.9092
koɾánta,3,1.9092
expirat,3,1.9092
bilabials,3,1.9092
bategants,3,1.9092
vibració,3,1.9092
obɛ,3,1.9092
ads,3,1.9092
gg,3,1.9092
madur,3,1.9092
ensordiment,3,1.9092
ɾo,3,1.9092
ʒ,3,1.9092
já,3,1.9092
féʧe,3,1.9092
jecc,3,1.9092
ject,3,1.9092
ajʃátiva,3,1.9092
cartoixa,3,1.9092
perdré,3,1.9092
ábɾe,3,1.9092
socors,3,1.9092
kómteɾ,3,1.9092
poɾtáli,3,1.9092
kaɱviálo,3,1.9092
ɲ,3,1.9092
algoritme,3,1.9092
capmoix,3,1.9092
capmany,3,1.9092
gnom,3,1.9092
mnemotècnia,3,1.9092
ins,3,1.9092
klúp,3,1.9092
gɾúp,3,1.9092
péjʃ,3,1.9092
atòmic,3,1.9092
iar,3,1.9092
quar,3,1.9092
cuar,3,1.9092
medul,3,1.9092
pèr,3,1.9092
gurt,3,1.9092
tar,3,1.9092
iam,3,1.9092
abs,3,1.9092
captiu,3,1.9092
cantàvem,3,1.9092
cantàveu,3,1.9092
adjudicar,3,1.9092
urna,3,1.9092
atemptar,3,1.9092
logaritme,3,1.9092
whisky,3,1.9092
tornaré,3,1.9092
cèdula,3,1.9092
merèixer,3,1.9092
néixer,3,1.9092
convèncer,3,1.9092
fèiem,3,1.9092
tèrbol,3,1.9092
altruista,3,1.9092
soltada,3,1.9092
ß,3,1.9092
naftol,3,1.9092
aminoazobenzé,3,1.9092
aeronaus,3,1.9092
geopolítiques,3,1.9092
perpendicular,3,1.9092
toms,3,1.9092
abreviat,3,1.9092
abreugen,3,1.9092
inacabada,3,1.9092
prestarem,3,1.9092
intermedis,3,1.9092
protestat,3,1.9092
comparen,3,1.9092
predicats,3,1.9092
tàcit,3,1.9092
imperatives,3,1.9092
desideratives,3,1.9092
dislocats,3,1.9092
rematització,3,1.9092
determinatius,3,1.9092
impressora,3,1.9092
alacrà,3,1.9092
lloro,3,1.9092
pronominalitzats,3,1.9092
referenciat,3,1.9092
artiste,3,1.9092
vodka,3,1.9092
impròpiament,3,1.9092
fustera,3,1.9092
retroba,3,1.9092
alicates,3,1.9092
manllevades,3,1.9092
prediquen,3,1.9092
ministerials,3,1.9092
quantificats,3,1.9092
adduïts,3,1.9092
geminen,3,1.9092
isòsceles,3,1.9092
llepafils,3,1.9092
llevataques,3,1.9092
unívoca,3,1.9092
infermeres,3,1.9092
despuig,3,1.9092
saudita,3,1.9092
ést,3,1.9092
anafòric,3,1.9092
numèric,3,1.9092
quantificació,3,1.9092
intercala,3,1.9092
abreviatiu,3,1.9092
terna,3,1.9092
coincidiren,3,1.9092
partitives,3,1.9092
animada,3,1.9092
sobrepassa,3,1.9092
menjava,3,1.9092
prescindix,3,1.9092
inanimades,3,1.9092
guionets,3,1.9092
portaré,3,1.9092
portamonedes,3,1.9092
reemplaça,3,1.9092
anàfora,3,1.9092
centrarà,3,1.9092
nexual,3,1.9092
suplementària,3,1.9092
tonals,3,1.9092
sintètiques,3,1.9092
especificant,3,1.9092
indissoluble,3,1.9092
sopàrem,3,1.9092
encapçalades,3,1.9092
usaria,3,1.9092
substitutiu,3,1.9092
deteriorament,3,1.9092
cub,3,1.9092
localitzen,3,1.9092
predica,3,1.9092
marque,3,1.9092
imperfectius,3,1.9092
narratiu,3,1.9092
comentats,3,1.9092
prevalen,3,1.9092
incoatiu,3,1.9092
delimitaran,3,1.9092
servisc,3,1.9092
serveixes,3,1.9092
palatalitzats,3,1.9092
exhaustivitat,3,1.9092
surt,3,1.9092
haig,3,1.9092
velarització,3,1.9092
dormia,3,1.9092
caient,3,1.9092
oldre,3,1.9092
ényer,3,1.9092
cogut,3,1.9092
aparegués,3,1.9092
gosar,3,1.9092
predicatives,3,1.9092
exigits,3,1.9092
transitives,3,1.9092
inacusatius,3,1.9092
complementació,3,1.9092
rellotges,3,1.9092
conjuntiva,3,1.9092
consideres,3,1.9092
hipotètiques,3,1.9092
concessiu,3,1.9092
latives,3,1.9092
morf,3,1.9092
prehistòria,3,1.9092
valorativa,3,1.9092
contextuals,3,1.9092
irresponsable,3,1.9092
denominals,3,1.9092
deverbals,3,1.9092
adjectivació,3,1.9092
verbalització,3,1.9092
centèsim,3,1.9092
fusionats,3,1.9092
conj,3,1.9092
vigila,3,1.9092
prep,3,1.9092
intersecció,3,1.9092
disposà,3,1.9092
ortín,3,1.9092
incipients,3,1.9092
codificadora,3,1.9092
harmònica,3,1.9092
ortoèpiques,3,1.9092
menge,3,1.9092
sarda,3,1.9092
carxe,3,1.9092
teòriques,3,1.9092
reserven,3,1.9092
partisca,3,1.9092
partiu,3,1.9092
noticiari,3,1.9092
bótes,3,1.9092
dónes,3,1.9092
mòlts,3,1.9092
mòltes,3,1.9092
ósses,3,1.9092
osses,3,1.9092
degolla,3,1.9092
correspondran,3,1.9092
incrèdul,3,1.9092
oca,3,1.9092
boja,3,1.9092
castanyola,3,1.9092
destrossa,3,1.9092
cabota,3,1.9092
dissociació,3,1.9092
sospir,3,1.9092
fangar,3,1.9092
calcar,3,1.9092
uzbek,3,1.9092
esnob,3,1.9092
inexorable,3,1.9092
arcaïtzant,3,1.9092
enunciades,3,1.9092
comprovacions,3,1.9092
collirem,3,1.9092
passarem,3,1.9092
refugià,3,1.9092
portarem,3,1.9092
beneïda,3,1.9092
inaudit,3,1.9092
singularitzar,3,1.9092
atrevir,3,1.9092
encobert,3,1.9092
angela,3,1.9092
baró,3,1.9092
lois,3,1.9092
conyac,3,1.9092
ministeris,3,1.9092
otomà,3,1.9092
agregació,3,1.9092
grove,3,1.9092
breda,3,1.9092
anuaris,3,1.9092
cinta,3,1.9092
jude,3,1.9092
prunes,3,1.9092
singularitzada,3,1.9092
acotació,3,1.9092
telefona,3,1.9092
posposades,3,1.9092
instructor,3,1.9092
errada,3,1.9092
promulguen,3,1.9092
esmenen,3,1.9092
robot,3,1.9092
dj,3,1.9092
dv,3,1.9092
ds,3,1.9092
ascendix,3,1.9092
sobreentés,3,1.9092
ànims,3,1.9092
racionalitzar,3,1.9092
tipològica,3,1.9092
angleses,3,1.9092
manifestà,3,1.9092
àbac,3,1.9092
càlculs,3,1.9092
ça,3,1.9092
excepcionalitat,3,1.9092
aparador,3,1.9092
culpable,3,1.9092
dinou,3,1.9092
entreu,3,1.9092
terça,3,1.9092
geranis,3,1.9092
cridant,3,1.9092
creurà,3,1.9092
parlaren,3,1.9092
desitgeu,3,1.9092
majestàtic,3,1.9092
portaran,3,1.9092
patisques,3,1.9092
aparcament,3,1.9092
reprén,3,1.9092
anàrem,3,1.9092
parlara,3,1.9092
acabes,3,1.9092
sarau,3,1.9092
supervivents,3,1.9092
immòbil,3,1.9092
continuadora,3,1.9092
insistint,3,1.9092
longitudinal,3,1.9092
despit,3,1.9092
viatjat,3,1.9092
volava,3,1.9092
afanyar,3,1.9092
passeja,3,1.9092
palpes,3,1.9092
tingueu,3,1.9092
clarors,3,1.9092
escassament,3,1.9092
columbretes,3,1.9092
esclatar,3,1.9092
finalització,3,1.9092
caram,3,1.9092
gosades,3,1.9092
ecs,3,1.9092
allargament,3,1.9092
fotes,3,1.9092
rai,3,1.9092
fot,3,1.9092
disculpe,3,1.9092
xo,3,1.9092
assentiment,3,1.9092
atxim,3,1.9092
dring,3,1.9092
taf,3,1.9092
succinta,3,1.9092
hereva,3,1.9092
aniria,3,1.9092
mèu,3,1.9092
horada,3,1.9092
baronessa,3,1.9092
assolides,3,1.9092
agermana,3,1.9092
presten,3,1.9092
vetlant,3,1.9092
reivindicant,3,1.9092
canós,3,1.9092
experta,3,1.9092
ostentat,3,1.9092
technology,3,1.9092
università,3,1.9092
udine,3,1.9092
circuits,3,1.9092
caro,3,1.9092
iolanda,3,1.9092
malo,3,1.9092
rotger,3,1.9092
balata,3,1.9092
equipaments,3,1.9092
lingüísticotècnics,3,1.9092
completarà,3,1.9092
antolí,3,1.9092
paperetes,3,1.9092
apitxament,3,1.9092
resumixen,3,1.9092
corresponsal,3,1.9092
prorroga,3,1.9092
rubricat,3,1.9092
emfasitzat,3,1.9092
portaveus,3,1.9092
intervindrà,3,1.9092
interactiva,3,1.9092
miranda,3,1.9092
emfatitzat,3,1.9092
capçaleres,3,1.9092
repobladors,3,1.9092
marcaren,3,1.9092
benicadell,3,1.9092
emfasitza,3,1.9092
saler,3,1.9092
irromp,3,1.9092
multifuncional,3,1.9092
bastix,3,1.9092
persevera,3,1.9092
sicània,3,1.9092
inauguren,3,1.9092
marcaran,3,1.9092
predilecció,3,1.9092
buidatge,3,1.9092
mac,3,1.9092
tresors,3,1.9092
bellíssimament,3,1.9092
woody,3,1.9092
epicentre,3,1.9092
mereixedora,3,1.9092
adquireix,3,1.9092
confiat,3,1.9092
connectava,3,1.9092
massó,3,1.9092
manifests,3,1.9092
guerricabeitia,3,1.9092
memorial,3,1.9092
bruno,3,1.9092
paricio,3,1.9092
explicats,3,1.9092
monogràficament,3,1.9092
mohrenwitz,3,1.9092
compositors,3,1.9092
renau,3,1.9092
isla,3,1.9092
testimonio,3,1.9092
antich,3,1.9092
bristol,3,1.9092
assagístic,3,1.9092
mereixedors,3,1.9092
limite,3,1.9092
plantejarà,3,1.9092
xosé,3,1.9092
consensuada,3,1.9092
màximes,3,1.9092
impulsora,3,1.9092
explicaven,3,1.9092
concertar,3,1.9092
reculat,3,1.9092
apagada,3,1.9092
reblat,3,1.9092
contindrà,3,1.9092
oferira,3,1.9092
meteora,3,1.9092
folch,3,1.9092
truncar,3,1.9092
bangor,3,1.9092
npld,3,1.9092
lesos,3,1.9092
decisius,3,1.9092
mónica,3,1.9092
comissionada,3,1.9092
marítima,3,1.9092
respectuosos,3,1.9092
inclouran,3,1.9092
lázaro,3,1.9092
subratllava,3,1.9092
matutano,3,1.9092
misogínia,3,1.9092
plàstica,3,1.9092
gregorio,3,1.9092
ganyota,3,1.9092
palàcios,3,1.9092
profitoses,3,1.9092
heterodox,3,1.9092
llegües,3,1.9092
mecrl,3,1.9092
personalismes,3,1.9092
hofstra,3,1.9092
prestigioses,3,1.9092
implantación,3,1.9092
reformulació,3,1.9092
augmentada,3,1.9092
keown,3,1.9092
valldaura,3,1.9092
monterde,3,1.9092
petja,3,1.9092
anne,3,1.9092
valuosíssim,3,1.9092
bodí,3,1.9092
antagonismes,3,1.9092
contribueixen,3,1.9092
top,3,1.9092
buena,3,1.9092
blog,3,1.9092
estarien,3,1.9092
interdependents,3,1.9092
detectava,3,1.9092
veuria,3,1.9092
colomar,3,1.9092
requeria,3,1.9092
desenvoluparà,3,1.9092
dignifiquen,3,1.9092
congratula,3,1.9092
rebeca,3,1.9092
analitzarem,3,1.9092
moririen,3,1.9092
abundosa,3,1.9092
prolífics,3,1.9092
audició,3,1.9092
sinopsi,3,1.9092
violante,3,1.9092
menysprea,3,1.9092
cronològicament,3,1.9092
recórrega,3,1.9092
assessorat,3,1.9092
infotv,3,1.9092
viatjarà,3,1.9092
assistix,3,1.9092
traduint,3,1.9092
incidirà,3,1.9092
burguera,3,1.9092
destinaran,3,1.9092
abonar,3,1.9092
seuelectronica,3,1.9092
comportarà,3,1.9092
paritat,3,1.9092
supervisar,3,1.9092
individualitzada,3,1.9092
cañizares,3,1.9092
bolonya,3,1.9092
inauguraran,3,1.9092
dominics,3,1.9092
fonollosa,3,1.9092
vicentines,3,1.9092
larrazábal,3,1.9092
endònima,3,1.9092
philip,3,1.9092
marginada,3,1.9092
brno,3,1.9092
sao,3,1.9092
escènica,3,1.9092
topi,3,1.9092
inspirada,3,1.9092
propugnada,3,1.9092
ovoidal,3,1.9092
correcuita,3,1.9092
cuitacorrents,3,1.9092
matadegolla,3,1.9092
corresponsable,3,1.9092
consensuarà,3,1.9092
assaigs,3,1.9092
benedetto,3,1.9092
sociolinguistica,3,1.9092
descompte,3,1.9092
realitzaren,3,1.9092
imposava,3,1.9092
organitzà,3,1.9092
àgora,3,1.9092
llicenciatures,3,1.9092
netament,3,1.9092
diéguez,3,1.9092
fernàndez,3,1.9092
passejades,3,1.9092
integradors,3,1.9092
inaugurada,3,1.9092
aenicus,3,1.9092
quiere,3,1.9092
dando,3,1.9092
basem,3,1.9092
gras,3,1.9092
suggerent,3,1.9092
ostenta,3,1.9092
comas,3,1.9092
terracina,3,1.9092
mantingueren,3,1.9092
diplomàtic,3,1.9092
catalanitzat,3,1.9092
dedueix,3,1.9092
llombardismes,3,1.9092
vidari,3,1.9092
evidencien,3,1.9092
curials,3,1.9092
palesen,3,1.9092
transposició,3,1.9092
tàrent,3,1.9092
napoletano,3,1.9092
sáiz,3,1.9092
cabe,3,1.9092
cuantitativa,3,1.9092
oriünds,3,1.9092
corroboren,3,1.9092
raboses,3,1.9092
legit,3,1.9092
empero,3,1.9092
demostrarà,3,1.9092
barzizza,3,1.9092
prefereix,3,1.9092
imola,3,1.9092
studia,3,1.9092
umanistica,3,1.9092
pacs,3,1.9092
giulia,3,1.9092
estructurada,3,1.9092
virtù,3,1.9092
burke,3,1.9092
innovadores,3,1.9092
decameron,3,1.9092
basili,3,1.9092
camar,3,1.9092
tancredi,3,1.9092
làquesis,3,1.9092
controvèrsia,3,1.9092
nobilitate,3,1.9092
marsuppini,3,1.9092
preceptor,3,1.9092
uomo,3,1.9092
costumi,3,1.9092
humanístics,3,1.9092
private,3,1.9092
monarquia,3,1.9092
inusual,3,1.9092
andò,3,1.9092
molte,3,1.9092
quanti,3,1.9092
bene,3,1.9092
ebbe,3,1.9092
consiglio,3,1.9092
talento,3,1.9092
meritòries,3,1.9092
álvaro,3,1.9092
guillaume,3,1.9092
retirat,3,1.9092
militem,3,1.9092
regalà,3,1.9092
desplaçava,3,1.9092
parnàs,3,1.9092
homero,3,1.9092
exhibeix,3,1.9092
quería,3,1.9092
comentava,3,1.9092
bocca,3,1.9092
travessava,3,1.9092
duanes,3,1.9092
gènova,3,1.9092
llobera,3,1.9092
garantides,3,1.9092
provença,3,1.9092
pisanello,3,1.9092
aquil,3,1.9092
muntat,3,1.9092
inigo,3,1.9092
trilingüe,3,1.9092
missives,3,1.9092
elegia,3,1.9092
lamentablement,3,1.9092
ambaixadors,3,1.9092
catalani,3,1.9092
barbato,3,1.9092
gorja,3,1.9092
criança,3,1.9092
espejo,3,1.9092
incunable,3,1.9092
reunira,3,1.9092
enunciar,3,1.9092
pagès,3,1.9092
apoli,3,1.9092
orígenes,3,1.9092
distancia,3,1.9092
rigual,3,1.9092
rinascimento,3,1.9092
umanesimo,3,1.9092
rivista,3,1.9092
ensayo,3,1.9092
quaderni,3,1.9092
ídem,3,1.9092
dolçor,3,1.9092
recepción,3,1.9092
mainz,3,1.9092
novè,3,1.9092
literaturas,3,1.9092
albores,3,1.9092
ejército,3,1.9092
storia,3,1.9092
observaciones,3,1.9092
michele,3,1.9092
sociale,3,1.9092
trad,3,1.9092
aca,3,1.9092
obliguen,3,1.9092
court,3,1.9092
page,3,1.9092
find,3,1.9092
points,3,1.9092
detail,3,1.9092
noted,3,1.9092
according,3,1.9092
fructíferes,3,1.9092
apostant,3,1.9092
volts,3,1.9092
tornaran,3,1.9092
enriquidors,3,1.9092
necrologia,3,1.9092
meditat,3,1.9092
dificulte,3,1.9092
exdegà,3,1.9092
sínode,3,1.9092
toixa,3,1.9092
necessitarà,3,1.9092
reforce,3,1.9092
tutelada,3,1.9092
afectarà,3,1.9092
reglamentaris,3,1.9092
subcorpus,3,1.9092
sincrònic,3,1.9092
postergació,3,1.9092
correo,3,1.9092
apellidos,3,1.9092
marxar,3,1.9092
provatures,3,1.9092
posicionat,3,1.9092
veritables,3,1.9092
cuentos,3,1.9092
circulación,3,1.9092
màgiques,3,1.9092
venciment,3,1.9092
atansà,3,1.9092
seien,3,1.9092
assabentar,3,1.9092
prefereixen,3,1.9092
aixecar,3,1.9092
esguard,3,1.9092
decaïment,3,1.9092
coentor,3,1.9092
reproduïdes,3,1.9092
escletxes,3,1.9092
esbarzer,3,1.9092
tingués,3,1.9092
viatgeres,3,1.9092
reclamem,3,1.9092
acostumada,3,1.9092
acota,3,1.9092
decidia,3,1.9092
mamà,3,1.9092
treballava,3,1.9092
stop,3,1.9092
catifa,3,1.9092
roseta,3,1.9092
aclaria,3,1.9092
rosari,3,1.9092
indefugiblement,3,1.9092
incongruència,3,1.9092
caigudes,3,1.9092
tauló,3,1.9092
revolt,3,1.9092
esmorzar,3,1.9092
febleses,3,1.9092
pensió,3,1.9092
mullar,3,1.9092
quieta,3,1.9092
xarraire,3,1.9092
mate,3,1.9092
arrapar,3,1.9092
odiar,3,1.9092
nóvio,3,1.9092
tangible,3,1.9092
reunida,3,1.9092
labrado,3,1.9092
telefònicament,3,1.9092
message,3,1.9092
cànon,3,1.9092
repositori,3,1.9092
agrairíem,3,1.9092
linguistica,3,1.9092
audiovisuales,3,1.9092
traductologie,3,1.9092
dubbing,3,1.9092
anunciació,3,1.9092
nativitat,3,1.9092
onzé,3,1.9092
tretzé,3,1.9092
catorzé,3,1.9092
quinzé,3,1.9092
setzé,3,1.9092
desseté,3,1.9092
dihuité,3,1.9092
denové,3,1.9092
algerí,3,1.9092
encens,3,1.9092
flassada,3,1.9092
fotja,3,1.9092
jerosolimità,3,1.9092
llunàtic,3,1.9092
messiànicc,3,1.9092
pànic,3,1.9092
pírric,3,1.9092
roaming,3,1.9092
rohingya,3,1.9092
salconduit,3,1.9092
tie,3,1.9092
torsimany,3,1.9092
transsexual,3,1.9092
tromba,3,1.9092
fotocòpia,3,1.9092
oferits,3,1.9092
cookies,3,1.9092
sitios,3,1.9092
oferides,3,1.9092
facilitada,3,1.9092
limitador,3,1.9092
perjuís,3,1.9092
impedisquen,3,1.9092
dissenys,3,1.9092
jovades,3,1.9092
avec,3,1.9092
propre,3,1.9092
pies,3,1.9092
imagen,3,1.9092
región,3,1.9092
soci,3,1.9092
eclesiástica,3,1.9092
días,3,1.9092
biblia,3,1.9092
morisco,3,1.9092
tránsito,3,1.9092
tolosa,3,1.9092
friburg,3,1.9092
recollida,3,1.9092
computer,3,1.9092
subvencionats,3,1.9092
huerta,3,1.9092
prieto,3,1.9092
asistencia,3,1.9092
adaptación,3,1.9092
competitivitat,3,1.9092
vocablos,3,1.9092
lemosines,3,1.9092
larousse,3,1.9092
relevante,3,1.9092
miedo,3,1.9092
variantes,3,1.9092
tótem,3,1.9092
gonzalo,3,1.9092
das,3,1.9092
stuttgart,3,1.9092
castillos,3,1.9092
monasterio,3,1.9092
cien,3,1.9092
varela,3,1.9092
comandant,3,1.9092
primerenca,3,1.9092
seat,3,1.9092
aplicadas,3,1.9092
baleares,3,1.9092
musicats,3,1.9092
barberá,3,1.9092
france,3,1.9092
encuentros,3,1.9092
presentador,3,1.9092
contractat,3,1.9092
reyna,3,1.9092
buen,3,1.9092
daría,3,1.9092
prácticas,3,1.9092
abismo,3,1.9092
machado,3,1.9092
bosque,3,1.9092
secreto,3,1.9092
poet,3,1.9092
participant,3,1.9092
menéndez,3,1.9092
guía,3,1.9092
apostòlic,3,1.9092
cerdán,3,1.9092
recés,3,1.9092
exegesi,3,1.9092
conscienciat,3,1.9092
palència,3,1.9092
artigal,3,1.9092
adide,3,1.9092
tirol,3,1.9092
johannes,3,1.9092
foundation,3,1.9092
assoliments,3,1.9092
indagació,3,1.9092
synchronic,3,1.9092
semantic,3,1.9092
variación,3,1.9092
afectíssim,3,1.9092
sgae,3,1.9092
lexicologia,3,1.9092
subjectivació,3,1.9092
consideraciones,3,1.9092
lexicosemàntic,3,1.9092
brull,3,1.9092
mossarabismes,3,1.9092
evidencial,3,1.9092
italy,3,1.9092
interlingüística,3,1.9092
power,3,1.9092
orales,3,1.9092
coy,3,1.9092
américa,3,1.9092
value,3,1.9092
ètnica,3,1.9092
afroamericanes,3,1.9092
innovación,3,1.9092
llanceu,3,1.9092
young,3,1.9092
prometedora,3,1.9092
dirigint,3,1.9092
verso,3,1.9092
images,3,1.9092
works,3,1.9092
springer,3,1.9092
iberoamericana,3,1.9092
agregat,3,1.9092
lliteratura,3,1.9092
departamentos,3,1.9092
industrias,3,1.9092
badajoz,3,1.9092
cantàbria,3,1.9092
ceuta,3,1.9092
tenerife,3,1.9092
dolz,3,1.9092
dictaminara,3,1.9092
atribuida,3,1.9092
dictamine,3,1.9092
científicos,3,1.9092
mecanismos,3,1.9092
comunicada,3,1.9092
integrem,3,1.9092
valore,3,1.9092
enfortint,3,1.9092
solves,3,1.9092
varó,3,1.9092
bejís,3,1.9092
benafigos,3,1.9092
benejúzar,3,1.9092
bellés,3,1.9092
bolbaite,3,1.9092
villaplana,3,1.9092
altas,3,1.9092
baeza,3,1.9092
tortajada,3,1.9092
bajas,3,1.9092
chelva,3,1.9092
chiva,3,1.9092
chulilla,3,1.9092
domeño,3,1.9092
serret,3,1.9092
jacarilla,3,1.9092
jérica,3,1.9092
domingues,3,1.9092
monforte,3,1.9092
baldó,3,1.9092
horadada,3,1.9092
blanco,3,1.9092
sinarcas,3,1.9092
yátova,3,1.9092
xarcuteria,3,1.9092
peirats,3,1.9092
sebastian,3,1.9092
córdoba,3,1.9092
auca,3,1.9092
sanct,3,1.9092
lúcia,3,1.9092
estampat,3,1.9092
plantejats,3,1.9092
tramitada,3,1.9092
nordamericà,3,1.9092
sn,3,1.9092
acordaren,3,1.9092
paulatina,3,1.9092
significà,3,1.9092
prolongar,3,1.9092
notòries,3,1.9092
alarmants,3,1.9092
setantes,3,1.9092
contestada,3,1.9092
redactant,3,1.9092
insubstituïbles,3,1.9092
degeneren,3,1.9092
insolidari,3,1.9092
desenrotlle,3,1.9092
antesala,3,1.9092
esterilitzant,3,1.9092
pertorbador,3,1.9092
conjurant,3,1.9092
sume,3,1.9092
basarà,3,1.9092
organs,3,1.9092
cursarà,3,1.9092
patrocinis,3,1.9092
integrarà,3,1.9092
ordene,3,1.9092
preliminars,3,1.9092
vinculants,3,1.9092
formulen,3,1.9092
renovats,3,1.9092
proposaran,3,1.9092
aconsellen,3,1.9092
autoritzacions,3,1.9092
consultats,3,1.9092
preceptiva,3,1.9092
estendrà,3,1.9092
hagudes,3,1.9092
indicarà,3,1.9092
flexibles,3,1.9092
desunió,3,1.9092
integradores,3,1.9092
acollint,3,1.9092
werner,3,1.9092
bibliografía,3,1.9092
reconocida,3,1.9092
ciencias,3,1.9092
exactamente,3,1.9092
signos,3,1.9092
generalmente,3,1.9092
relacionados,3,1.9092
cathalana,3,1.9092
stil,3,1.9092
portoguesa,3,1.9092
latí,3,1.9092
curioso,3,1.9092
sentencia,3,1.9092
foli,3,1.9092
hacían,3,1.9092
hijo,3,1.9092
hablamos,3,1.9092
nacido,3,1.9092
perque,3,1.9092
dialectos,3,1.9092
benimàmet,3,1.9092
proponer,3,1.9092
motivos,3,1.9092
existen,3,1.9092
supremo,3,1.9092
ramas,3,1.9092
dé,3,1.9092
margall,3,1.9092
bable,3,1.9092
antiguo,3,1.9092
sive,3,1.9092
vuestra,3,1.9092
entera,3,1.9092
extremos,3,1.9092
nación,3,1.9092
villas,3,1.9092
hablarla,3,1.9092
vulgares,3,1.9092
preocupat,3,1.9092
noi,3,1.9092
eivissenc,3,1.9092
mallorques,3,1.9092
costumbres,3,1.9092
conocidos,3,1.9092
principado,3,1.9092
consideramos,3,1.9092
universalment,3,1.9092
trobant,3,1.9092
andalucía,3,1.9092
deba,3,1.9092
permita,3,1.9092
cierta,3,1.9092
margarit,3,1.9092
vernacle,3,1.9092
catalanovalenciana,3,1.9092
método,3,1.9092
sisena,3,1.9092
propose,3,1.9092
usted,3,1.9092
algún,3,1.9092
siguiendo,3,1.9092
lemosino,3,1.9092
división,3,1.9092
ventajas,3,1.9092
càntics,3,1.9092
funcionario,3,1.9092
áreas,3,1.9092
transitoria,3,1.9092
nacionales,3,1.9092
licenciado,3,1.9092
correspondiente,3,1.9092
vienen,3,1.9092
transformado,3,1.9092
limitado,3,1.9092
denomine,3,1.9092
indistintamente,3,1.9092
intereses,3,1.9092
anexos,3,1.9092
arredonir,3,1.9092
alfàbega,3,1.9092
gusts,3,1.9092
màrgens,3,1.9092
vèrgens,3,1.9092
patisquen,3,1.9092
reblit,3,1.9092
calça,3,1.9092
fardatxo,3,1.9092
graó,3,1.9092
calcetí,3,1.9092
ximenera,3,1.9092
subsecretari,3,1.9092
complisquen,3,1.9092
proclamats,3,1.9092
aprofundisquen,3,1.9092
cohesionar,3,1.9092
dimanen,3,1.9092
lectoescriptura,3,1.9092
deduïx,3,1.9092
oferisca,3,1.9092
millorable,3,1.9092
orientadors,3,1.9092
xxvé,3,1.9092
beneficiada,3,1.9092
traspassats,3,1.9092
admirables,3,1.9092
radiofòniques,3,1.9092
analfabetisme,3,1.9092
diglòssics,3,1.9092
enceten,3,1.9092
formalitzen,3,1.9092
metodològics,3,1.9092
én,3,1.9092
éixer,3,1.9092
éncer,3,1.9092
fomentarà,3,1.9092
cjc,3,1.9092
subsidiària,3,1.9092
esté,3,1.9092
proporcionalidad,3,1.9092
demora,3,1.9092
ajornament,3,1.9092
selectivos,3,1.9092
oportunidades,3,1.9092
modifican,3,1.9092
incluidas,3,1.9092
clasificación,3,1.9092
reglamentariamente,3,1.9092
classificats,3,1.9092
mínimo,3,1.9092
selectivo,3,1.9092
concretas,3,1.9092
órgano,3,1.9092
respetando,3,1.9092
selectives,3,1.9092
oposición,3,1.9092
disponer,3,1.9092
relativo,3,1.9092
ausencia,3,1.9092
estatutaris,3,1.9092
paraigües,3,1.9092
operatius,3,1.9092
suposarà,3,1.9092
obvia,3,1.9092
bolígrafs,3,1.9092
advertirà,3,1.9092
reservarà,3,1.9092
emès,3,1.9092
contenciosa,3,1.9092
resideixen,3,1.9092
complint,3,1.9092
empraran,3,1.9092
cercadors,3,1.9092
contractista,3,1.9092
virtualitat,3,1.9092
concretats,3,1.9092
manifeste,3,1.9092
homogeneïtzar,3,1.9092
procedències,3,1.9092
lloable,3,1.9092
basic,3,1.9092
suggerim,3,1.9092
exigida,3,1.9092
dplu,3,1.9092
desdoblat,3,1.9092
capacitar,3,1.9092
matriculació,3,1.9092
diseñar,3,1.9092
impartición,3,1.9092
etapas,3,1.9092
obligatorias,3,1.9092
determinarán,3,1.9092
heterogénea,3,1.9092
sostenida,3,1.9092
requerirà,3,1.9092
sociològicament,3,1.9092
indefensió,3,1.9092
incompleix,3,1.9092
perjudica,3,1.9092
vehicularan,3,1.9092
opere,3,1.9092
tendirà,3,1.9092
rd,3,1.9092
obligatoriedad,3,1.9092
tutores,3,1.9092
niveles,3,1.9092
financiación,3,1.9092
determinadas,3,1.9092
exceptuar,3,1.9092
juventud,3,1.9092
musicales,3,1.9092
mecenas,3,1.9092
distinción,3,1.9092
acomplisquen,3,1.9092
reducción,3,1.9092
alcanzar,3,1.9092
consecución,3,1.9092
adonarem,3,1.9092
actuarà,3,1.9092
enriquint,3,1.9092
inamovible,3,1.9092
substancials,3,1.9092
deber,3,1.9092
conocerla,3,1.9092
goza,3,1.9092
independencia,3,1.9092
normativas,3,1.9092
procederá,3,1.9092
volver,3,1.9092
forçosa,3,1.9092
mandato,3,1.9092
elegido,3,1.9092
resuelve,3,1.9092
necessite,3,1.9092
meses,3,1.9092
derivados,3,1.9092
integran,3,1.9092
impropi,3,1.9092
asumir,3,1.9092
aprobado,3,1.9092
adoptado,3,1.9092
adecuar,3,1.9092
estatutario,3,1.9092
normativos,3,1.9092
derivadas,3,1.9092
redacción,3,1.9092
relativas,3,1.9092
correctas,3,1.9092
expertos,3,1.9092
forcen,3,1.9092
benvolguts,3,1.9092
usara,3,1.9092
vaya,3,1.9092
sesiones,3,1.9092
substituïda,3,1.9092
comptador,3,1.9092
explicitat,3,1.9092
seguisca,3,1.9092
sensu,3,1.9092
audio,3,1.9092
versemblança,3,1.9092
orientadora,3,1.9092
unidireccional,3,1.9092
conversació,3,1.9092
ade,3,1.9092
culminat,3,1.9092
milles,3,1.9092
tiva,3,1.9092
vocalització,3,1.9092
sig,3,1.9092
entonar,3,1.9092
ultracorreccions,3,1.9092
articulatòria,3,1.9092
bit,3,1.9092
sibilant,3,1.9092
nor,3,1.9092
hoquei,3,1.9092
linier,3,1.9092
quilogram,3,1.9092
dídac,3,1.9092
etíop,3,1.9092
sinergia,3,1.9092
ugt,3,1.9092
iva,3,1.9092
gamberro,3,1.9092
matxo,3,1.9092
nadiua,3,1.9092
ter,3,1.9092
minació,3,1.9092
goigs,3,1.9092
familiaritat,3,1.9092
dèneu,3,1.9092
lèsim,3,1.9092
escriurem,3,1.9092
posaré,3,1.9092
tellà,3,1.9092
expressarem,3,1.9092
tin,3,1.9092
comple,3,1.9092
vingues,3,1.9092
nus,3,1.9092
aterrir,3,1.9092
desvetlar,3,1.9092
equívoc,3,1.9092
comunicat,3,1.9092
senyalar,3,1.9092
lingü,3,1.9092
alboraig,3,1.9092
setaigües,3,1.9092
hollywood,3,1.9092
kíev,3,1.9092
joano,3,1.9092
marroquins,3,1.9092
sendero,3,1.9092
luminoso,3,1.9092
sinn,3,1.9092
yesterday,3,1.9092
romancero,3,1.9092
crímenes,3,1.9092
kabul,3,1.9092
albània,3,1.9092
tirana,3,1.9092
angola,3,1.9092
luanda,3,1.9092
riad,3,1.9092
erevan,3,1.9092
canberra,3,1.9092
bakú,3,1.9092
bahames,3,1.9092
nassau,3,1.9092
manama,3,1.9092
dacca,3,1.9092
barbados,3,1.9092
bridgetown,3,1.9092
belize,3,1.9092
belmopan,3,1.9092
benín,3,1.9092
bhutan,3,1.9092
thimbu,3,1.9092
minsk,3,1.9092
ussa,3,1.9092
sarajevo,3,1.9092
botswana,3,1.9092
gaborone,3,1.9092
brasília,3,1.9092
brunei,3,1.9092
bandar,3,1.9092
seri,3,1.9092
begawan,3,1.9092
burkina,3,1.9092
faso,3,1.9092
ouagadougou,3,1.9092
burundi,3,1.9092
bujumbura,3,1.9092
cambodja,3,1.9092
phnom,3,1.9092
penh,3,1.9092
camerun,3,1.9092
yaoundé,3,1.9092
praia,3,1.9092
centreafricana,3,1.9092
bangui,3,1.9092
comores,3,1.9092
moroni,3,1.9092
brazzaville,3,1.9092
kinshasa,3,1.9092
seül,3,1.9092
pyongyang,3,1.9092
yamoussoukro,3,1.9092
zagreb,3,1.9092
dominica,3,1.9092
roseau,3,1.9092
dhabi,3,1.9092
quito,3,1.9092
eritrea,3,1.9092
asmara,3,1.9092
bratislava,3,1.9092
ljubljana,3,1.9092
addis,3,1.9092
abeba,3,1.9092
fiji,3,1.9092
suva,3,1.9092
manila,3,1.9092
gabon,3,1.9092
libreville,3,1.9092
banjul,3,1.9092
tbilisi,3,1.9092
ghana,3,1.9092
accra,3,1.9092
grenada,3,1.9092
conakry,3,1.9092
equatorial,3,1.9092
malabo,3,1.9092
guyana,3,1.9092
georgetown,3,1.9092
prince,3,1.9092
tegucigalpa,3,1.9092
sanà,3,1.9092
jakarta,3,1.9092
teheran,3,1.9092
bagdad,3,1.9092
reykjavík,3,1.9092
jamaica,3,1.9092
kingston,3,1.9092
jordània,3,1.9092
amman,3,1.9092
astana,3,1.9092
kenya,3,1.9092
nairobi,3,1.9092
bixkek,3,1.9092
kiribati,3,1.9092
bairiki,3,1.9092
vientiane,3,1.9092
lesotho,3,1.9092
maseru,3,1.9092
riga,3,1.9092
líban,3,1.9092
libèria,3,1.9092
monròvia,3,1.9092
trípoli,3,1.9092
vaduz,3,1.9092
vílnius,3,1.9092
luxemburgués,3,1.9092
skopje,3,1.9092
madagascar,3,1.9092
antananarivo,3,1.9092
malàisia,3,1.9092
kuala,3,1.9092
lumpur,3,1.9092
malawi,3,1.9092
lilongwe,3,1.9092
maldives,3,1.9092
mali,3,1.9092
valletta,3,1.9092
rabat,3,1.9092
dalap,3,1.9092
uliga,3,1.9092
darrit,3,1.9092
nouakchott,3,1.9092
micronèsia,3,1.9092
palikir,3,1.9092
moçambic,3,1.9092
maputo,3,1.9092
mongòlia,3,1.9092
podgorica,3,1.9092
myanmar,3,1.9092
namíbia,3,1.9092
windhoek,3,1.9092
nauru,3,1.9092
nepal,3,1.9092
managua,3,1.9092
niamey,3,1.9092
abuja,3,1.9092
oman,3,1.9092
masqat,3,1.9092
islamabad,3,1.9092
melekeok,3,1.9092
moresby,3,1.9092
peruà,3,1.9092
doha,3,1.9092
ruanda,3,1.9092
kigali,3,1.9092
basseterre,3,1.9092
castries,3,1.9092
kingstown,3,1.9092
honiara,3,1.9092
samoa,3,1.9092
apia,3,1.9092
dakar,3,1.9092
seychelles,3,1.9092
freetown,3,1.9092
damasc,3,1.9092
khartum,3,1.9092
sudanés,3,1.9092
paramaribo,3,1.9092
mbabane,3,1.9092
duixanbe,3,1.9092
bangkok,3,1.9092
tanzània,3,1.9092
dodoma,3,1.9092
timor,3,1.9092
dili,3,1.9092
lomé,3,1.9092
nuku,3,1.9092
alofa,3,1.9092
tunísia,3,1.9092
turkmenistan,3,1.9092
aixkhabad,3,1.9092
ankara,3,1.9092
tuvalu,3,1.9092
djamena,3,1.9092
uganda,3,1.9092
kampala,3,1.9092
taixkent,3,1.9092
vanuatu,3,1.9092
vietnam,3,1.9092
hanoi,3,1.9092
nicòsia,3,1.9092
zàmbia,3,1.9092
lusaka,3,1.9092
harare,3,1.9092
zimbàbue,3,1.9092
basketball,3,1.9092
flaix,3,1.9092
tipp,3,1.9092
never,3,1.9092
afraid,3,1.9092
house,3,1.9092
belong,3,1.9092
participation,3,1.9092
along,3,1.9092
children,3,1.9092
copy,3,1.9092
michael,3,1.9092
comentarem,3,1.9092
worked,3,1.9092
treballà,3,1.9092
them,3,1.9092
evidence,3,1.9092
agency,3,1.9092
want,3,1.9092
him,3,1.9092
officer,3,1.9092
police,3,1.9092
theater,3,1.9092
depend,3,1.9092
sure,3,1.9092
kind,3,1.9092
business,3,1.9092
right,3,1.9092
better,3,1.9092
neces,3,1.9092
adaptador,3,1.9092
fahrenheit,3,1.9092
polzada,3,1.9092
foot,3,1.9092
yard,3,1.9092
yd,3,1.9092
yards,3,1.9092
hectàrea,3,1.9092
weight,3,1.9092
gram,3,1.9092
gallon,3,1.9092
litre,3,1.9092
dry,3,1.9092
peck,3,1.9092
renegar,3,1.9092
suar,3,1.9092
animalada,3,1.9092
canyaret,3,1.9092
esquerda,3,1.9092
clivella,3,1.9092
rada,3,1.9092
randa,3,1.9092
encoratjament,3,1.9092
acceptacions,3,1.9092
deter,3,1.9092
bassols,3,1.9092
bibiloni,3,1.9092
rando,3,1.9092
diec,3,1.9092
cátedra,3,1.9092
spv,3,1.9092
catala,3,1.9092
stories,3,1.9092
mataró,3,1.9092
fité,3,1.9092
nicolàs,3,1.9092
exem,3,1.9092
moià,3,1.9092
online,3,1.9092
ﬂuida,3,1.9092
ﬁxació,3,1.9092
gràﬁques,3,1.9092
constate,3,1.9092
especiﬁcant,3,1.9092
tipogràﬁcs,3,1.9092
adjudicació,3,1.9092
complementar,3,1.9092
llançament,3,1.9092
desdoblaments,3,1.9092
derivarien,3,1.9092
comparega,3,1.9092
comparegueu,3,1.9092
exprés,3,1.9092
mútua,3,1.9092
cif,3,1.9092
comptadors,3,1.9092
pics,3,1.9092
word,3,1.9092
edictes,3,1.9092
concisió,3,1.9092
modiﬁque,3,1.9092
dicten,3,1.9092
interpose,3,1.9092
formule,3,1.9092
notiﬁcada,3,1.9092
felicitacions,3,1.9092
aproﬁta,3,1.9092
ﬁnalització,3,1.9092
empre,3,1.9092
coreferents,3,1.9092
aﬁcionats,3,1.9092
geogràﬁcs,3,1.9092
àliga,3,1.9092
socioculturals,3,1.9092
bibliogràﬁques,3,1.9092
ﬁg,3,1.9092
mgfc,3,1.9092
pàg,3,1.9092
pàgs,3,1.9092
conﬂuència,3,1.9092
excma,3,1.9092
loco,3,1.9092
citato,3,1.9092
identiﬁcat,3,1.9092
spd,3,1.9092
socialdemòcrata,3,1.9092
cam,3,1.9092
administration,3,1.9092
scientiﬁc,3,1.9092
ap,3,1.9092
àt,3,1.9092
bop,3,1.9092
cantonada,3,1.9092
dept,3,1.9092
dt,3,1.9092
eminentíssim,3,1.9092
esc,3,1.9092
lma,3,1.9092
magníﬁca,3,1.9092
maj,3,1.9092
mg,3,1.9092
ml,3,1.9092
kv,3,1.9092
reverendíssima,3,1.9092
rpm,3,1.9092
sèptima,3,1.9092
setena,3,1.9092
wb,3,1.9092
viatura,3,1.9092
rodin,3,1.9092
mació,3,1.9092
remarquen,3,1.9092
deﬁnixen,3,1.9092
cannes,3,1.9092
repre,3,1.9092
sentants,3,1.9092
banca,3,1.9092
transformador,3,1.9092
respectuoses,3,1.9092
relativitat,3,1.9092
telefònica,3,1.9092
suﬁcientment,3,1.9092
zació,3,1.9092
viven,3,1.9092
chaikovski,3,1.9092
fiódor,3,1.9092
presidente,3,1.9092
fútbol,3,1.9092
générale,3,1.9092
bancaja,3,1.9092
museo,3,1.9092
tendencias,3,1.9092
simposio,3,1.9092
ambiente,3,1.9092
equipament,3,1.9092
deno,3,1.9092
sera,3,1.9092
ﬁxat,3,1.9092
ananda,3,1.9092
orquesta,3,1.9092
comisiones,3,1.9092
buero,3,1.9092
noche,3,1.9092
georg,3,1.9092
america,3,1.9092
impuesto,3,1.9092
huracán,3,1.9092
identiﬁcatius,3,1.9092
proto,3,1.9092
eurodiputat,3,1.9092
altesa,3,1.9092
alcàntara,3,1.9092
difuses,3,1.9092
ademuz,3,1.9092
ayora,3,1.9092
benissuera,3,1.9092
buñol,3,1.9092
castellnou,3,1.9092
castielfabib,3,1.9092
foradada,3,1.9092
torís,3,1.9092
kitts,3,1.9092
trinidad,3,1.9092
zh,3,1.9092
prouê,3,1.9092
productor,3,1.9092
balanços,3,1.9092
pdups,3,1.9092
triunfo,3,1.9092
convindrà,3,1.9092
examinat,3,1.9092
recomposició,3,1.9092
off,3,1.9092
arrancada,3,1.9092
mobilitza,3,1.9092
amando,3,1.9092
foessa,3,1.9092
faes,3,1.9092
politització,3,1.9092
mobilització,3,1.9092
txecoslovàquia,3,1.9092
neoliberalisme,3,1.9092
deﬁnides,3,1.9092
decideixen,3,1.9092
adossada,3,1.9092
resistències,3,1.9092
conflictivista,3,1.9092
vupopnjb,3,1.9092
reﬂex,3,1.9092
reconeixerà,3,1.9092
conﬁrmat,3,1.9092
posteriori,3,1.9092
diﬁculten,3,1.9092
mmfoh,3,1.9092
geogràﬁca,3,1.9092
possibilite,3,1.9092
demogràﬁcs,3,1.9092
desvertebració,3,1.9092
enteses,3,1.9092
continuista,3,1.9092
exceptuats,3,1.9092
presumpció,3,1.9092
prepotència,3,1.9092
quedarien,3,1.9092
aturem,3,1.9092
aﬁrma,3,1.9092
pgjdjbm,3,1.9092
saludada,3,1.9092
retardava,3,1.9092
laxa,3,1.9092
dèﬁcits,3,1.9092
normalitzadores,3,1.9092
intervenir,3,1.9092
atempta,3,1.9092
jurisprudencia,3,1.9092
cívitas,3,1.9092
alas,3,1.9092
cossetània,3,1.9092
vmuvsb,3,1.9092
sfb,3,1.9092
eft,3,1.9092
pintava,3,1.9092
vbmjgjdbepsb,3,1.9092
pofjyfnfout,3,1.9092
duvbdjpot,3,1.9092
cbmbom,3,1.9092
dós,3,1.9092
carolines,3,1.9092
reivindicaven,3,1.9092
ucd,3,1.9092
engranatge,3,1.9092
estudiada,3,1.9092
qspdnt,3,1.9092
predominava,3,1.9092
mmjcsft,3,1.9092
bufsjbmt,3,1.9092
impensables,3,1.9092
palmero,3,1.9092
wpmvdjw,3,1.9092
cjmjoh,3,1.9092
valenuê,3,1.9092
regulada,3,1.9092
vicepresidents,3,1.9092
gvodjpobsjt,3,1.9092
aprengueren,3,1.9092
tfv,3,1.9092
dominava,3,1.9092
planificada,3,1.9092
ojubu,3,1.9092
insercions,3,1.9092
hncjut,3,1.9092
distribuïren,3,1.9092
vauê,3,1.9092
cmjrvft,3,1.9092
collaboració,3,1.9092
matriculen,3,1.9092
millorarà,3,1.9092
morfosintàctics,3,1.9092
admi,3,1.9092
atrevien,3,1.9092
promocionals,3,1.9092
consultades,3,1.9092
ouspevddjw,3,1.9092
fdbqjuvmbdjw,3,1.9092
oofypt,3,1.9092
pregona,3,1.9092
ﬁtes,3,1.9092
desagregació,3,1.9092
quinquenni,3,1.9092
ﬁxem,3,1.9092
modernitzats,3,1.9092
subperíode,3,1.9092
evolucionaren,3,1.9092
estanca,3,1.9092
correlacionada,3,1.9092
autoubicats,3,1.9092
padronals,3,1.9092
wbmfodjboft,3,1.9092
àmplies,3,1.9092
optusb,3,1.9092
semiurbà,3,1.9092
hipólita,3,1.9092
pocas,3,1.9092
iguala,3,1.9092
qualitatives,3,1.9092
esquemàtic,3,1.9092
arrancapins,3,1.9092
primerencs,3,1.9092
montolivet,3,1.9092
convenia,3,1.9092
barriades,3,1.9092
desfasaments,3,1.9092
tíos,3,1.9092
retracció,3,1.9092
examinem,3,1.9092
implícits,3,1.9092
family,3,1.9092
maltractada,3,1.9092
paseo,3,1.9092
basarem,3,1.9092
exigu,3,1.9092
malda,3,1.9092
ajudem,3,1.9092
potencie,3,1.9092
reversió,3,1.9092
qfm,3,1.9092
wbmfodjbob,3,1.9092
podmvtjw,3,1.9092
parapúblics,3,1.9092
subdirecció,3,1.9092
preautonòmica,3,1.9092
retolaran,3,1.9092
distingeix,3,1.9092
perifèriques,3,1.9092
executius,3,1.9092
obli,3,1.9092
sfhjtusft,3,1.9092
valencianitzat,3,1.9092
recuperades,3,1.9092
ortogràﬁques,3,1.9092
ignoren,3,1.9092
equilibrar,3,1.9092
diversitats,3,1.9092
agrupat,3,1.9092
ajuts,3,1.9092
planificat,3,1.9092
díptics,3,1.9092
sftjefou,3,1.9092
vo,3,1.9092
provisionals,3,1.9092
cursen,3,1.9092
inspector,3,1.9092
comptaren,3,1.9092
discriminatòria,3,1.9092
qsphsbnft,3,1.9092
irrisori,3,1.9092
decebedors,3,1.9092
impossibilita,3,1.9092
desacceleració,3,1.9092
manifestem,3,1.9092
organitzatius,3,1.9092
lambert,3,1.9092
enriquits,3,1.9092
exigim,3,1.9092
basament,3,1.9092
unilingüe,3,1.9092
psut,3,1.9092
filosoﬁa,3,1.9092
pertinència,3,1.9092
predicables,3,1.9092
sistematització,3,1.9092
usarlo,3,1.9092
certiﬁcacions,3,1.9092
licitara,3,1.9092
emanats,3,1.9092
hipotecaris,3,1.9092
hipotecària,3,1.9092
accelerada,3,1.9092
maltesos,3,1.9092
fronts,3,1.9092
fiables,3,1.9092
atorgants,3,1.9092
opwft,3,1.9092
ufdopmphjft,3,1.9092
appec,3,1.9092
gifreu,3,1.9092
mediatitzada,3,1.9092
subjacents,3,1.9092
borrianenca,3,1.9092
satisfà,3,1.9092
tiratges,3,1.9092
normalitzador,3,1.9092
informats,3,1.9092
compactació,3,1.9092
voluntaristes,3,1.9092
privatització,3,1.9092
dotzenes,3,1.9092
cercador,3,1.9092
anunciants,3,1.9092
tradueixen,3,1.9092
resisteixen,3,1.9092
educadors,3,1.9092
sigfrid,3,1.9092
monleón,3,1.9092
coproduccions,3,1.9092
recha,3,1.9092
rodada,3,1.9092
coproducció,3,1.9092
insòlita,3,1.9092
fbusf,3,1.9092
pagant,3,1.9092
influeixen,3,1.9092
operen,3,1.9092
protegeixen,3,1.9092
publicidad,3,1.9092
envejable,3,1.9092
propugnar,3,1.9092
aepv,3,1.9092
mmjcsf,3,1.9092
mfduvsb,3,1.9092
conecta,3,1.9092
agremiades,3,1.9092
llà,3,1.9092
entendrem,3,1.9092
fejupsjbm,3,1.9092
busque,3,1.9092
aixopluc,3,1.9092
llibreters,3,1.9092
insereix,3,1.9092
conreada,3,1.9092
displicència,3,1.9092
bvejpwjtvbm,3,1.9092
dramatúrgies,3,1.9092
esad,3,1.9092
aranda,3,1.9092
aiffa,3,1.9092
tramoia,3,1.9092
uniﬁcació,3,1.9092
jowjubdjw,3,1.9092
dpoujovbs,3,1.9092
felipe,3,1.9092
convertirà,3,1.9092
filmoteca,3,1.9092
finalidad,3,1.9092
reformular,3,1.9092
millás,3,1.9092
engegar,3,1.9092
mantiene,3,1.9092
equilibrio,3,1.9092
habitualmente,3,1.9092
respeta,3,1.9092
descoratjar,3,1.9092
simpliﬁcar,3,1.9092
pcsf,3,1.9092
autoindefinits,3,1.9092
munten,3,1.9092
propiciant,3,1.9092
exigint,3,1.9092
transcrites,3,1.9092
mª,3,1.9092
numero,3,1.9092
helsinki,3,1.9092
regeix,3,1.9092
involució,3,1.9092
subvencionades,3,1.9092
enregistrada,3,1.9092
apropament,3,1.9092
mich,3,1.9092
tienes,3,1.9092
assequibles,3,1.9092
tgv,3,1.9092
atapeïda,3,1.9092
autogestió,3,1.9092
alcista,3,1.9092
verdcel,3,1.9092
blues,3,1.9092
tradicionàrius,3,1.9092
sonadors,3,1.9092
capteniment,3,1.9092
dbomw,3,1.9092
tourbolet,3,1.9092
discogràfics,3,1.9092
importantíssima,3,1.9092
vedada,3,1.9092
ometen,3,1.9092
lallum,3,1.9092
auditoris,3,1.9092
assegurara,3,1.9092
sagnant,3,1.9092
cell,3,1.9092
mediàtiques,3,1.9092
folklorització,3,1.9092
lenciana,3,1.9092
referiré,3,1.9092
albaes,3,1.9092
deslligant,3,1.9092
icaria,3,1.9092
jhsb,3,1.9092
solidaria,3,1.9092
extracomunitaris,3,1.9092
mestissa,3,1.9092
refundació,3,1.9092
jnnjhsbdjw,3,1.9092
emigrar,3,1.9092
diàspores,3,1.9092
educacionals,3,1.9092
probabilitats,3,1.9092
oferisquen,3,1.9092
anivellament,3,1.9092
caminem,3,1.9092
enfocaments,3,1.9092
didacticopedagògic,3,1.9092
processament,3,1.9092
descodificació,3,1.9092
sewell,3,1.9092
fukuyama,3,1.9092
individualització,3,1.9092
ibarra,3,1.9092
síndromes,3,1.9092
abundoses,3,1.9092
necesidades,3,1.9092
asociacionismo,3,1.9092
movimientos,3,1.9092
système,3,1.9092
apostem,3,1.9092
confereix,3,1.9092
amainen,3,1.9092
gftujv,3,1.9092
seculars,3,1.9092
lliguen,3,1.9092
actos,3,1.9092
foguereres,3,1.9092
foguerera,3,1.9092
utilizada,3,1.9092
vtpt,3,1.9092
fallero,3,1.9092
propagación,3,1.9092
habladas,3,1.9092
hacen,3,1.9092
absoluto,3,1.9092
atorgats,3,1.9092
alarte,3,1.9092
partícips,3,1.9092
coor,3,1.9092
introdueixen,3,1.9092
protagonitzar,3,1.9092
arcàngel,3,1.9092
discrimina,3,1.9092
serrania,3,1.9092
vulgus,3,1.9092
sfmjhjptft,3,1.9092
reconduir,3,1.9092
valentines,3,1.9092
junio,3,1.9092
indígenas,3,1.9092
mandats,3,1.9092
gramatge,3,1.9092
eucologi,3,1.9092
falsejaments,3,1.9092
aprofitada,3,1.9092
arzobispado,3,1.9092
sabe,3,1.9092
alcon,3,1.9092
interdiocesana,3,1.9092
litúrgicos,3,1.9092
conflicto,3,1.9092
empírica,3,1.9092
sacramental,3,1.9092
ohmjtj,3,1.9092
esglesiavalenciana,3,1.9092
individualista,3,1.9092
eclesials,3,1.9092
routledge,3,1.9092
actas,3,1.9092
qualssevulla,3,1.9092
bahà,3,1.9092
búlgara,3,1.9092
sobreïxen,3,1.9092
cooperatives,3,1.9092
fdpoxnjd,3,1.9092
intangibles,3,1.9092
idiosincràtics,3,1.9092
robertson,3,1.9092
subsidiarietat,3,1.9092
akerlof,3,1.9092
valònia,3,1.9092
informacional,3,1.9092
construeix,3,1.9092
privilegiat,3,1.9092
botiguer,3,1.9092
afegeixen,3,1.9092
comercio,3,1.9092
liderada,3,1.9092
rendibilitats,3,1.9092
titats,3,1.9092
assegurances,3,1.9092
growth,3,1.9092
integration,3,1.9092
µé,3,1.9092
indexem,3,1.9092
softcatala,3,1.9092
dmoz,3,1.9092
ascii,3,1.9092
code,3,1.9092
viquipèdia,3,1.9092
pertangut,3,1.9092
idealment,3,1.9092
disseminació,3,1.9092
terminòlegs,3,1.9092
operar,3,1.9092
publi,3,1.9092
fonet,3,1.9092
list,3,1.9092
bmpsbdjpot,3,1.9092
titució,3,1.9092
kvsrejd,3,1.9092
digniﬁcació,3,1.9092
sotmès,3,1.9092
dio,3,1.9092
recollint,3,1.9092
homòlogues,3,1.9092
prés,3,1.9092
presentes,3,1.9092
vigencia,3,1.9092
empieza,3,1.9092
oficialidad,3,1.9092
estableció,3,1.9092
conocida,3,1.9092
conseguido,3,1.9092
camino,3,1.9092
autonómicas,3,1.9092
universidades,3,1.9092
colaboración,3,1.9092
previstas,3,1.9092
aumentando,3,1.9092
tendencia,3,1.9092
disminuye,3,1.9092
recientes,3,1.9092
transmisión,3,1.9092
normalmente,3,1.9092
inverso,3,1.9092
mbt,3,1.9092
favorecer,3,1.9092
atendidos,3,1.9092
bastante,3,1.9092
lento,3,1.9092
claramente,3,1.9092
cuál,3,1.9092
cumplir,3,1.9092
colectivos,3,1.9092
escaso,3,1.9092
puesta,3,1.9092
sociedades,3,1.9092
mercantiles,3,1.9092
encuentran,3,1.9092
minoría,3,1.9092
concesiones,3,1.9092
debería,3,1.9092
comarcas,3,1.9092
producir,3,1.9092
apuestan,3,1.9092
reciben,3,1.9092
masas,3,1.9092
identificación,3,1.9092
comercialización,3,1.9092
geográfica,3,1.9092
espectáculo,3,1.9092
caracteriza,3,1.9092
aparente,3,1.9092
actores,3,1.9092
abanico,3,1.9092
formado,3,1.9092
dimensiones,3,1.9092
pequeña,3,1.9092
desequilibrio,3,1.9092
añade,3,1.9092
varias,3,1.9092
partidos,3,1.9092
avances,3,1.9092
finales,3,1.9092
predominante,3,1.9092
economías,3,1.9092
aceleración,3,1.9092
repercusión,3,1.9092
petición,3,1.9092
pluralidad,3,1.9092
description,3,1.9092
relation,3,1.9092
communities,3,1.9092
questions,3,1.9092
difficulties,3,1.9092
down,3,1.9092
however,3,1.9092
recognition,3,1.9092
june,3,1.9092
almost,3,1.9092
highly,3,1.9092
courses,3,1.9092
extension,3,1.9092
introduction,3,1.9092
level,3,1.9092
produced,3,1.9092
theatre,3,1.9092
end,3,1.9092
write,3,1.9092
increase,3,1.9092
before,3,1.9092
favour,3,1.9092
within,3,1.9092
areas,3,1.9092
reached,3,1.9092
type,3,1.9092
administrations,3,1.9092
multi,3,1.9092
start,3,1.9092
gone,3,1.9092
citizens,3,1.9092
deals,3,1.9092
responsibility,3,1.9092
rather,3,1.9092
without,3,1.9092
published,3,1.9092
pupils,3,1.9092
majority,3,1.9092
offer,3,1.9092
double,3,1.9092
domain,3,1.9092
overcome,3,1.9092
where,3,1.9092
should,3,1.9092
certain,3,1.9092
forward,3,1.9092
despite,3,1.9092
experiencing,3,1.9092
countries,3,1.9092
growing,3,1.9092
creating,3,1.9092
xpsme,3,1.9092
industry,3,1.9092
provides,3,1.9092
distribution,3,1.9092
gives,3,1.9092
around,3,1.9092
diverse,3,1.9092
identities,3,1.9092
concepts,3,1.9092
principle,3,1.9092
heritage,3,1.9092
priests,3,1.9092
makes,3,1.9092
unsatisfactory,3,1.9092
based,3,1.9092
costs,3,1.9092
bovfm,3,1.9092
encoratjadores,3,1.9092
remuneració,3,1.9092
graduat,3,1.9092
aut,3,1.9092
ponderada,3,1.9092
autoadscriuen,3,1.9092
autoassignat,3,1.9092
incrementen,3,1.9092
ext,3,1.9092
exclusivitat,3,1.9092
predominatment,3,1.9092
poblaci,3,1.9092
variarà,3,1.9092
acusada,3,1.9092
posicionen,3,1.9092
valencianoparlante,3,1.9092
comerciales,3,1.9092
indistinto,3,1.9092
tendría,3,1.9092
saberlo,3,1.9092
half,3,1.9092
says,3,1.9092
dimension,3,1.9092
zone,3,1.9092
whereas,3,1.9092
opinion,3,1.9092
historicitat,3,1.9092
notificarà,3,1.9092
pecuàries,3,1.9092
cartotoponímia,3,1.9092
mtn,3,1.9092
desfigura,3,1.9092
aglutinacions,3,1.9092
arrabassada,3,1.9092
oscuro,3,1.9092
accentuals,3,1.9092
caputxins,3,1.9092
almaig,3,1.9092
ramal,3,1.9092
abeurada,3,1.9092
afrau,3,1.9092
escorre,3,1.9092
albereda,3,1.9092
parreta,3,1.9092
alcavó,3,1.9092
excavada,3,1.9092
alquerieta,3,1.9092
arbreda,3,1.9092
ventisquer,3,1.9092
arrim,3,1.9092
assarb,3,1.9092
assester,3,1.9092
atall,3,1.9092
avellanar,3,1.9092
badina,3,1.9092
balç,3,1.9092
penetra,3,1.9092
bancalet,3,1.9092
banyadera,3,1.9092
barbada,3,1.9092
abeuradora,3,1.9092
blanquissar,3,1.9092
bodega,3,1.9092
bogar,3,1.9092
boixeral,3,1.9092
boquera,3,1.9092
boscarró,3,1.9092
botera,3,1.9092
comunal,3,1.9092
bovar,3,1.9092
brollador,3,1.9092
bufador,3,1.9092
burgar,3,1.9092
campet,3,1.9092
canalat,3,1.9092
cantal,3,1.9092
canyar,3,1.9092
llometes,3,1.9092
alvenc,3,1.9092
carada,3,1.9092
cardanxar,3,1.9092
carrascosa,3,1.9092
carrerassa,3,1.9092
forestal,3,1.9092
carritxal,3,1.9092
casalici,3,1.9092
peons,3,1.9092
cascallar,3,1.9092
cepellar,3,1.9092
cigronar,3,1.9092
clotal,3,1.9092
clotxó,3,1.9092
codina,3,1.9092
colador,3,1.9092
comellar,3,1.9092
cossa,3,1.9092
covilar,3,1.9092
crebada,3,1.9092
crestall,3,1.9092
cudolada,3,1.9092
cutxola,3,1.9092
descansador,3,1.9092
engolidor,3,1.9092
entrador,3,1.9092
eriçal,3,1.9092
rabassal,3,1.9092
esquenall,3,1.9092
estepar,3,1.9092
fenassosa,3,1.9092
ferreria,3,1.9092
foç,3,1.9092
freu,3,1.9092
ginebral,3,1.9092
ginebrosa,3,1.9092
guardadany,3,1.9092
conreen,3,1.9092
joncar,3,1.9092
juncaret,3,1.9092
junqueral,3,1.9092
lligallo,3,1.9092
llobatera,3,1.9092
llomet,3,1.9092
llosar,3,1.9092
magranar,3,1.9092
malvinar,3,1.9092
mamella,3,1.9092
mançanar,3,1.9092
mansegar,3,1.9092
mates,3,1.9092
moreral,3,1.9092
morret,3,1.9092
mun,3,1.9092
murteral,3,1.9092
nogueral,3,1.9092
oronal,3,1.9092
palmosa,3,1.9092
parança,3,1.9092
paridora,3,1.9092
passera,3,1.9092
peironet,3,1.9092
penyó,3,1.9092
planissa,3,1.9092
platjar,3,1.9092
pollancar,3,1.9092
pontarró,3,1.9092
povet,3,1.9092
pujador,3,1.9092
puntalet,3,1.9092
quadrella,3,1.9092
quadró,3,1.9092
rabosera,3,1.9092
raiguer,3,1.9092
rajolí,3,1.9092
rastell,3,1.9092
rebollosa,3,1.9092
regant,3,1.9092
replana,3,1.9092
ribassal,3,1.9092
rocassa,3,1.9092
romeralet,3,1.9092
rourera,3,1.9092
safranar,3,1.9092
salobrar,3,1.9092
saltet,3,1.9092
salzeral,3,1.9092
sargar,3,1.9092
savinaret,3,1.9092
sedeny,3,1.9092
sobalma,3,1.9092
somo,3,1.9092
talaiola,3,1.9092
tamarital,3,1.9092
tanyadeta,3,1.9092
teixera,3,1.9092
terrer,3,1.9092
timonar,3,1.9092
tormassosa,3,1.9092
tormegal,3,1.9092
toscar,3,1.9092
totxar,3,1.9092
xopar,3,1.9092
aeroport,3,1.9092
massissos,3,1.9092
endònims,3,1.9092
exònim,3,1.9092
ё,3,1.9092
ж,3,1.9092
з,3,1.9092
ъ,3,1.9092
ь,3,1.9092
ч,3,1.9092
ш,3,1.9092
щ,3,1.9092
ю,3,1.9092
я,3,1.9092
vamos,3,1.9092
aproximat,3,1.9092
rois,3,1.9092
às,3,1.9092
uniliteral,3,1.9092
hispanoamérica,3,1.9092
eurobaròmetre,3,1.9092
kloss,3,1.9092
laval,3,1.9092
lingüisme,3,1.9092
patois,3,1.9092
unha,3,1.9092
laiovento,3,1.9092
conflictos,3,1.9092
universalistes,3,1.9092
hegemòniques,3,1.9092
modulacions,3,1.9092
parlats,3,1.9092
inari,3,1.9092
tàtar,3,1.9092
för,3,1.9092
finlandesos,3,1.9092
estipula,3,1.9092
åland,3,1.9092
finlandeses,3,1.9092
voor,3,1.9092
anderstaligen,3,1.9092
brugge,3,1.9092
je,3,1.9092
nog,3,1.9092
standaard,3,1.9092
dialectòfons,3,1.9092
austríacs,3,1.9092
retrocedit,3,1.9092
brabant,3,1.9092
könig,3,1.9092
saxons,3,1.9092
brabançó,3,1.9092
familiaritzant,3,1.9092
instruir,3,1.9092
particularistes,3,1.9092
vlaams,3,1.9092
apresa,3,1.9092
hagin,3,1.9092
belgium,3,1.9092
low,3,1.9092
nativament,3,1.9092
eslovè,3,1.9092
romanès,3,1.9092
polonès,3,1.9092
russian,3,1.9092
републици,3,1.9092
српски,3,1.9092
macedonian,3,1.9092
fbih,3,1.9092
языками,3,1.9092
республики,3,1.9092
се,3,1.9092
službeni,3,1.9092
jezici,3,1.9092
службен,3,1.9092
русскому,3,1.9092
desactivació,3,1.9092
rusa,3,1.9092
moldoveneasca,3,1.9092
publice,3,1.9092
grafiei,3,1.9092
presidencials,3,1.9092
ianukóvitx,3,1.9092
default,3,1.9092
sk,3,1.9092
lv,3,1.9092
cz,3,1.9092
monàrquic,3,1.9092
comme,3,1.9092
euroanglés,3,1.9092
sv,3,1.9092
asimetries,3,1.9092
swaan,3,1.9092
challenge,3,1.9092
conti,3,1.9092
contre,3,1.9092
basque,3,1.9092
transfrontereres,3,1.9092
cadre,3,1.9092
assurer,3,1.9092
égal,3,1.9092
être,3,1.9092
mois,3,1.9092
même,3,1.9092
plurilinguisme,3,1.9092
connaissance,3,1.9092
observeu,3,1.9092
résolution,3,1.9092
multiannual,3,1.9092
stimulate,3,1.9092
plurianual,3,1.9092
activity,3,1.9092
numérique,3,1.9092
réseaux,3,1.9092
mondiaux,3,1.9092
éducation,3,1.9092
txt,3,1.9092
notamment,3,1.9092
tolerancia,3,1.9092
adoption,3,1.9092
communautaire,3,1.9092
soutien,3,1.9092
linguística,3,1.9092
opportunities,3,1.9092
útiles,3,1.9092
sàpiga,3,1.9092
redefinició,3,1.9092
linguapax,3,1.9092
coelho,3,1.9092
cusc,3,1.9092
monitoring,3,1.9092
bellaterra,3,1.9092
mutatis,3,1.9092
mutandis,3,1.9092
ejemplar,3,1.9092
depositado,3,1.9092
remitirá,3,1.9092
signatarios,3,1.9092
versiones,3,1.9092
inglesa,3,1.9092
doce,3,1.9092
luciano,3,1.9092
concernides,3,1.9092
nv,3,1.9092
toggenburg,3,1.9092
enlarged,3,1.9092
estigui,3,1.9092
estonia,3,1.9092
hayan,3,1.9092
maltesa,3,1.9092
rb,3,1.9092
particulares,3,1.9092
televisiones,3,1.9092
reconocido,3,1.9092
codecisió,3,1.9092
territory,3,1.9092
indeterminada,3,1.9092
hogan,3,1.9092
brun,3,1.9092
coe,3,1.9092
dèiem,3,1.9092
nic,3,1.9092
desprèn,3,1.9092
utilizados,3,1.9092
ireland,3,1.9092
dublin,3,1.9092
basingstoke,3,1.9092
palgrave,3,1.9092
luxumburg,3,1.9092
variation,3,1.9092
hubo,3,1.9092
agradecer,3,1.9092
pasan,3,1.9092
progresivo,3,1.9092
simultáneamente,3,1.9092
recalde,3,1.9092
surgido,3,1.9092
movilidad,3,1.9092
trabajadores,3,1.9092
comenzado,3,1.9092
doval,3,1.9092
constatación,3,1.9092
lejos,3,1.9092
repercusiones,3,1.9092
cuadro,3,1.9092
ritmo,3,1.9092
rag,3,1.9092
advertía,3,1.9092
suficientemente,3,1.9092
élites,3,1.9092
mantenía,3,1.9092
pocos,3,1.9092
densidad,3,1.9092
privados,3,1.9092
parecía,3,1.9092
aparentemente,3,1.9092
cambia,3,1.9092
declaración,3,1.9092
ideológico,3,1.9092
revitalización,3,1.9092
regulados,3,1.9092
intentó,3,1.9092
opiniones,3,1.9092
conseguidos,3,1.9092
desaparecido,3,1.9092
encima,3,1.9092
gradín,3,1.9092
tenían,3,1.9092
considerablemente,3,1.9092
derivan,3,1.9092
recogida,3,1.9092
lugares,3,1.9092
parcialmente,3,1.9092
superioridad,3,1.9092
abierto,3,1.9092
consello,3,1.9092
empíricos,3,1.9092
cadernos,3,1.9092
opciones,3,1.9092
realizará,3,1.9092
minoritario,3,1.9092
cualesquiera,3,1.9092
garantía,3,1.9092
cuasi,3,1.9092
creencia,3,1.9092
pretensión,3,1.9092
departamento,3,1.9092
entredicho,3,1.9092
pasivos,3,1.9092
consideran,3,1.9092
vizcaya,3,1.9092
utilizan,3,1.9092
quiero,3,1.9092
dejando,3,1.9092
bizkaia,3,1.9092
aprueba,3,1.9092
autonomías,3,1.9092
negociación,3,1.9092
proteger,3,1.9092
ejecutivo,3,1.9092
desarrolladas,3,1.9092
pequeño,3,1.9092
extraídos,3,1.9092
administrativas,3,1.9092
ocuparé,3,1.9092
ofercat,3,1.9092
empraré,3,1.9092
talunya,3,1.9092
desigualitari,3,1.9092
presunta,3,1.9092
negrita,3,1.9092
suele,3,1.9092
penny,3,1.9092
irregulares,3,1.9092
pasajes,3,1.9092
consiguiente,3,1.9092
asturiano,3,1.9092
pasaje,3,1.9092
intentado,3,1.9092
navarrès,3,1.9092
magrebina,3,1.9092
clyne,3,1.9092
intraoracional,3,1.9092
cresen,3,1.9092
acuerdos,3,1.9092
vegaes,3,1.9092
tengo,3,1.9092
entrevistadora,3,1.9092
antinormisme,3,1.9092
incorren,3,1.9092
abuela,3,1.9092
bonito,3,1.9092
valencianopensant,3,1.9092
dissonàncies,3,1.9092
agües,3,1.9092
emigrats,3,1.9092
moscovici,3,1.9092
torras,3,1.9092
zonificació,3,1.9092
fev,3,1.9092
jyväskylä,3,1.9092
interina,3,1.9092
finesos,3,1.9092
enriquirà,2,1.2728
sapieu,2,1.2728
continueu,2,1.2728
traduïra,2,1.2728
legial,2,1.2728
modelització,2,1.2728
considero,2,1.2728
assignades,2,1.2728
encomanades,2,1.2728
arrelant,2,1.2728
fascinat,2,1.2728
empatitzar,2,1.2728
rigorosos,2,1.2728
engrescar,2,1.2728
labors,2,1.2728
cortells,2,1.2728
divulgatives,2,1.2728
impulsats,2,1.2728
reportatge,2,1.2728
connecte,2,1.2728
pòsters,2,1.2728
bono,2,1.2728
moderadora,2,1.2728
fotoreclam,2,1.2728
institucionalitat,2,1.2728
enlaira,2,1.2728
estrenarà,2,1.2728
caricatures,2,1.2728
afiliar,2,1.2728
firmants,2,1.2728
preguerra,2,1.2728
ctr,2,1.2728
completats,2,1.2728
fonamentació,2,1.2728
injustificat,2,1.2728
partirien,2,1.2728
tomb,2,1.2728
aliada,2,1.2728
gratis,2,1.2728
preocupava,2,1.2728
abkhaz,2,1.2728
abkhaza,2,1.2728
manchester,2,1.2728
refractaris,2,1.2728
cocció,2,1.2728
deliberada,2,1.2728
licitacions,2,1.2728
fingir,2,1.2728
avaluada,2,1.2728
efectuats,2,1.2728
abandonaran,2,1.2728
procediria,2,1.2728
normativitat,2,1.2728
satisfeia,2,1.2728
millorara,2,1.2728
lematitzat,2,1.2728
obtindré,2,1.2728
filtrant,2,1.2728
filtrada,2,1.2728
bluesky,2,1.2728
nomenclatures,2,1.2728
massager,2,1.2728
ribas,2,1.2728
arantxa,2,1.2728
sàsser,2,1.2728
torrentada,2,1.2728
palar,2,1.2728
nafra,2,1.2728
manipulacions,2,1.2728
conversaren,2,1.2728
localitzada,2,1.2728
distòpic,2,1.2728
baremat,2,1.2728
batà,2,1.2728
rubricar,2,1.2728
possibilitarà,2,1.2728
visibilitze,2,1.2728
envie,2,1.2728
prestarà,2,1.2728
requerisca,2,1.2728
estelares,2,1.2728
parlamentarismo,2,1.2728
araceli,2,1.2728
poblador,2,1.2728
divulgant,2,1.2728
penitenciari,2,1.2728
preserve,2,1.2728
perdure,2,1.2728
conreà,2,1.2728
joujou,2,1.2728
sentimentalisme,2,1.2728
alkázar,2,1.2728
bibliofília,2,1.2728
mustaçaf,2,1.2728
atracción,2,1.2728
acarat,2,1.2728
cabezas,2,1.2728
peloponesis,2,1.2728
atenesos,2,1.2728
planys,2,1.2728
canyots,2,1.2728
putrescina,2,1.2728
bioquímica,2,1.2728
gaziana,2,1.2728
originats,2,1.2728
sobreexposició,2,1.2728
laborava,2,1.2728
contribuïen,2,1.2728
emociona,2,1.2728
somniar,2,1.2728
absurds,2,1.2728
apaivagant,2,1.2728
aplaudir,2,1.2728
sotasignats,2,1.2728
agressions,2,1.2728
zapato,2,1.2728
arcos,2,1.2728
arenas,2,1.2728
jeremies,2,1.2728
moragues,2,1.2728
boïgues,2,1.2728
chorro,2,1.2728
emilia,2,1.2728
camarena,2,1.2728
campillo,2,1.2728
almiñana,2,1.2728
cortell,2,1.2728
donet,2,1.2728
estrada,2,1.2728
ferrús,2,1.2728
figuerola,2,1.2728
fontana,2,1.2728
oltra,2,1.2728
gonzàlez,2,1.2728
lus,2,1.2728
jàfer,2,1.2728
macià,2,1.2728
micó,2,1.2728
isaïes,2,1.2728
cebolla,2,1.2728
octavi,2,1.2728
caballero,2,1.2728
peretó,2,1.2728
verónica,2,1.2728
picazo,2,1.2728
plàcid,2,1.2728
sànchez,2,1.2728
pacheco,2,1.2728
lídia,2,1.2728
celoni,2,1.2728
mariló,2,1.2728
urbano,2,1.2728
villalba,2,1.2728
ferragud,2,1.2728
vizcarra,2,1.2728
renadiu,2,1.2728
orfeó,2,1.2728
barcala,2,1.2728
presidiu,2,1.2728
cèlebres,2,1.2728
amerats,2,1.2728
dolorosos,2,1.2728
alcaldesses,2,1.2728
judith,2,1.2728
hivernat,2,1.2728
passivament,2,1.2728
filologies,2,1.2728
injustificats,2,1.2728
proverbials,2,1.2728
sacrosanta,2,1.2728
prospera,2,1.2728
coprotagonitzar,2,1.2728
caminarà,2,1.2728
indignes,2,1.2728
subvencionarà,2,1.2728
desestima,2,1.2728
trámites,2,1.2728
crédito,2,1.2728
remitida,2,1.2728
reintegre,2,1.2728
discrepa,2,1.2728
dotación,2,1.2728
inicialmente,2,1.2728
variado,2,1.2728
drástica,2,1.2728
receptiu,2,1.2728
vulnerats,2,1.2728
szpunberg,2,1.2728
andorrans,2,1.2728
andorrana,2,1.2728
escaldes,2,1.2728
engordany,2,1.2728
esglaonada,2,1.2728
renovaran,2,1.2728
arribant,2,1.2728
descarrilar,2,1.2728
rondallística,2,1.2728
visitarà,2,1.2728
emmascarar,2,1.2728
lístic,2,1.2728
cuidada,2,1.2728
temptatives,2,1.2728
sobrar,2,1.2728
onomasticon,2,1.2728
salvacañete,2,1.2728
loq,2,1.2728
distesa,2,1.2728
quadrimestre,2,1.2728
unflat,2,1.2728
faltaven,2,1.2728
brega,2,1.2728
avantatjosa,2,1.2728
auditoria,2,1.2728
fregidora,2,1.2728
iogurt,2,1.2728
personalitzat,2,1.2728
atòmiques,2,1.2728
àtoms,2,1.2728
esmolada,2,1.2728
profiguració,2,1.2728
interdependència,2,1.2728
lgtbi,2,1.2728
telerehabilitació,2,1.2728
clínicament,2,1.2728
terapèutic,2,1.2728
innat,2,1.2728
envair,2,1.2728
marxandatge,2,1.2728
wp,2,1.2728
uploads,2,1.2728
aprenentatges,2,1.2728
reticents,2,1.2728
acceptaren,2,1.2728
millore,2,1.2728
visitàrem,2,1.2728
silvia,2,1.2728
catarrogina,2,1.2728
gentleman,2,1.2728
tallen,2,1.2728
apassionadament,2,1.2728
controlades,2,1.2728
bernal,2,1.2728
exmembre,2,1.2728
pescadora,2,1.2728
xaloc,2,1.2728
comercialitzades,2,1.2728
sufragar,2,1.2728
pagaran,2,1.2728
rosabel,2,1.2728
generadora,2,1.2728
zaplana,2,1.2728
ostensible,2,1.2728
consignació,2,1.2728
contradient,2,1.2728
preada,2,1.2728
confidències,2,1.2728
frustracions,2,1.2728
homenots,2,1.2728
podies,2,1.2728
postfranquisme,2,1.2728
desinformació,2,1.2728
equivocada,2,1.2728
richart,2,1.2728
finançadors,2,1.2728
alimentaren,2,1.2728
desvalgudes,2,1.2728
disgustos,2,1.2728
hoja,2,1.2728
lunes,2,1.2728
corprenedora,2,1.2728
alçador,2,1.2728
alçadora,2,1.2728
bofarull,2,1.2728
materialitzada,2,1.2728
alçadores,2,1.2728
còssim,2,1.2728
còssima,2,1.2728
bertomeu,2,1.2728
quima,2,1.2728
vertebra,2,1.2728
desextinció,2,1.2728
clonació,2,1.2728
selectiva,2,1.2728
genèticament,2,1.2728
autentificació,2,1.2728
mediador,2,1.2728
audiosèrie,2,1.2728
àudio,2,1.2728
rocosa,2,1.2728
assevera,2,1.2728
traduirà,2,1.2728
lustraran,2,1.2728
gravarà,2,1.2728
cinematogràficament,2,1.2728
afegirà,2,1.2728
sumarà,2,1.2728
malonda,2,1.2728
paternes,2,1.2728
reescriuen,2,1.2728
trenar,2,1.2728
cotolí,2,1.2728
paisatgístics,2,1.2728
convulsos,2,1.2728
pòstuma,2,1.2728
sinsombrero,2,1.2728
benarbeu,2,1.2728
geocrítica,2,1.2728
entrellaçada,2,1.2728
recíprocament,2,1.2728
background,2,1.2728
mijares,2,1.2728
aleanr,2,1.2728
hispánico,2,1.2728
dcech,2,1.2728
decat,2,1.2728
bacallà,2,1.2728
corominas,2,1.2728
vetle,2,1.2728
mediocritats,2,1.2728
hobsbawn,2,1.2728
homenot,2,1.2728
testimoniar,2,1.2728
assumiràs,2,1.2728
defallença,2,1.2728
metaforari,2,1.2728
paraulari,2,1.2728
infantàstic,2,1.2728
conversari,2,1.2728
balbuceig,2,1.2728
bebés,2,1.2728
implementa,2,1.2728
stm,2,1.2728
mirantbó,2,1.2728
capbussen,2,1.2728
contextualitzada,2,1.2728
trimestralment,2,1.2728
respectats,2,1.2728
miratges,2,1.2728
memorabilia,2,1.2728
incitacions,2,1.2728
janus,2,1.2728
iniciàtic,2,1.2728
montonliu,2,1.2728
amfitriones,2,1.2728
sensorial,2,1.2728
nissagues,2,1.2728
mengó,2,1.2728
monòlit,2,1.2728
xirimita,2,1.2728
xaramita,2,1.2728
gaita,2,1.2728
compatides,2,1.2728
confort,2,1.2728
moguem,2,1.2728
conviden,2,1.2728
estancat,2,1.2728
pagés,2,1.2728
ajornada,2,1.2728
desfermen,2,1.2728
insignificança,2,1.2728
absurdament,2,1.2728
paralitza,2,1.2728
replicar,2,1.2728
valents,2,1.2728
vençudes,2,1.2728
arrisca,2,1.2728
encanta,2,1.2728
preguntador,2,1.2728
condensen,2,1.2728
lexicalitzar,2,1.2728
indòcil,2,1.2728
fideus,2,1.2728
dental,2,1.2728
aquatló,2,1.2728
consecutiva,2,1.2728
natació,2,1.2728
litolatria,2,1.2728
biocapacitat,2,1.2728
accidentologia,2,1.2728
adultocentrisme,2,1.2728
apiturisme,2,1.2728
bariatria,2,1.2728
discafòbia,2,1.2728
electrocombustible,2,1.2728
hibristofília,2,1.2728
ebullició,2,1.2728
abrace,2,1.2728
inspiracions,2,1.2728
carulla,2,1.2728
esbarzers,2,1.2728
singles,2,1.2728
candeloira,2,1.2728
garaje,2,1.2728
telecogresca,2,1.2728
jerez,2,1.2728
trompetera,2,1.2728
zeid,2,1.2728
villarrobledo,2,1.2728
viñarock,2,1.2728
sensenom,2,1.2728
bonillo,2,1.2728
riviera,2,1.2728
pirata,2,1.2728
ubeefe,2,1.2728
turu,2,1.2728
paulapé,2,1.2728
amba,2,1.2728
videoclip,2,1.2728
palop,2,1.2728
alizonenca,2,1.2728
alizón,2,1.2728
envien,2,1.2728
videotelefonada,2,1.2728
hardacho,2,1.2728
triats,2,1.2728
dedique,2,1.2728
interrelacionen,2,1.2728
brandeig,2,1.2728
remediet,2,1.2728
franciscana,2,1.2728
campaner,2,1.2728
engrescador,2,1.2728
admirablement,2,1.2728
personificat,2,1.2728
juanvi,2,1.2728
ruth,2,1.2728
titellaires,2,1.2728
campanars,2,1.2728
raimondo,2,1.2728
caciotto,2,1.2728
marinaro,2,1.2728
cle,2,1.2728
klein,2,1.2728
guitarrista,2,1.2728
cantautora,2,1.2728
gaudiu,2,1.2728
colpisquen,2,1.2728
inoblidables,2,1.2728
bregar,2,1.2728
parant,2,1.2728
reimprimirà,2,1.2728
loren,2,1.2728
esgrimir,2,1.2728
enregistrades,2,1.2728
renúncies,2,1.2728
aesia,2,1.2728
protegirà,2,1.2728
avantguarda,2,1.2728
supercomputing,2,1.2728
eugènia,2,1.2728
cardedeu,2,1.2728
olesa,2,1.2728
destinacions,2,1.2728
tònia,2,1.2728
trup,2,1.2728
girafes,2,1.2728
polièdric,2,1.2728
publicista,2,1.2728
firmava,2,1.2728
artífex,2,1.2728
indispensables,2,1.2728
perviuen,2,1.2728
encaixades,2,1.2728
mètrics,2,1.2728
evocador,2,1.2728
sensacionals,2,1.2728
esmunyedissa,2,1.2728
magistralment,2,1.2728
remuntem,2,1.2728
poetitzar,2,1.2728
enregistrament,2,1.2728
teulader,2,1.2728
laboriosament,2,1.2728
honorífics,2,1.2728
khz,2,1.2728
quilohertz,2,1.2728
kw,2,1.2728
seleccionant,2,1.2728
mascareller,2,1.2728
estellador,2,1.2728
coloms,2,1.2728
costures,2,1.2728
matxa,2,1.2728
xopsuei,2,1.2728
gàrum,2,1.2728
celebrara,2,1.2728
atrevim,2,1.2728
sinèrgies,2,1.2728
silenciades,2,1.2728
identificarà,2,1.2728
esvaren,2,1.2728
prestatgeria,2,1.2728
espigó,2,1.2728
deniera,2,1.2728
pintats,2,1.2728
desvelaran,2,1.2728
ibarsiana,2,1.2728
iván,2,1.2728
euroregional,2,1.2728
euroregió,2,1.2728
repartint,2,1.2728
treballarà,2,1.2728
guiarà,2,1.2728
encenga,2,1.2728
motive,2,1.2728
associaríem,2,1.2728
ambientat,2,1.2728
amplifiquen,2,1.2728
decidiren,2,1.2728
valentúbers,2,1.2728
instagram,2,1.2728
tiktok,2,1.2728
streamers,2,1.2728
donara,2,1.2728
tendes,2,1.2728
acicom,2,1.2728
tutorials,2,1.2728
studio,2,1.2728
coneixent,2,1.2728
laborem,2,1.2728
reedita,2,1.2728
propicien,2,1.2728
pors,2,1.2728
adarve,2,1.2728
poliesportiu,2,1.2728
demostrem,2,1.2728
conservadores,2,1.2728
statu,2,1.2728
quo,2,1.2728
deficient,2,1.2728
autoritari,2,1.2728
impositiu,2,1.2728
harmònic,2,1.2728
escarit,2,1.2728
positivitat,2,1.2728
agreujaria,2,1.2728
bilingüitzats,2,1.2728
missatgeria,2,1.2728
palesament,2,1.2728
discriminada,2,1.2728
acusadament,2,1.2728
desmotivació,2,1.2728
posseïm,2,1.2728
embolicant,2,1.2728
investgroup,2,1.2728
presencialment,2,1.2728
fitonímia,2,1.2728
mays,2,1.2728
plomall,2,1.2728
lanceolades,2,1.2728
panolla,2,1.2728
canaria,2,1.2728
maíz,2,1.2728
banyuls,2,1.2728
beniflá,2,1.2728
ráfol,2,1.2728
prenom,2,1.2728
segartí,2,1.2728
popolare,2,1.2728
fentanil,2,1.2728
judicialització,2,1.2728
aclarisca,2,1.2728
neofília,2,1.2728
degradada,2,1.2728
explosiu,2,1.2728
impactar,2,1.2728
diguera,2,1.2728
brascada,2,1.2728
terminològiques,2,1.2728
iniciem,2,1.2728
pàixaro,2,1.2728
leonor,2,1.2728
sanjuán,2,1.2728
exhibia,2,1.2728
felguera,2,1.2728
berta,2,1.2728
ainhoa,2,1.2728
cançoneta,2,1.2728
vertebradora,2,1.2728
renunciem,2,1.2728
encoratgen,2,1.2728
omplint,2,1.2728
comunicants,2,1.2728
ingeborg,2,1.2728
bachman,2,1.2728
peremptorietat,2,1.2728
contingència,2,1.2728
discreció,2,1.2728
devastadora,2,1.2728
curriculum,2,1.2728
retrospectiu,2,1.2728
làbic,2,1.2728
reconeixença,2,1.2728
aprofitarà,2,1.2728
bitàcola,2,1.2728
argumentatives,2,1.2728
enramà,2,1.2728
apareixerà,2,1.2728
truncades,2,1.2728
macián,2,1.2728
embarcats,2,1.2728
rue,2,1.2728
procurava,2,1.2728
dirigí,2,1.2728
celebrats,2,1.2728
richelieu,2,1.2728
núpcies,2,1.2728
vidu,2,1.2728
germanastre,2,1.2728
prorrogats,2,1.2728
quadrienni,2,1.2728
comunista,2,1.2728
rojo,2,1.2728
mobilitzat,2,1.2728
fugitius,2,1.2728
refugiados,2,1.2728
orònims,2,1.2728
contraient,2,1.2728
intercomunicat,2,1.2728
insuflen,2,1.2728
menú,2,1.2728
bvnp,2,1.2728
anotades,2,1.2728
polifacètics,2,1.2728
llegiu,2,1.2728
assot,2,1.2728
condemnà,2,1.2728
autoexili,2,1.2728
exploren,2,1.2728
traïcions,2,1.2728
saura,2,1.2728
mesas,2,1.2728
extensíssim,2,1.2728
alforja,2,1.2728
cecilio,2,1.2728
elia,2,1.2728
pinilla,2,1.2728
nogueras,2,1.2728
bauset,2,1.2728
dasí,2,1.2728
enriqueta,2,1.2728
camilo,2,1.2728
almassorí,2,1.2728
evacuada,2,1.2728
cvei,2,1.2728
emparats,2,1.2728
lani,2,1.2728
maquetador,2,1.2728
sime,2,1.2728
llicer,2,1.2728
acompanyaven,2,1.2728
actalment,2,1.2728
emocionants,2,1.2728
revisitant,2,1.2728
borjas,2,1.2728
storage,2,1.2728
statistical,2,1.2728
presenciar,2,1.2728
perigeu,2,1.2728
apo,2,1.2728
sobrenatural,2,1.2728
presagi,2,1.2728
steles,2,1.2728
idealitzada,2,1.2728
conquistador,2,1.2728
regnar,2,1.2728
uti,2,1.2728
vainilla,2,1.2728
gelats,2,1.2728
llesques,2,1.2728
montagu,2,1.2728
servents,2,1.2728
cuiner,2,1.2728
procrastination,2,1.2728
coloqui,2,1.2728
estaben,2,1.2728
recordada,2,1.2728
gelor,2,1.2728
esquiva,2,1.2728
ronsa,2,1.2728
comprenien,2,1.2728
ronsar,2,1.2728
invoquen,2,1.2728
labis,2,1.2728
tantost,2,1.2728
embriac,2,1.2728
ingestió,2,1.2728
torero,2,1.2728
retruca,2,1.2728
estimables,2,1.2728
gentola,2,1.2728
alfurri,2,1.2728
roque,2,1.2728
ónoma,2,1.2728
arrelen,2,1.2728
depositaris,2,1.2728
toponomàstica,2,1.2728
orònim,2,1.2728
talassònim,2,1.2728
tautotopònims,2,1.2728
tautologia,2,1.2728
pregons,2,1.2728
cercaviles,2,1.2728
ofrenes,2,1.2728
contara,2,1.2728
designant,2,1.2728
merla,2,1.2728
raconades,2,1.2728
psíquica,2,1.2728
obsessives,2,1.2728
distorsionada,2,1.2728
popularitzant,2,1.2728
fructífer,2,1.2728
comprometien,2,1.2728
patriarques,2,1.2728
constantinoble,2,1.2728
collegium,2,1.2728
pontifex,2,1.2728
summe,2,1.2728
exposant,2,1.2728
dogmàtic,2,1.2728
refranyer,2,1.2728
estirat,2,1.2728
egoistes,2,1.2728
anaves,2,1.2728
portares,2,1.2728
registraven,2,1.2728
vulguem,2,1.2728
fotracada,2,1.2728
caterva,2,1.2728
amont,2,1.2728
begué,2,1.2728
milagros,2,1.2728
relluir,2,1.2728
prohom,2,1.2728
bibliòfil,2,1.2728
cartró,2,1.2728
nostrat,2,1.2728
antiquades,2,1.2728
presidí,2,1.2728
homoparental,2,1.2728
parĕre,2,1.2728
clement,2,1.2728
patern,2,1.2728
adulteració,2,1.2728
ocorregué,2,1.2728
ensisam,2,1.2728
perjudicat,2,1.2728
compulsiu,2,1.2728
saludables,2,1.2728
orèxia,2,1.2728
bronzejament,2,1.2728
agreujat,2,1.2728
tanning,2,1.2728
patronatge,2,1.2728
fàbriques,2,1.2728
aiguallimó,2,1.2728
pingüí,2,1.2728
xocolater,2,1.2728
energètica,2,1.2728
tecnicismes,2,1.2728
encesos,2,1.2728
lida,2,1.2728
opi,2,1.2728
viscosa,2,1.2728
quitrà,2,1.2728
panjabi,2,1.2728
canguelo,2,1.2728
permuta,2,1.2728
immerses,2,1.2728
gravats,2,1.2728
convidem,2,1.2728
afliccions,2,1.2728
ecce,2,1.2728
pronuncià,2,1.2728
pilat,2,1.2728
mantell,2,1.2728
eccehomo,2,1.2728
blaüres,2,1.2728
misericòrdia,2,1.2728
pictòrica,2,1.2728
coronat,2,1.2728
assotat,2,1.2728
incloïen,2,1.2728
burles,2,1.2728
veureu,2,1.2728
alimentari,2,1.2728
salats,2,1.2728
empanada,2,1.2728
semicircular,2,1.2728
soltar,2,1.2728
barraquetes,2,1.2728
porrats,2,1.2728
cridanera,2,1.2728
propensa,2,1.2728
tèrra,2,1.2728
gè,2,1.2728
culinària,2,1.2728
bombo,2,1.2728
stagnation,2,1.2728
estancamiento,2,1.2728
cessació,2,1.2728
fluir,2,1.2728
salades,2,1.2728
pusque,2,1.2728
grua,2,1.2728
encaix,2,1.2728
quadrangular,2,1.2728
vara,2,1.2728
sacqueboute,2,1.2728
monosil,2,1.2728
convertien,2,1.2728
nyaufar,2,1.2728
onomatopeica,2,1.2728
canyís,2,1.2728
ventositat,2,1.2728
tubèrcul,2,1.2728
fitxers,2,1.2728
agràries,2,1.2728
atmosfèrics,2,1.2728
superposats,2,1.2728
enviant,2,1.2728
càlida,2,1.2728
candeletes,2,1.2728
antiquíssimes,2,1.2728
fronterers,2,1.2728
estances,2,1.2728
resultaren,2,1.2728
senyorials,2,1.2728
planus,2,1.2728
adoptara,2,1.2728
senyalat,2,1.2728
afronta,2,1.2728
diferenciava,2,1.2728
llano,2,1.2728
prestant,2,1.2728
remetent,2,1.2728
psicolingüística,2,1.2728
liverpool,2,1.2728
rojos,2,1.2728
blaus,2,1.2728
lir,2,1.2728
afectives,2,1.2728
crocus,2,1.2728
pigment,2,1.2728
infinitat,2,1.2728
desplaçà,2,1.2728
jugada,2,1.2728
xut,2,1.2728
celo,2,1.2728
denunciants,2,1.2728
fraudulentament,2,1.2728
inquisidor,2,1.2728
zelota,2,1.2728
iscariot,2,1.2728
panòplia,2,1.2728
fisiològics,2,1.2728
apariament,2,1.2728
talment,2,1.2728
certificava,2,1.2728
immanents,2,1.2728
raciocini,2,1.2728
trenant,2,1.2728
germinal,2,1.2728
guturals,2,1.2728
durat,2,1.2728
interposen,2,1.2728
ḗ,2,1.2728
sinuosos,2,1.2728
punir,2,1.2728
punible,2,1.2728
impune,2,1.2728
impunitat,2,1.2728
penalitzar,2,1.2728
hammurabi,2,1.2728
punitives,2,1.2728
aplicaven,2,1.2728
mesopotàmica,2,1.2728
penós,2,1.2728
culpables,2,1.2728
castigat,2,1.2728
diftongacions,2,1.2728
harmonitze,2,1.2728
escrivents,2,1.2728
regalaren,2,1.2728
católicos,2,1.2728
autoridad,2,1.2728
escandalós,2,1.2728
flagrare,2,1.2728
xocant,2,1.2728
cometent,2,1.2728
movem,2,1.2728
impuresa,2,1.2728
discorregut,2,1.2728
correspondencia,2,1.2728
leon,2,1.2728
escrigueren,2,1.2728
cardenalici,2,1.2728
viterbo,2,1.2728
desesperats,2,1.2728
cuquet,2,1.2728
aprengué,2,1.2728
tornara,2,1.2728
redactà,2,1.2728
prohibia,2,1.2728
imaginen,2,1.2728
imbricats,2,1.2728
mandataris,2,1.2728
pompa,2,1.2728
sojornaven,2,1.2728
lapidàries,2,1.2728
teodosi,2,1.2728
protestantisme,2,1.2728
proporcionarà,2,1.2728
inferix,2,1.2728
íntegre,2,1.2728
òbric,2,1.2728
comportes,2,1.2728
manifestara,2,1.2728
cràcia,2,1.2728
krátos,2,1.2728
denunciava,2,1.2728
atestat,2,1.2728
erràtica,2,1.2728
hitler,2,1.2728
erigiren,2,1.2728
revolucionaris,2,1.2728
potències,2,1.2728
simbiosi,2,1.2728
aranzels,2,1.2728
arancell,2,1.2728
cartel,2,1.2728
donzell,2,1.2728
estratègicament,2,1.2728
exòtics,2,1.2728
incessantment,2,1.2728
ingènuament,2,1.2728
dormien,2,1.2728
perdudes,2,1.2728
alterara,2,1.2728
privatives,2,1.2728
reaccionen,2,1.2728
diluïxen,2,1.2728
rogāre,2,1.2728
antia,2,1.2728
accedí,2,1.2728
filip,2,1.2728
complot,2,1.2728
traumàtiques,2,1.2728
sobreposar,2,1.2728
riberes,2,1.2728
danubi,2,1.2728
enfrontà,2,1.2728
expansionista,2,1.2728
prosquinesi,2,1.2728
postrar,2,1.2728
cità,2,1.2728
eurípides,2,1.2728
dubtà,2,1.2728
prudent,2,1.2728
brinda,2,1.2728
baptiste,2,1.2728
bocins,2,1.2728
qualifiquem,2,1.2728
traspassa,2,1.2728
aberrants,2,1.2728
aberracions,2,1.2728
cuiners,2,1.2728
versicles,2,1.2728
paràbola,2,1.2728
planera,2,1.2728
mostrassa,2,1.2728
moutarde,2,1.2728
mustum,2,1.2728
grafiada,2,1.2728
culinaris,2,1.2728
casolans,2,1.2728
granet,2,1.2728
resseguit,2,1.2728
disparat,2,1.2728
certifiquen,2,1.2728
ferralla,2,1.2728
calcada,2,1.2728
suplent,2,1.2728
esponja,2,1.2728
comprende,2,1.2728
publicado,2,1.2728
locuciones,2,1.2728
prospecció,2,1.2728
cuarenta,2,1.2728
nueve,2,1.2728
emplaçada,2,1.2728
confronta,2,1.2728
aplegaven,2,1.2728
desballestament,2,1.2728
càmping,2,1.2728
acampada,2,1.2728
identificant,2,1.2728
ludim,2,1.2728
proporcionaven,2,1.2728
denses,2,1.2728
atrauen,2,1.2728
baia,2,1.2728
deposicions,2,1.2728
tenaç,2,1.2728
antecessors,2,1.2728
malum,2,1.2728
caga,2,1.2728
atretes,2,1.2728
fatídic,2,1.2728
extractes,2,1.2728
entrellaçades,2,1.2728
diversions,2,1.2728
desconéixer,2,1.2728
permetrien,2,1.2728
càustic,2,1.2728
lucrativa,2,1.2728
chato,2,1.2728
pesat,2,1.2728
voluntariós,2,1.2728
modelat,2,1.2728
marxamo,2,1.2728
camús,2,1.2728
insubstituïble,2,1.2728
tortuós,2,1.2728
plattus,2,1.2728
fums,2,1.2728
narices,2,1.2728
descarta,2,1.2728
llover,2,1.2728
llorar,2,1.2728
galaicoportugués,2,1.2728
revoltim,2,1.2728
acostume,2,1.2728
allargats,2,1.2728
turmentar,2,1.2728
amare,2,1.2728
avarícia,2,1.2728
conjectures,2,1.2728
ermità,2,1.2728
amplària,2,1.2728
dormint,2,1.2728
proscripcions,2,1.2728
imaginà,2,1.2728
depararà,2,1.2728
torrencials,2,1.2728
arrossegades,2,1.2728
erigir,2,1.2728
boques,2,1.2728
fango,2,1.2728
barro,2,1.2728
rància,2,1.2728
infortuni,2,1.2728
preconcebudes,2,1.2728
fútils,2,1.2728
gosàs,2,1.2728
ressenyada,2,1.2728
dengun,2,1.2728
impròpia,2,1.2728
primogènit,2,1.2728
engun,2,1.2728
estenalla,2,1.2728
inacceptable,2,1.2728
parega,2,1.2728
infortunis,2,1.2728
desbordament,2,1.2728
modela,2,1.2728
luminats,2,1.2728
babilònica,2,1.2728
afortunat,2,1.2728
rodatge,2,1.2728
encadenades,2,1.2728
brilla,2,1.2728
arreglat,2,1.2728
adornat,2,1.2728
ebri,2,1.2728
hueso,2,1.2728
marrasquí,2,1.2728
señores,2,1.2728
empindongue,2,1.2728
sospitar,2,1.2728
espuri,2,1.2728
genealògics,2,1.2728
descobrint,2,1.2728
pindonga,2,1.2728
dios,2,1.2728
pendēre,2,1.2728
apuntats,2,1.2728
pendó,2,1.2728
penó,2,1.2728
passejaven,2,1.2728
escandalosa,2,1.2728
reprotxe,2,1.2728
cerebral,2,1.2728
ociosa,2,1.2728
dolce,2,1.2728
niente,2,1.2728
exhortació,2,1.2728
egoista,2,1.2728
patrística,2,1.2728
prosseguim,2,1.2728
akedía,2,1.2728
ía,2,1.2728
incúria,2,1.2728
negligent,2,1.2728
acèdia,2,1.2728
patologia,2,1.2728
desconnectats,2,1.2728
insidiosos,2,1.2728
lax,2,1.2728
enemistat,2,1.2728
inapel,2,1.2728
lable,2,1.2728
triomfa,2,1.2728
cabalós,2,1.2728
ventijol,2,1.2728
porch,2,1.2728
aboca,2,1.2728
certeses,2,1.2728
esplaiar,2,1.2728
elio,2,1.2728
nebrija,2,1.2728
calder,2,1.2728
obstinada,2,1.2728
socarrón,2,1.2728
xurrasco,2,1.2728
sucarrar,2,1.2728
limitadament,2,1.2728
freds,2,1.2728
brisa,2,1.2728
bufits,2,1.2728
barbacoes,2,1.2728
estiuenca,2,1.2728
cordero,2,1.2728
contagioses,2,1.2728
chuleta,2,1.2728
xulleta,2,1.2728
untar,2,1.2728
manescalia,2,1.2728
equins,2,1.2728
crebaces,2,1.2728
recompondre,2,1.2728
xueta,2,1.2728
expliquem,2,1.2728
iodització,2,1.2728
sarcàstic,2,1.2728
aprensió,2,1.2728
beates,2,1.2728
xuia,2,1.2728
marrana,2,1.2728
comensals,2,1.2728
conceptualment,2,1.2728
engabiar,2,1.2728
contaminada,2,1.2728
indiferenciada,2,1.2728
canaan,2,1.2728
yisra,2,1.2728
lluitat,2,1.2728
moriren,2,1.2728
successòria,2,1.2728
goliat,2,1.2728
rudimentària,2,1.2728
fona,2,1.2728
ungit,2,1.2728
dispersar,2,1.2728
calls,2,1.2728
generaren,2,1.2728
florent,2,1.2728
avar,2,1.2728
antisemita,2,1.2728
indefensa,2,1.2728
irromperen,2,1.2728
desposseït,2,1.2728
condemnada,2,1.2728
efígie,2,1.2728
apostasia,2,1.2728
sionisme,2,1.2728
conquistada,2,1.2728
lluità,2,1.2728
protectorat,2,1.2728
hamàs,2,1.2728
israelians,2,1.2728
botxins,2,1.2728
ocuparen,2,1.2728
venes,2,1.2728
fenícia,2,1.2728
luvió,2,1.2728
encreuaments,2,1.2728
intransigència,2,1.2728
veterinari,2,1.2728
escabrós,2,1.2728
transcriuen,2,1.2728
cocentània,2,1.2728
feyt,2,1.2728
regalada,2,1.2728
transcendit,2,1.2728
resultà,2,1.2728
emissaris,2,1.2728
crues,2,1.2728
desenfrenat,2,1.2728
sodomia,2,1.2728
coit,2,1.2728
anal,2,1.2728
homosexualitat,2,1.2728
sodomie,2,1.2728
relleus,2,1.2728
escultòrics,2,1.2728
guardians,2,1.2728
trops,2,1.2728
vistós,2,1.2728
vérem,2,1.2728
liles,2,1.2728
negrós,2,1.2728
elm,2,1.2728
sefardites,2,1.2728
refusant,2,1.2728
judeu,2,1.2728
fredeluga,2,1.2728
vanellus,2,1.2728
retina,2,1.2728
renunciant,2,1.2728
teló,2,1.2728
atio,2,1.2728
negotium,2,1.2728
construïren,2,1.2728
amfiteatres,2,1.2728
circs,2,1.2728
massius,2,1.2728
propiciaven,2,1.2728
laborables,2,1.2728
pasturar,2,1.2728
fuelle,2,1.2728
fargues,2,1.2728
fol,2,1.2728
mofa,2,1.2728
abocades,2,1.2728
follar,2,1.2728
rítmicament,2,1.2728
gemecs,2,1.2728
clarividents,2,1.2728
traçant,2,1.2728
fecunda,2,1.2728
recarregar,2,1.2728
refent,2,1.2728
plor,2,1.2728
somrís,2,1.2728
risa,2,1.2728
inesperades,2,1.2728
baixet,2,1.2728
estimulació,2,1.2728
eclesiastés,2,1.2728
vetat,2,1.2728
antitètica,2,1.2728
riguem,2,1.2728
rialles,2,1.2728
gràcil,2,1.2728
cards,2,1.2728
carduelis,2,1.2728
card,2,1.2728
migrar,2,1.2728
facial,2,1.2728
ocre,2,1.2728
dimorfisme,2,1.2728
gojós,2,1.2728
solitaris,2,1.2728
gregaris,2,1.2728
incubació,2,1.2728
independitzar,2,1.2728
llautó,2,1.2728
gastaven,2,1.2728
figuretes,2,1.2728
transhumants,2,1.2728
roden,2,1.2728
tries,2,1.2728
matança,2,1.2728
perpetrades,2,1.2728
holókaustos,2,1.2728
hólos,2,1.2728
holocaustum,2,1.2728
ofrenar,2,1.2728
vulgata,2,1.2728
traduïren,2,1.2728
ludien,2,1.2728
imaginaven,2,1.2728
depositant,2,1.2728
escoltats,2,1.2728
canònicament,2,1.2728
retorçudes,2,1.2728
irremissiblement,2,1.2728
dissimilada,2,1.2728
delectar,2,1.2728
desapercebudes,2,1.2728
paladars,2,1.2728
importació,2,1.2728
calat,2,1.2728
llomello,2,1.2728
maionesa,2,1.2728
escarpades,2,1.2728
andes,2,1.2728
òptima,2,1.2728
induiria,2,1.2728
primigèniament,2,1.2728
ofenses,2,1.2728
narren,2,1.2728
custodiaven,2,1.2728
exacerbades,2,1.2728
tràgic,2,1.2728
gloriosa,2,1.2728
guien,2,1.2728
visquen,2,1.2728
profe,2,1.2728
etruscos,2,1.2728
degollar,2,1.2728
rodant,2,1.2728
canviants,2,1.2728
penoses,2,1.2728
escolà,2,1.2728
spines,2,1.2728
suplicis,2,1.2728
queixar,2,1.2728
calvinista,2,1.2728
gaudim,2,1.2728
impulsors,2,1.2728
monumentalitat,2,1.2728
atrets,2,1.2728
precursors,2,1.2728
biològiques,2,1.2728
constructe,2,1.2728
plasticitat,2,1.2728
espectacularitat,2,1.2728
atronadora,2,1.2728
interrupcions,2,1.2728
fascinants,2,1.2728
hedonistes,2,1.2728
expressem,2,1.2728
insofribles,2,1.2728
empàtiques,2,1.2728
disculpar,2,1.2728
allitteratio,2,1.2728
urbi,2,1.2728
orbi,2,1.2728
girant,2,1.2728
parèmies,2,1.2728
repetisca,2,1.2728
entreteniments,2,1.2728
gestaren,2,1.2728
presentà,2,1.2728
aixa,2,1.2728
conglomerat,2,1.2728
donna,2,1.2728
mulher,2,1.2728
fusions,2,1.2728
androcèntrica,2,1.2728
reajustant,2,1.2728
lx,2,1.2728
relegat,2,1.2728
domna,2,1.2728
safont,2,1.2728
dueña,2,1.2728
doña,2,1.2728
analògiques,2,1.2728
turbŭlentus,2,1.2728
acurtà,2,1.2728
tŭrbŭlus,2,1.2728
fraudulent,2,1.2728
virulent,2,1.2728
llépol,2,1.2728
tremenda,2,1.2728
lucratiu,2,1.2728
caldera,2,1.2728
impassiblement,2,1.2728
gestualitat,2,1.2728
histriònica,2,1.2728
veneració,2,1.2728
alletats,2,1.2728
feroç,2,1.2728
cresqueren,2,1.2728
discussions,2,1.2728
coronar,2,1.2728
viatjava,2,1.2728
pansix,2,1.2728
iniciaven,2,1.2728
plàcida,2,1.2728
sciència,2,1.2728
lendemain,2,1.2728
encertat,2,1.2728
oncles,2,1.2728
sĭnister,2,1.2728
dexter,2,1.2728
locativament,2,1.2728
augurals,2,1.2728
atziac,2,1.2728
afincat,2,1.2728
rememorava,2,1.2728
gallecs,2,1.2728
maga,2,1.2728
ajudaven,2,1.2728
superstició,2,1.2728
meigues,2,1.2728
mitificació,2,1.2728
acusades,2,1.2728
pactat,2,1.2728
atrevida,2,1.2728
ornamenta,2,1.2728
escapen,2,1.2728
inextricable,2,1.2728
dejunant,2,1.2728
vagant,2,1.2728
prescrivia,2,1.2728
minúcies,2,1.2728
errants,2,1.2728
desterrar,2,1.2728
llevades,2,1.2728
romàntics,2,1.2728
còsmica,2,1.2728
autobiogràfic,2,1.2728
lustrativa,2,1.2728
tractors,2,1.2728
àrtemis,2,1.2728
luminant,2,1.2728
diane,2,1.2728
étoile,2,1.2728
fonent,2,1.2728
exageradament,2,1.2728
meticulosa,2,1.2728
autoexigència,2,1.2728
perillosament,2,1.2728
assabenta,2,1.2728
financen,2,1.2728
rise,2,1.2728
micro,2,1.2728
atge,2,1.2728
contrí,2,1.2728
escape,2,1.2728
calfament,2,1.2728
fòssils,2,1.2728
rivalitats,2,1.2728
evocant,2,1.2728
cruixir,2,1.2728
establishment,2,1.2728
blasquista,2,1.2728
escobar,2,1.2728
treia,2,1.2728
irrompre,2,1.2728
feres,2,1.2728
fanàtics,2,1.2728
fanàtiques,2,1.2728
fanatique,2,1.2728
consultaven,2,1.2728
simptomàtic,2,1.2728
dubten,2,1.2728
cordialment,2,1.2728
proletariat,2,1.2728
evoquen,2,1.2728
fanático,2,1.2728
minuciosa,2,1.2728
restat,2,1.2728
meditacions,2,1.2728
abatut,2,1.2728
matussera,2,1.2728
matusseres,2,1.2728
chapucero,2,1.2728
primigènia,2,1.2728
locada,2,1.2728
mecànicament,2,1.2728
unamuno,2,1.2728
aperturisme,2,1.2728
barroer,2,1.2728
maldestre,2,1.2728
avorrit,2,1.2728
dissimula,2,1.2728
zopo,2,1.2728
zompo,2,1.2728
zoppo,2,1.2728
sonso,2,1.2728
insuls,2,1.2728
eròtica,2,1.2728
lerdo,2,1.2728
antrop,2,1.2728
discontínues,2,1.2728
nòmades,2,1.2728
menyspreadora,2,1.2728
relegant,2,1.2728
menages,2,1.2728
chico,2,1.2728
coche,2,1.2728
sh,2,1.2728
short,2,1.2728
chandail,2,1.2728
relaxar,2,1.2728
exagerar,2,1.2728
tinguérem,2,1.2728
materialitza,2,1.2728
capitulars,2,1.2728
selecte,2,1.2728
succès,2,1.2728
lluents,2,1.2728
decoratius,2,1.2728
llars,2,1.2728
pluralització,2,1.2728
pluralitzar,2,1.2728
navidades,2,1.2728
noëls,2,1.2728
traditionnels,2,1.2728
comprenent,2,1.2728
sobreprotecció,2,1.2728
navidad,2,1.2728
pĕcus,2,1.2728
pecuari,2,1.2728
camells,2,1.2728
indeleble,2,1.2728
destret,2,1.2728
rahó,2,1.2728
pecuniario,2,1.2728
aegis,2,1.2728
egida,2,1.2728
grecoromana,2,1.2728
armadura,2,1.2728
bategava,2,1.2728
revenja,2,1.2728
ornamentat,2,1.2728
barandat,2,1.2728
bajoques,2,1.2728
carabasses,2,1.2728
sembrava,2,1.2728
collia,2,1.2728
abondance,2,1.2728
astronom,2,1.2728
unda,2,1.2728
water,2,1.2728
exir,2,1.2728
psalteri,2,1.2728
cerda,2,1.2728
duplicitats,2,1.2728
aiguar,2,1.2728
visionar,2,1.2728
perfila,2,1.2728
influenciar,2,1.2728
ofertar,2,1.2728
dissecar,2,1.2728
mobilitzacions,2,1.2728
feldespat,2,1.2728
gasteròpode,2,1.2728
cypraea,2,1.2728
esmalt,2,1.2728
ganglis,2,1.2728
ancestres,2,1.2728
encunyaren,2,1.2728
exploradors,2,1.2728
porcella,2,1.2728
porcello,2,1.2728
enigmes,2,1.2728
meissen,2,1.2728
obliqua,2,1.2728
obliquament,2,1.2728
imprevist,2,1.2728
bies,2,1.2728
unint,2,1.2728
sesgo,2,1.2728
burocràtica,2,1.2728
litterae,2,1.2728
fifa,2,1.2728
patagònia,2,1.2728
match,2,1.2728
asèptic,2,1.2728
gaz,2,1.2728
fabricaven,2,1.2728
desesperat,2,1.2728
tapat,2,1.2728
semitransparent,2,1.2728
gaze,2,1.2728
saducea,2,1.2728
negava,2,1.2728
ingènues,2,1.2728
sabeu,2,1.2728
vejau,2,1.2728
deyen,2,1.2728
profetes,2,1.2728
rocambolesca,2,1.2728
rocambole,2,1.2728
ponson,2,1.2728
terrail,2,1.2728
fulletons,2,1.2728
entregues,2,1.2728
avançava,2,1.2728
justicier,2,1.2728
ortodoxes,2,1.2728
intercalació,2,1.2728
ubert,2,1.2728
lliurà,2,1.2728
cuinera,2,1.2728
injuriant,2,1.2728
balla,2,1.2728
encobrir,2,1.2728
cessions,2,1.2728
humus,2,1.2728
totpoderós,2,1.2728
diametralment,2,1.2728
vulla,2,1.2728
prestament,2,1.2728
humiliacions,2,1.2728
humiliation,2,1.2728
originava,2,1.2728
avalots,2,1.2728
trifulques,2,1.2728
canonades,2,1.2728
primeria,2,1.2728
censo,2,1.2728
investitura,2,1.2728
contats,2,1.2728
ínclita,2,1.2728
manto,2,1.2728
investiture,2,1.2728
tancant,2,1.2728
largament,2,1.2728
delictius,2,1.2728
mnemotècnic,2,1.2728
amnèsia,2,1.2728
clamorosa,2,1.2728
morata,2,1.2728
bermúdez,2,1.2728
despotisme,2,1.2728
lliberals,2,1.2728
rosaris,2,1.2728
assotar,2,1.2728
llànties,2,1.2728
sobirà,2,1.2728
desprestigi,2,1.2728
oponents,2,1.2728
semiconsonant,2,1.2728
coixejar,2,1.2728
reincorporat,2,1.2728
coxos,2,1.2728
impedia,2,1.2728
give,2,1.2728
criminalitzar,2,1.2728
virulència,2,1.2728
dreyfus,2,1.2728
emperadriu,2,1.2728
engegat,2,1.2728
antisemitismo,2,1.2728
enuncià,2,1.2728
tul,2,1.2728
rumie,2,1.2728
rumíe,2,1.2728
detingudament,2,1.2728
rūmĭgare,2,1.2728
remugants,2,1.2728
puys,2,1.2728
grata,2,1.2728
honesta,2,1.2728
volgués,2,1.2728
ruminate,2,1.2728
ruminer,2,1.2728
ruminare,2,1.2728
meditar,2,1.2728
lletanies,2,1.2728
rūma,2,1.2728
ʤásena,2,1.2728
simplista,2,1.2728
constr,2,1.2728
aràbic,2,1.2728
chácena,2,1.2728
traginer,2,1.2728
donchs,2,1.2728
vivesa,2,1.2728
movien,2,1.2728
augmentava,2,1.2728
corregut,2,1.2728
forner,2,1.2728
inofensius,2,1.2728
ʤuáɾ,2,1.2728
brodar,2,1.2728
corbata,2,1.2728
pinça,2,1.2728
punxa,2,1.2728
havie,2,1.2728
carret,2,1.2728
eternament,2,1.2728
assegut,2,1.2728
aparcat,2,1.2728
aguja,2,1.2728
desvalguda,2,1.2728
dèbils,2,1.2728
emparà,2,1.2728
anteparare,2,1.2728
parapet,2,1.2728
coexistit,2,1.2728
donàs,2,1.2728
malalta,2,1.2728
préserver,2,1.2728
immundes,2,1.2728
mundus,2,1.2728
kósmos,2,1.2728
aristotèlica,2,1.2728
lurs,2,1.2728
castedat,2,1.2728
lòfons,2,1.2728
aguaita,2,1.2728
wahta,2,1.2728
ome,2,1.2728
sperança,2,1.2728
instants,2,1.2728
formigues,2,1.2728
aguardar,2,1.2728
fluïx,2,1.2728
diccionári,2,1.2728
españól,2,1.2728
mancava,2,1.2728
rebɔ,2,1.2728
reservades,2,1.2728
gerres,2,1.2728
despensa,2,1.2728
reposte,2,1.2728
garde,2,1.2728
tossut,2,1.2728
enterca,2,1.2728
encarcarat,2,1.2728
terco,2,1.2728
resistix,2,1.2728
ensemps,2,1.2728
muntats,2,1.2728
agraïdes,2,1.2728
llenç,2,1.2728
protoindoeuropeu,2,1.2728
stant,2,1.2728
movia,2,1.2728
juventut,2,1.2728
diamant,2,1.2728
pelar,2,1.2728
canna,2,1.2728
pejorativament,2,1.2728
pobletà,2,1.2728
pauvre,2,1.2728
nofre,2,1.2728
roures,2,1.2728
maridar,2,1.2728
regnà,2,1.2728
panxut,2,1.2728
sobrevenen,2,1.2728
leopold,2,1.2728
prodigis,2,1.2728
porositats,2,1.2728
traspuava,2,1.2728
traspouar,2,1.2728
pouar,2,1.2728
porus,2,1.2728
rezumar,2,1.2728
asta,2,1.2728
sĭgna,2,1.2728
sĭgnum,2,1.2728
benifaçà,2,1.2728
éls,2,1.2728
aquels,2,1.2728
gasoil,2,1.2728
creditor,2,1.2728
reclamada,2,1.2728
liquidar,2,1.2728
rocaffort,2,1.2728
reta,2,1.2728
colmades,2,1.2728
barcelles,2,1.2728
fluvial,2,1.2728
dep,2,1.2728
dipòsit,2,1.2728
bancari,2,1.2728
depósito,2,1.2728
lluerna,2,1.2728
coleòpter,2,1.2728
lux,2,1.2728
alentir,2,1.2728
palpentes,2,1.2728
guilopos,2,1.2728
galopo,2,1.2728
galopin,2,1.2728
brivall,2,1.2728
molls,2,1.2728
lligava,2,1.2728
pólvores,2,1.2728
cosmètic,2,1.2728
alcofoll,2,1.2728
darà,2,1.2728
condemnant,2,1.2728
declinar,2,1.2728
etanol,2,1.2728
arm,2,1.2728
ganivet,2,1.2728
tecnol,2,1.2728
deixes,2,1.2728
acostà,2,1.2728
tirà,2,1.2728
iiii,2,1.2728
avalotar,2,1.2728
carregades,2,1.2728
carreters,2,1.2728
granotes,2,1.2728
cameta,2,1.2728
ballador,2,1.2728
ànecs,2,1.2728
neutralitzar,2,1.2728
atacant,2,1.2728
marital,2,1.2728
complia,2,1.2728
exigien,2,1.2728
muls,2,1.2728
republicans,2,1.2728
conspiració,2,1.2728
eixams,2,1.2728
fatigosa,2,1.2728
rantell,2,1.2728
rantelles,2,1.2728
famolencs,2,1.2728
enèrgicament,2,1.2728
viscós,2,1.2728
vinós,2,1.2728
rubellio,2,1.2728
rovellons,2,1.2728
vacunat,2,1.2728
fecundes,2,1.2728
pebràs,2,1.2728
pinenc,2,1.2728
públ,2,1.2728
proveïts,2,1.2728
reflux,2,1.2728
caragols,2,1.2728
mataven,2,1.2728
decidien,2,1.2728
degueren,2,1.2728
minerva,2,1.2728
canicula,2,1.2728
astròlegs,2,1.2728
invisibles,2,1.2728
pensaren,2,1.2728
retornen,2,1.2728
oblidada,2,1.2728
plançó,2,1.2728
sech,2,1.2728
proveïx,2,1.2728
germanets,2,1.2728
apoderen,2,1.2728
raquític,2,1.2728
caguen,2,1.2728
evacuar,2,1.2728
escatologia,2,1.2728
apegats,2,1.2728
desprotegits,2,1.2728
berruga,2,1.2728
conjurs,2,1.2728
bruja,2,1.2728
bricht,2,1.2728
witch,2,1.2728
sàvia,2,1.2728
forja,2,1.2728
fendre,2,1.2728
blanes,2,1.2728
allargades,2,1.2728
emergit,2,1.2728
proteïnes,2,1.2728
lactuca,2,1.2728
consumida,2,1.2728
emmudint,2,1.2728
modula,2,1.2728
destacant,2,1.2728
fides,2,1.2728
faltant,2,1.2728
herètic,2,1.2728
contumàcia,2,1.2728
evolucionaria,2,1.2728
mudant,2,1.2728
decaigué,2,1.2728
volubles,2,1.2728
noucentisme,2,1.2728
alineant,2,1.2728
incomprensió,2,1.2728
ligibilitat,2,1.2728
xorroll,2,1.2728
pujava,2,1.2728
ingrats,2,1.2728
esdevinguts,2,1.2728
barril,2,1.2728
barrica,2,1.2728
prolixa,2,1.2728
treballaran,2,1.2728
previsiblement,2,1.2728
sapiem,2,1.2728
factoria,2,1.2728
facere,2,1.2728
tor,2,1.2728
metròpolis,2,1.2728
tesla,2,1.2728
disputat,2,1.2728
igualar,2,1.2728
marcador,2,1.2728
grades,2,1.2728
assegurada,2,1.2728
amichs,2,1.2728
complementàriament,2,1.2728
botifarres,2,1.2728
jolivert,2,1.2728
embotir,2,1.2728
farro,2,1.2728
alcanyís,2,1.2728
curatiu,2,1.2728
pestilència,2,1.2728
especulatiu,2,1.2728
pouant,2,1.2728
justificats,2,1.2728
paraven,2,1.2728
caigueren,2,1.2728
avorriment,2,1.2728
reiteracions,2,1.2728
palestra,2,1.2728
denigrant,2,1.2728
importen,2,1.2728
gerundis,2,1.2728
coalició,2,1.2728
voten,2,1.2728
ocuparan,2,1.2728
candidātus,2,1.2728
vestides,2,1.2728
mítings,2,1.2728
vota,2,1.2728
desenterrar,2,1.2728
votants,2,1.2728
ressorts,2,1.2728
esdevinguera,2,1.2728
tracció,2,1.2728
coriàcies,2,1.2728
antiinflamatòries,2,1.2728
calfant,2,1.2728
digestius,2,1.2728
evitava,2,1.2728
picasso,2,1.2728
pintors,2,1.2728
quadros,2,1.2728
torà,2,1.2728
descendit,2,1.2728
consumat,2,1.2728
ortològica,2,1.2728
regirat,2,1.2728
mesclen,2,1.2728
sanctorum,2,1.2728
alcançat,2,1.2728
celtes,2,1.2728
vinent,2,1.2728
precipitacions,2,1.2728
festegen,2,1.2728
jochs,2,1.2728
transmetien,2,1.2728
preveient,2,1.2728
destruïda,2,1.2728
enganxat,2,1.2728
urpes,2,1.2728
sinistres,2,1.2728
linització,2,1.2728
propaga,2,1.2728
radiació,2,1.2728
röntgen,2,1.2728
batejà,2,1.2728
descobridor,2,1.2728
ped,2,1.2728
maneja,2,1.2728
aeronau,2,1.2728
irànica,2,1.2728
oasi,2,1.2728
erari,2,1.2728
tax,2,1.2728
heaven,2,1.2728
somia,2,1.2728
entramats,2,1.2728
munda,2,1.2728
ofrenava,2,1.2728
coquetes,2,1.2728
ornamentar,2,1.2728
colorins,2,1.2728
millennial,2,1.2728
diluïts,2,1.2728
environment,2,1.2728
ajuntant,2,1.2728
deglució,2,1.2728
salivació,2,1.2728
vivacitat,2,1.2728
loteries,2,1.2728
winners,2,1.2728
across,2,1.2728
lottery,2,1.2728
transferida,2,1.2728
tocaria,2,1.2728
polèmic,2,1.2728
censures,2,1.2728
instaurar,2,1.2728
arxiduc,2,1.2728
alcance,2,1.2728
lacavalleria,2,1.2728
ressenyats,2,1.2728
roders,2,1.2728
facilità,2,1.2728
armava,2,1.2728
gatomaquia,2,1.2728
esfinxs,2,1.2728
plantejà,2,1.2728
alliberador,2,1.2728
aclamat,2,1.2728
fondes,2,1.2728
sopa,2,1.2728
arrossegats,2,1.2728
afonà,2,1.2728
enfonsar,2,1.2728
esfondrar,2,1.2728
rugositats,2,1.2728
llistons,2,1.2728
mesclat,2,1.2728
milocha,2,1.2728
mostassaf,2,1.2728
formatges,2,1.2728
estenia,2,1.2728
riuraus,2,1.2728
enginyosa,2,1.2728
organyà,2,1.2728
apagar,2,1.2728
halo,2,1.2728
suborn,2,1.2728
eròtiques,2,1.2728
genitals,2,1.2728
desembocà,2,1.2728
denant,2,1.2728
seglar,2,1.2728
sustentada,2,1.2728
tallà,2,1.2728
bro,2,1.2728
gar,2,1.2728
mŏvĭta,2,1.2728
studiants,2,1.2728
politicomilitar,2,1.2728
revoltar,2,1.2728
xarradissa,2,1.2728
prosseguint,2,1.2728
theatrum,2,1.2728
théatron,2,1.2728
theasthai,2,1.2728
hídrics,2,1.2728
deslliura,2,1.2728
hýdōr,2,1.2728
hidratar,2,1.2728
afrontem,2,1.2728
policrisi,2,1.2728
policèfala,2,1.2728
verinós,2,1.2728
multiplicaren,2,1.2728
infinitament,2,1.2728
resistit,2,1.2728
penombra,2,1.2728
reguen,2,1.2728
secretisme,2,1.2728
inconfessables,2,1.2728
estiren,2,1.2728
retrocedint,2,1.2728
exacerbada,2,1.2728
contraposat,2,1.2728
antropològica,2,1.2728
vèneto,2,1.2728
ciabatta,2,1.2728
negue,2,1.2728
chantage,2,1.2728
extorsions,2,1.2728
sabatilla,2,1.2728
xancle,2,1.2728
vōtum,2,1.2728
truncat,2,1.2728
solidifica,2,1.2728
volcans,2,1.2728
fosses,2,1.2728
vulcà,2,1.2728
drons,2,1.2728
ginys,2,1.2728
inexpert,2,1.2728
imprevisibilitat,2,1.2728
vocare,2,1.2728
remaren,2,1.2728
normandia,2,1.2728
excitava,2,1.2728
vulnerables,2,1.2728
gerundiu,2,1.2728
baies,2,1.2728
oriünda,2,1.2728
vit,2,1.2728
bitxo,2,1.2728
tòxic,2,1.2728
supuraven,2,1.2728
bacteri,2,1.2728
infecciosos,2,1.2728
virtus,2,1.2728
oposava,2,1.2728
reforçà,2,1.2728
artificiós,2,1.2728
simula,2,1.2728
urbanísticament,2,1.2728
league,2,1.2728
mitificada,2,1.2728
ultramar,2,1.2728
víking,2,1.2728
apetitós,2,1.2728
catequètica,2,1.2728
litigants,2,1.2728
circumstancialment,2,1.2728
siscentista,2,1.2728
cremaven,2,1.2728
visten,2,1.2728
vertīgo,2,1.2728
mareig,2,1.2728
miraculosament,2,1.2728
fervor,2,1.2728
piadosa,2,1.2728
envestida,2,1.2728
llargada,2,1.2728
omega,2,1.2728
atmosfèrica,2,1.2728
dispersant,2,1.2728
ancorades,2,1.2728
remolins,2,1.2728
tornados,2,1.2728
desigs,2,1.2728
velluts,2,1.2728
damasquins,2,1.2728
brocats,2,1.2728
tapisseries,2,1.2728
velluters,2,1.2728
rehabilitar,2,1.2728
menestrals,2,1.2728
vàndals,2,1.2728
fragor,2,1.2728
grégoire,2,1.2728
adalil,2,1.2728
martiritzat,2,1.2728
decapitat,2,1.2728
legionaris,2,1.2728
contravenint,2,1.2728
canyauli,2,1.2728
navili,2,1.2728
iot,2,1.2728
infeccions,2,1.2728
immunitzar,2,1.2728
variola,2,1.2728
tunnel,2,1.2728
manllevada,2,1.2728
artificialment,2,1.2728
desordes,2,1.2728
tweet,2,1.2728
intranscendent,2,1.2728
piulada,2,1.2728
capitoli,2,1.2728
joe,2,1.2728
biden,2,1.2728
assolà,2,1.2728
recreat,2,1.2728
trunfo,2,1.2728
burlesques,2,1.2728
freqüentar,2,1.2728
dosser,2,1.2728
cerimonials,2,1.2728
salamó,2,1.2728
trono,2,1.2728
homonímia,2,1.2728
divines,2,1.2728
desgranar,2,1.2728
vaqueta,2,1.2728
temible,2,1.2728
bigots,2,1.2728
carronyera,2,1.2728
transtum,2,1.2728
assentaven,2,1.2728
eslora,2,1.2728
perdien,2,1.2728
mijaíl,2,1.2728
gorbachov,2,1.2728
mikhail,2,1.2728
prehistòrics,2,1.2728
corromp,2,1.2728
devota,2,1.2728
marià,2,1.2728
ajusticiats,2,1.2728
addendes,2,1.2728
lleguminoses,2,1.2728
fertilitzant,2,1.2728
comminar,2,1.2728
eixirà,2,1.2728
divergent,2,1.2728
protagonitzà,2,1.2728
summes,2,1.2728
prenia,2,1.2728
repetitiva,2,1.2728
venerat,2,1.2728
actualmente,2,1.2728
refinats,2,1.2728
alar,2,1.2728
turtur,2,1.2728
irreflexivament,2,1.2728
recorrien,2,1.2728
torsimanys,2,1.2728
enviam,2,1.2728
çaragoça,2,1.2728
subjugació,2,1.2728
torçar,2,1.2728
follia,2,1.2728
passatgera,2,1.2728
impetuosament,2,1.2728
desfent,2,1.2728
lusiu,2,1.2728
philomelos,2,1.2728
filomela,2,1.2728
melodiós,2,1.2728
panou,2,1.2728
argentins,2,1.2728
estàtues,2,1.2728
glosses,2,1.2728
detinga,2,1.2728
induí,2,1.2728
teulades,2,1.2728
teulat,2,1.2728
crani,2,1.2728
thésis,2,1.2728
exposava,2,1.2728
oposen,2,1.2728
terratrémols,2,1.2728
apocalíptica,2,1.2728
cafeteria,2,1.2728
balconada,2,1.2728
seients,2,1.2728
determini,2,1.2728
bbc,2,1.2728
televisor,2,1.2728
apocopada,2,1.2728
aleksandr,2,1.2728
nikolàievitx,2,1.2728
psíquic,2,1.2728
seduït,2,1.2728
trames,2,1.2728
estipulades,2,1.2728
gen,2,1.2728
pairal,2,1.2728
desprenent,2,1.2728
passatgeres,2,1.2728
uni,2,1.2728
boli,2,1.2728
desbocades,2,1.2728
orgàniques,2,1.2728
céquia,2,1.2728
pulsió,2,1.2728
tàrtars,2,1.2728
urals,2,1.2728
laren,2,1.2728
cantussejar,2,1.2728
tararí,2,1.2728
indissociablement,2,1.2728
inconsistència,2,1.2728
sequedat,2,1.2728
segar,2,1.2728
tailandesos,2,1.2728
dispers,2,1.2728
arxipèlag,2,1.2728
humitejar,2,1.2728
andré,2,1.2728
surrealista,2,1.2728
desbordant,2,1.2728
surera,2,1.2728
elàstic,2,1.2728
inútilment,2,1.2728
vanes,2,1.2728
portà,2,1.2728
agregar,2,1.2728
sui,2,1.2728
sorgida,2,1.2728
caedere,2,1.2728
homicidi,2,1.2728
deliberat,2,1.2728
diftongada,2,1.2728
succédané,2,1.2728
farmacologia,2,1.2728
succedaneus,2,1.2728
immolaven,2,1.2728
plaent,2,1.2728
venire,2,1.2728
humanitaris,2,1.2728
colgar,2,1.2728
descrivíem,2,1.2728
salarial,2,1.2728
intencionada,2,1.2728
fraternitat,2,1.2728
frater,2,1.2728
sucs,2,1.2728
cremosa,2,1.2728
bombament,2,1.2728
aguantant,2,1.2728
artèries,2,1.2728
preelectoral,2,1.2728
fetillers,2,1.2728
sondejos,2,1.2728
geologia,2,1.2728
prospeccions,2,1.2728
formaren,2,1.2728
lenàries,2,1.2728
alumna,2,1.2728
solus,2,1.2728
esquizofrènics,2,1.2728
oxidació,2,1.2728
amarronades,2,1.2728
destructor,2,1.2728
tronxo,2,1.2728
stock,2,1.2728
consumits,2,1.2728
atreia,2,1.2728
devorar,2,1.2728
dec,2,1.2728
tour,2,1.2728
oide,2,1.2728
corbes,2,1.2728
esferoidal,2,1.2728
hipòdrom,2,1.2728
velòdrom,2,1.2728
galé,2,1.2728
concretà,2,1.2728
juís,2,1.2728
experimentem,2,1.2728
viatger,2,1.2728
infatigable,2,1.2728
synkrētismós,2,1.2728
cretenc,2,1.2728
cretencs,2,1.2728
essencialistes,2,1.2728
simpatia,2,1.2728
immunodeficiència,2,1.2728
defenses,2,1.2728
lulars,2,1.2728
vaporosos,2,1.2728
phaínō,2,1.2728
maledicències,2,1.2728
cònsol,2,1.2728
luci,2,1.2728
cometien,2,1.2728
sicaris,2,1.2728
projectaren,2,1.2728
pròspera,2,1.2728
aqueus,2,1.2728
empordanés,2,1.2728
rodejar,2,1.2728
assetjament,2,1.2728
coacció,2,1.2728
energies,2,1.2728
serradora,2,1.2728
serendib,2,1.2728
pescador,2,1.2728
ostres,2,1.2728
deduïble,2,1.2728
sǟqiya,2,1.2728
sáqà,2,1.2728
deutors,2,1.2728
impúdicament,2,1.2728
fecal,2,1.2728
ponderació,2,1.2728
tirat,2,1.2728
rebentat,2,1.2728
obedient,2,1.2728
grecollatines,2,1.2728
desovar,2,1.2728
sèmele,2,1.2728
gelosa,2,1.2728
fulgor,2,1.2728
imprudència,2,1.2728
fetus,2,1.2728
acabara,2,1.2728
òptic,2,1.2728
miserables,2,1.2728
segrestats,2,1.2728
pretensiositat,2,1.2728
anatema,2,1.2728
segrestar,2,1.2728
seqüestrar,2,1.2728
tribun,2,1.2728
haguessen,2,1.2728
saxofon,2,1.2728
saxo,2,1.2728
adolphe,2,1.2728
phone,2,1.2728
embocadura,2,1.2728
ronc,2,1.2728
entrecuix,2,1.2728
anacoreta,2,1.2728
destacaven,2,1.2728
seguia,2,1.2728
sancionar,2,1.2728
rita,2,1.2728
transcendent,2,1.2728
esquerp,2,1.2728
condimentar,2,1.2728
dinerària,2,1.2728
transferir,2,1.2728
clorur,2,1.2728
gustós,2,1.2728
lúric,2,1.2728
marroquina,2,1.2728
ensaginades,2,1.2728
sativus,2,1.2728
arrossos,2,1.2728
zar,2,1.2728
àrida,2,1.2728
encarregaven,2,1.2728
rumors,2,1.2728
convidava,2,1.2728
caprimulgus,2,1.2728
ruficollis,2,1.2728
capra,2,1.2728
mamar,2,1.2728
castanys,2,1.2728
grisencs,2,1.2728
visir,2,1.2728
invents,2,1.2728
mendicants,2,1.2728
robatoris,2,1.2728
amplificant,2,1.2728
rufulanus,2,1.2728
perruques,2,1.2728
alcavot,2,1.2728
raja,2,1.2728
òxid,2,1.2728
papaver,2,1.2728
rhoeas,2,1.2728
dentats,2,1.2728
antitussígenes,2,1.2728
fragància,2,1.2728
rou,2,1.2728
adherència,2,1.2728
àcars,2,1.2728
aranĕa,2,1.2728
ronyós,2,1.2728
tètrica,2,1.2728
dinerets,2,1.2728
aromàtic,2,1.2728
mules,2,1.2728
menada,2,1.2728
perverses,2,1.2728
escatològic,2,1.2728
inoportunes,2,1.2728
descoberts,2,1.2728
aparegueren,2,1.2728
combregar,2,1.2728
sospitosa,2,1.2728
reec,2,1.2728
pedrada,2,1.2728
risco,2,1.2728
escarpat,2,1.2728
vigília,2,1.2728
vencill,2,1.2728
ct,2,1.2728
unīre,2,1.2728
disgregades,2,1.2728
desavinences,2,1.2728
infectats,2,1.2728
suspesa,2,1.2728
confinats,2,1.2728
strictus,2,1.2728
stringĕre,2,1.2728
ressentir,2,1.2728
agressivitat,2,1.2728
receptivitat,2,1.2728
replegar,2,1.2728
deformat,2,1.2728
imaginant,2,1.2728
fletxa,2,1.2728
capitalis,2,1.2728
costura,2,1.2728
ostentava,2,1.2728
virrei,2,1.2728
sentenciat,2,1.2728
àncores,2,1.2728
modus,2,1.2728
porositat,2,1.2728
afavoria,2,1.2728
picat,2,1.2728
amplificar,2,1.2728
relatar,2,1.2728
perseguit,2,1.2728
bombes,2,1.2728
retines,2,1.2728
cessa,2,1.2728
sembre,2,1.2728
pros,2,1.2728
contres,2,1.2728
redol,2,1.2728
sortejar,2,1.2728
descomptes,2,1.2728
dispara,2,1.2728
reialesa,2,1.2728
atemptats,2,1.2728
malesa,2,1.2728
raixa,2,1.2728
voluminós,2,1.2728
ratificant,2,1.2728
recitació,2,1.2728
exercitar,2,1.2728
congregació,2,1.2728
lunars,2,1.2728
altere,2,1.2728
utilíssim,2,1.2728
abandonaren,2,1.2728
ordenadament,2,1.2728
especialitzacions,2,1.2728
tontes,2,1.2728
ofensives,2,1.2728
ventada,2,1.2728
conductors,2,1.2728
modulant,2,1.2728
univocitat,2,1.2728
ق,2,1.2728
ك,2,1.2728
grecoegipci,2,1.2728
inhòspites,2,1.2728
incandescent,2,1.2728
crompar,2,1.2728
relacionable,2,1.2728
pastosa,2,1.2728
brullo,2,1.2728
perniosi,2,1.2728
denominava,2,1.2728
punitiva,2,1.2728
tus,2,1.2728
legions,2,1.2728
veranum,2,1.2728
autumnus,2,1.2728
superficials,2,1.2728
caput,2,1.2728
queien,2,1.2728
suïcides,2,1.2728
estrepitosa,2,1.2728
pragmatism,2,1.2728
lecte,2,1.2728
havets,2,1.2728
portantveus,2,1.2728
dilatat,2,1.2728
torrat,2,1.2728
verdosos,2,1.2728
violàcies,2,1.2728
costós,2,1.2728
brodat,2,1.2728
purgar,2,1.2728
traslladaren,2,1.2728
escampà,2,1.2728
pontis,2,1.2728
amarrades,2,1.2728
sublici,2,1.2728
paràfrasi,2,1.2728
dentades,2,1.2728
envoltant,2,1.2728
pulcherrima,2,1.2728
bellíssima,2,1.2728
ponens,2,1.2728
ponentis,2,1.2728
pōnĕre,2,1.2728
emergia,2,1.2728
recalfat,2,1.2728
cefalòpode,2,1.2728
ventoses,2,1.2728
propulsar,2,1.2728
drach,2,1.2728
desinhibida,2,1.2728
desmanotat,2,1.2728
indigent,2,1.2728
pulmó,2,1.2728
pneumonia,2,1.2728
pulmonia,2,1.2728
repassem,2,1.2728
inutilitat,2,1.2728
extemporani,2,1.2728
modulat,2,1.2728
alegrar,2,1.2728
mereixien,2,1.2728
afavorits,2,1.2728
predisposats,2,1.2728
solidificat,2,1.2728
condemnar,2,1.2728
estilogràfica,2,1.2728
nimfa,2,1.2728
tità,2,1.2728
caçador,2,1.2728
admirat,2,1.2728
perseguí,2,1.2728
ansiós,2,1.2728
plèiades,2,1.2728
grecollatina,2,1.2728
hispanica,2,1.2728
palmades,2,1.2728
refrescant,2,1.2728
ensenyava,2,1.2728
deontològic,2,1.2728
clínics,2,1.2728
fisiologia,2,1.2728
heinrich,2,1.2728
modelable,2,1.2728
pixum,2,1.2728
qualificant,2,1.2728
absorbit,2,1.2728
adoptàrem,2,1.2728
castís,2,1.2728
puixança,2,1.2728
retratada,2,1.2728
entropessa,2,1.2728
leibniz,2,1.2728
sumits,2,1.2728
tedioses,2,1.2728
símil,2,1.2728
encunyàrem,2,1.2728
abaixa,2,1.2728
corriola,2,1.2728
pentecostés,2,1.2728
cinquanté,2,1.2728
oripells,2,1.2728
catedrals,2,1.2728
solquen,2,1.2728
monium,2,1.2728
estiguem,2,1.2728
anglogermàniques,2,1.2728
biològica,2,1.2728
procreador,2,1.2728
designà,2,1.2728
xicota,2,1.2728
gruixuda,2,1.2728
parasītus,2,1.2728
ingerides,2,1.2728
zoologia,2,1.2728
javalins,2,1.2728
maliciosament,2,1.2728
incórrega,2,1.2728
ocults,2,1.2728
mania,2,1.2728
guaraní,2,1.2728
préssec,2,1.2728
xafada,2,1.2728
constatables,2,1.2728
var,2,1.2728
flat,2,1.2728
peach,2,1.2728
parádeisos,2,1.2728
pairidaeza,2,1.2728
luxuriosa,2,1.2728
aconseguim,2,1.2728
irànic,2,1.2728
romanien,2,1.2728
pantómimos,2,1.2728
pantós,2,1.2728
pantalon,2,1.2728
calçons,2,1.2728
pantalone,2,1.2728
pantalans,2,1.2728
singladura,2,1.2728
gargallo,2,1.2728
tono,2,1.2728
berenars,2,1.2728
anticipació,2,1.2728
fast,2,1.2728
enrotlla,2,1.2728
enrotllar,2,1.2728
solitàriament,2,1.2728
bandúrria,2,1.2728
obrira,2,1.2728
infinita,2,1.2728
destapar,2,1.2728
ovalat,2,1.2728
deixalles,2,1.2728
explicaria,2,1.2728
cuca,2,1.2728
escarabat,2,1.2728
percussió,2,1.2728
colpejant,2,1.2728
vibrar,2,1.2728
mereixedores,2,1.2728
faltà,2,1.2728
llegides,2,1.2728
laboratoris,2,1.2728
controvertit,2,1.2728
nacre,2,1.2728
vestim,2,1.2728
suaument,2,1.2728
optĭmus,2,1.2728
voltaire,2,1.2728
autoengany,2,1.2728
numerologia,2,1.2728
harmoniós,2,1.2728
carregaren,2,1.2728
endevinatòries,2,1.2728
undĕcim,2,1.2728
dĕcim,2,1.2728
paternitat,2,1.2728
acústiques,2,1.2728
expandix,2,1.2728
divertia,2,1.2728
humanitària,2,1.2728
desembarcar,2,1.2728
ignot,2,1.2728
pueril,2,1.2728
aninou,2,1.2728
novi,2,1.2728
etnològic,2,1.2728
figuratives,2,1.2728
caricaturesc,2,1.2728
nihil,2,1.2728
acríticament,2,1.2728
nietzsche,2,1.2728
toole,2,1.2728
discutibles,2,1.2728
nescius,2,1.2728
ignorants,2,1.2728
abandonant,2,1.2728
commemore,2,1.2728
solis,2,1.2728
invicti,2,1.2728
celebraria,2,1.2728
desaconsellar,2,1.2728
espatlla,2,1.2728
mochil,2,1.2728
morros,2,1.2728
mordax,2,1.2728
desgastar,2,1.2728
pentinar,2,1.2728
reduïm,2,1.2728
hó,2,1.2728
primats,2,1.2728
simi,2,1.2728
mones,2,1.2728
pètria,2,1.2728
momo,2,1.2728
momos,2,1.2728
esplendorosa,2,1.2728
bròfega,2,1.2728
contemplant,2,1.2728
cultista,2,1.2728
entremesclades,2,1.2728
aver,2,1.2728
detenen,2,1.2728
míssils,2,1.2728
enclavaments,2,1.2728
missiva,2,1.2728
electrònicament,2,1.2728
admirar,2,1.2728
estupefacta,2,1.2728
milacre,2,1.2728
vicentí,2,1.2728
pústules,2,1.2728
súbdit,2,1.2728
infeliç,2,1.2728
afectivament,2,1.2728
compadir,2,1.2728
pusquen,2,1.2728
melo,2,1.2728
lon,2,1.2728
concentrades,2,1.2728
depuratiu,2,1.2728
vague,2,1.2728
malenconia,2,1.2728
concebudes,2,1.2728
desgasten,2,1.2728
perseu,2,1.2728
nostrum,2,1.2728
banyades,2,1.2728
alçaren,2,1.2728
desenrotlla,2,1.2728
medium,2,1.2728
sàtrapa,2,1.2728
enaltir,2,1.2728
magnífics,2,1.2728
algesires,2,1.2728
matrioska,2,1.2728
matriosca,2,1.2728
canònic,2,1.2728
incontenible,2,1.2728
penjaven,2,1.2728
incrustat,2,1.2728
pascal,2,1.2728
newton,2,1.2728
hertz,2,1.2728
consistien,2,1.2728
cardar,2,1.2728
puces,2,1.2728
cautxú,2,1.2728
matalap,2,1.2728
matalàs,2,1.2728
magister,2,1.2728
mask,2,1.2728
masque,2,1.2728
mascarilla,2,1.2728
cutis,2,1.2728
maschera,2,1.2728
másḫara,2,1.2728
disfressats,2,1.2728
màsqueres,2,1.2728
cortesanes,2,1.2728
posttònica,2,1.2728
mascotes,2,1.2728
pirotècnics,2,1.2728
masclet,2,1.2728
disparar,2,1.2728
bombarda,2,1.2728
canons,2,1.2728
gandià,2,1.2728
trivialització,2,1.2728
muden,2,1.2728
sequen,2,1.2728
cosmogònic,2,1.2728
marron,2,1.2728
exquisidesa,2,1.2728
castanea,2,1.2728
esquirols,2,1.2728
boscoses,2,1.2728
hibernen,2,1.2728
marmotes,2,1.2728
marǧ,2,1.2728
ruzz,2,1.2728
subterranis,2,1.2728
fuma,2,1.2728
lucinògens,2,1.2728
creava,2,1.2728
lúdics,2,1.2728
sospitoses,2,1.2728
caxa,2,1.2728
perla,2,1.2728
margarites,2,1.2728
endèmica,2,1.2728
chamaerops,2,1.2728
humilis,2,1.2728
bargalló,2,1.2728
cabassos,2,1.2728
cànids,2,1.2728
animalades,2,1.2728
desgraciadament,2,1.2728
reticència,2,1.2728
domesticar,2,1.2728
avesar,2,1.2728
precaucions,2,1.2728
mattiana,2,1.2728
caius,2,1.2728
matius,2,1.2728
dixeren,2,1.2728
retenir,2,1.2728
objeccions,2,1.2728
verguin,2,1.2728
fiquen,2,1.2728
luxus,2,1.2728
sumptuositat,2,1.2728
desordenat,2,1.2728
desmesura,2,1.2728
lujo,2,1.2728
nasa,2,1.2728
fusionen,2,1.2728
irradiació,2,1.2728
retrocedir,2,1.2728
admirem,2,1.2728
vidrat,2,1.2728
condensa,2,1.2728
individualitzats,2,1.2728
interview,2,1.2728
subnormal,2,1.2728
foca,2,1.2728
nano,2,1.2728
emulació,2,1.2728
resumia,2,1.2728
pretesament,2,1.2728
enrotllen,2,1.2728
identificà,2,1.2728
miescher,2,1.2728
watson,2,1.2728
crick,2,1.2728
ídols,2,1.2728
imiten,2,1.2728
hospitale,2,1.2728
acollia,2,1.2728
caritatives,2,1.2728
allotjar,2,1.2728
hemisferi,2,1.2728
reajustament,2,1.2728
atordida,2,1.2728
politicoadministratives,2,1.2728
refugien,2,1.2728
excaven,2,1.2728
darwin,2,1.2728
enfrontats,2,1.2728
aèries,2,1.2728
sospitós,2,1.2728
astrònom,2,1.2728
janssen,2,1.2728
adventícies,2,1.2728
perennes,2,1.2728
associara,2,1.2728
licós,2,1.2728
armats,2,1.2728
donatiu,2,1.2728
galardón,2,1.2728
gouape,2,1.2728
guappo,2,1.2728
gouapo,2,1.2728
captaire,2,1.2728
guapa,2,1.2728
dolces,2,1.2728
proveïda,2,1.2728
none,2,1.2728
gelades,2,1.2728
granissol,2,1.2728
romanesa,2,1.2728
gráphō,2,1.2728
còrvids,2,1.2728
blavenques,2,1.2728
pyrrhocorax,2,1.2728
ataronjat,2,1.2728
lloança,2,1.2728
prussià,2,1.2728
inescrutables,2,1.2728
sobrats,2,1.2728
incidisca,2,1.2728
cristalls,2,1.2728
polar,2,1.2728
olfacte,2,1.2728
gandulejar,2,1.2728
despòticament,2,1.2728
casolà,2,1.2728
ingĕnium,2,1.2728
garrofer,2,1.2728
difongueren,2,1.2728
garrofa,2,1.2728
baptist,2,1.2728
helmont,2,1.2728
sarna,2,1.2728
estimularen,2,1.2728
resultara,2,1.2728
infusions,2,1.2728
conservara,2,1.2728
rambles,2,1.2728
arrossegament,2,1.2728
embat,2,1.2728
grimm,2,1.2728
atorgaven,2,1.2728
depositaven,2,1.2728
letargia,2,1.2728
objectivables,2,1.2728
fugida,2,1.2728
free,2,1.2728
walter,2,1.2728
refrigeri,2,1.2728
malla,2,1.2728
fracassar,2,1.2728
aprofitarem,2,1.2728
fracassare,2,1.2728
mossos,2,1.2728
cavar,2,1.2728
abissal,2,1.2728
tectònica,2,1.2728
seràs,2,1.2728
entronització,2,1.2728
lasciu,2,1.2728
fruïció,2,1.2728
frugal,2,1.2728
artificiosament,2,1.2728
andròmina,2,1.2728
incardinat,2,1.2728
trastocat,2,1.2728
cromàtics,2,1.2728
enxisa,2,1.2728
matant,2,1.2728
queixals,2,1.2728
farcits,2,1.2728
evast,2,1.2728
montpeller,2,1.2728
fitness,2,1.2728
etat,2,1.2728
football,2,1.2728
rugby,2,1.2728
rugbi,2,1.2728
vímens,2,1.2728
restringira,2,1.2728
gravàmens,2,1.2728
firmus,2,1.2728
tractes,2,1.2728
aleix,2,1.2728
principiar,2,1.2728
filo,2,1.2728
embolicada,2,1.2728
reeixit,2,1.2728
ampolleta,2,1.2728
flascó,2,1.2728
fétiche,2,1.2728
brosses,2,1.2728
divulgà,2,1.2728
contretes,2,1.2728
facciata,2,1.2728
faccia,2,1.2728
facies,2,1.2728
disquisicions,2,1.2728
farola,2,1.2728
peluda,2,1.2728
sciurus,2,1.2728
harda,2,1.2728
reconeixible,2,1.2728
campestre,2,1.2728
consumista,2,1.2728
fardell,2,1.2728
embolicats,2,1.2728
formulant,2,1.2728
corpòries,2,1.2728
encenen,2,1.2728
encenien,2,1.2728
velleta,2,1.2728
façade,2,1.2728
euthanasia,2,1.2728
tanatori,2,1.2728
moires,2,1.2728
corrompre,2,1.2728
cicuta,2,1.2728
encenent,2,1.2728
molèsties,2,1.2728
estufes,2,1.2728
ficava,2,1.2728
conduïa,2,1.2728
cordó,2,1.2728
perfeccionar,2,1.2728
stress,2,1.2728
comprimits,2,1.2728
estadounidense,2,1.2728
estandart,2,1.2728
mantín,2,1.2728
artilleria,2,1.2728
desclot,2,1.2728
confiant,2,1.2728
adherix,2,1.2728
reclutar,2,1.2728
sobreeixir,2,1.2728
acostumaven,2,1.2728
xiprer,2,1.2728
palmeres,2,1.2728
esquifits,2,1.2728
esquifida,2,1.2728
correspost,2,1.2728
subtropical,2,1.2728
aprofitable,2,1.2728
capó,2,1.2728
memoriam,2,1.2728
cridà,2,1.2728
luces,2,1.2728
suggerida,2,1.2728
madrileny,2,1.2728
mercaderia,2,1.2728
obrant,2,1.2728
retràs,2,1.2728
esmercen,2,1.2728
endònim,2,1.2728
eslovens,2,1.2728
napoleòniques,2,1.2728
balcans,2,1.2728
eslava,2,1.2728
radiant,2,1.2728
esgladiare,2,1.2728
gladius,2,1.2728
escura,2,1.2728
butxaques,2,1.2728
furtar,2,1.2728
enganya,2,1.2728
imaginativa,2,1.2728
prominències,2,1.2728
òssies,2,1.2728
respectables,2,1.2728
escopinyar,2,1.2728
autoflagel,2,1.2728
amuntonant,2,1.2728
pegaràaa,2,1.2728
ofés,2,1.2728
deslligar,2,1.2728
involucrats,2,1.2728
buidar,2,1.2728
escàndel,2,1.2728
ofén,2,1.2728
miniatura,2,1.2728
revoltes,2,1.2728
rotund,2,1.2728
entropessà,2,1.2728
enthousiasmós,2,1.2728
enthousiasme,2,1.2728
visanteta,2,1.2728
gĕnius,2,1.2728
apellats,2,1.2728
pròdiga,2,1.2728
molestes,2,1.2728
fartera,2,1.2728
encontrà,2,1.2728
delicioses,2,1.2728
exsucāre,2,1.2728
sucāre,2,1.2728
sucus,2,1.2728
eixuguem,2,1.2728
crac,2,1.2728
generalitzaria,2,1.2728
fagés,2,1.2728
reflectien,2,1.2728
diluvium,2,1.2728
arreplegara,2,1.2728
repoblar,2,1.2728
defunctus,2,1.2728
defunt,2,1.2728
abatiment,2,1.2728
depressiva,2,1.2728
canorus,2,1.2728
aparellament,2,1.2728
blavenc,2,1.2728
nius,2,1.2728
intrús,2,1.2728
coven,2,1.2728
cognat,2,1.2728
piuleta,2,1.2728
esclafa,2,1.2728
ramells,2,1.2728
simbolismes,2,1.2728
moralment,2,1.2728
blasfemar,2,1.2728
traduïdes,2,1.2728
delictives,2,1.2728
segrestos,2,1.2728
glàndula,2,1.2728
cretins,2,1.2728
benaventurat,2,1.2728
pelada,2,1.2728
referíem,2,1.2728
criadilla,2,1.2728
criada,2,1.2728
patata,2,1.2728
tubèrculs,2,1.2728
unglots,2,1.2728
disease,2,1.2728
cotorres,2,1.2728
myiopsitta,2,1.2728
monachus,2,1.2728
xarradores,2,1.2728
cotorrera,2,1.2728
cotarrera,2,1.2728
cotarros,2,1.2728
vagabunds,2,1.2728
imaginables,2,1.2728
regressivament,2,1.2728
coto,2,1.2728
folrada,2,1.2728
serpentines,2,1.2728
carnavalescos,2,1.2728
cotillon,2,1.2728
repartixen,2,1.2728
mercant,2,1.2728
pertinences,2,1.2728
parentela,2,1.2728
fictícies,2,1.2728
renovador,2,1.2728
artefactes,2,1.2728
emmudix,2,1.2728
cenyia,2,1.2728
vertebrats,2,1.2728
sars,2,1.2728
cov,2,1.2728
llenyosa,2,1.2728
pipes,2,1.2728
cordus,2,1.2728
reduïren,2,1.2728
extingida,2,1.2728
hipocorístic,2,1.2728
conxeta,2,1.2728
colxa,2,1.2728
cobertor,2,1.2728
pastilles,2,1.2728
tapen,2,1.2728
costaria,2,1.2728
revestits,2,1.2728
lícits,2,1.2728
campaments,2,1.2728
microbis,2,1.2728
contagia,2,1.2728
esbossar,2,1.2728
somriures,2,1.2728
constitutio,2,1.2728
constituĕre,2,1.2728
mancomunadament,2,1.2728
erigix,2,1.2728
conscientia,2,1.2728
conformadors,2,1.2728
metòdica,2,1.2728
imperible,2,1.2728
concretava,2,1.2728
catilina,2,1.2728
ju,2,1.2728
jŭgum,2,1.2728
ressalten,2,1.2728
polibi,2,1.2728
suavitat,2,1.2728
nueta,2,1.2728
confrare,2,1.2728
humiliats,2,1.2728
heterogènies,2,1.2728
paperets,2,1.2728
retallats,2,1.2728
confetto,2,1.2728
confí,2,1.2728
confinis,2,1.2728
finis,2,1.2728
confrontar,2,1.2728
infracció,2,1.2728
alterats,2,1.2728
durava,2,1.2728
kuntur,2,1.2728
condom,2,1.2728
incursions,2,1.2728
bastards,2,1.2728
profilàctic,2,1.2728
concordia,2,1.2728
conciliare,2,1.2728
litigi,2,1.2728
apofonia,2,1.2728
fecundada,2,1.2728
commemoracions,2,1.2728
inspire,2,1.2728
embats,2,1.2728
kirk,2,1.2728
espàrtac,2,1.2728
irreverent,2,1.2728
prosaicament,2,1.2728
assentats,2,1.2728
crus,2,1.2728
cebes,2,1.2728
ocasionat,2,1.2728
nunci,2,1.2728
conciutadans,2,1.2728
tensat,2,1.2728
apegat,2,1.2728
encreuades,2,1.2728
hexàgon,2,1.2728
envolava,2,1.2728
carteristes,2,1.2728
carteres,2,1.2728
clerical,2,1.2728
freixa,2,1.2728
mucoses,2,1.2728
hipotèticament,2,1.2728
calàpet,2,1.2728
exalçat,2,1.2728
captant,2,1.2728
disposaren,2,1.2728
drupes,2,1.2728
ovals,2,1.2728
alvocater,2,1.2728
cinnamomum,2,1.2728
zeylanicum,2,1.2728
canyeta,2,1.2728
circumscrita,2,1.2728
canviem,2,1.2728
mensuals,2,1.2728
recalca,2,1.2728
tacó,2,1.2728
èquid,2,1.2728
isop,2,1.2728
ases,2,1.2728
discrepant,2,1.2728
corrals,2,1.2728
silvestres,2,1.2728
voregen,2,1.2728
brams,2,1.2728
braga,2,1.2728
distorsionadament,2,1.2728
definien,2,1.2728
hiverns,2,1.2728
massachussetts,2,1.2728
triant,2,1.2728
plasmada,2,1.2728
embarcar,2,1.2728
repúbliques,2,1.2728
soviètiques,2,1.2728
atròpat,2,1.2728
azerbaidjanesos,2,1.2728
tempra,2,1.2728
finitat,2,1.2728
sensitiva,2,1.2728
espirit,2,1.2728
destempra,2,1.2728
cuquets,2,1.2728
aornos,2,1.2728
volcànic,2,1.2728
inframon,2,1.2728
enees,2,1.2728
impedien,2,1.2728
inesperat,2,1.2728
astronòmicament,2,1.2728
governaven,2,1.2728
eugene,2,1.2728
emissors,2,1.2728
conferida,2,1.2728
emanava,2,1.2728
àugurs,2,1.2728
exèrcits,2,1.2728
pressentiment,2,1.2728
zahr,2,1.2728
pulcritud,2,1.2728
atrocitats,2,1.2728
consubstancials,2,1.2728
assalta,2,1.2728
temperament,2,1.2728
irascibles,2,1.2728
hipocondríac,2,1.2728
adjuntant,2,1.2728
loquaç,2,1.2728
astracan,2,1.2728
rissat,2,1.2728
corders,2,1.2728
abrics,2,1.2728
çut,2,1.2728
facilitaven,2,1.2728
deliberar,2,1.2728
semblea,2,1.2728
illots,2,1.2728
arruixonet,2,1.2728
caiguera,2,1.2728
esparses,2,1.2728
ruga,2,1.2728
rub,2,1.2728
cultiva,2,1.2728
nutritiu,2,1.2728
indoiraniana,2,1.2728
rythm,2,1.2728
introduiria,2,1.2728
arraïl,2,1.2728
llastimosa,2,1.2728
raure,2,1.2728
infligit,2,1.2728
efusivament,2,1.2728
cartògraf,2,1.2728
ametló,2,1.2728
batuts,2,1.2728
incrusten,2,1.2728
destruint,2,1.2728
hostilitats,2,1.2728
apostava,2,1.2728
vàter,2,1.2728
papilionàcies,2,1.2728
parviflorus,2,1.2728
citava,2,1.2728
arg,2,1.2728
sedimentària,2,1.2728
impureses,2,1.2728
argiles,2,1.2728
estimats,2,1.2728
apagades,2,1.2728
arquetip,2,1.2728
reciten,2,1.2728
espartans,2,1.2728
grecollatins,2,1.2728
falsament,2,1.2728
externament,2,1.2728
arbocer,2,1.2728
boixos,2,1.2728
capelleta,2,1.2728
artròpodes,2,1.2728
fileres,2,1.2728
atrapar,2,1.2728
anostrament,2,1.2728
desplaçats,2,1.2728
zugarramurdi,2,1.2728
culminà,2,1.2728
adoptava,2,1.2728
inadequada,2,1.2728
arius,2,1.2728
aflorar,2,1.2728
governen,2,1.2728
adquirira,2,1.2728
profecies,2,1.2728
veié,2,1.2728
exclamà,2,1.2728
migren,2,1.2728
palpitacions,2,1.2728
ofec,2,1.2728
instintiva,2,1.2728
palmària,2,1.2728
alats,2,1.2728
antropomorfització,2,1.2728
ciclista,2,1.2728
bicicletes,2,1.2728
mustassaf,2,1.2728
transitats,2,1.2728
indeterminats,2,1.2728
hlauts,2,1.2728
visigots,2,1.2728
prevalgut,2,1.2728
amuntonar,2,1.2728
montanya,2,1.2728
enfilar,2,1.2728
mundana,2,1.2728
estires,2,1.2728
mengem,2,1.2728
nòduls,2,1.2728
limfàtics,2,1.2728
ametler,2,1.2728
ptolomeu,2,1.2728
nefasta,2,1.2728
rondar,2,1.2728
voltar,2,1.2728
rugosa,2,1.2728
nàhuatl,2,1.2728
testicle,2,1.2728
altercar,2,1.2728
trossejades,2,1.2728
demoren,2,1.2728
perelló,2,1.2728
ifāṣ,2,1.2728
recita,2,1.2728
herodes,2,1.2728
valencianocatalana,2,1.2728
cridadissa,2,1.2728
conquistant,2,1.2728
fuit,2,1.2728
rivum,2,1.2728
vehementment,2,1.2728
àrbitre,2,1.2728
badies,2,1.2728
estacionals,2,1.2728
ecosistemes,2,1.2728
aplaçar,2,1.2728
commeātus,2,1.2728
commeare,2,1.2728
rebutjà,2,1.2728
transcendixen,2,1.2728
enquistat,2,1.2728
aclaridor,2,1.2728
reunia,2,1.2728
academ,2,1.2728
wí,2,1.2728
invasor,2,1.2728
cint,2,1.2728
injustícies,2,1.2728
oratòria,2,1.2728
subhasta,2,1.2728
fenici,2,1.2728
suavitzant,2,1.2728
halar,2,1.2728
hòlding,2,1.2728
piadosos,2,1.2728
zoroastrisme,2,1.2728
reputat,2,1.2728
alzirenc,2,1.2728
ignorem,2,1.2728
llevava,2,1.2728
dopamina,2,1.2728
posàvem,2,1.2728
bresca,2,1.2728
induïts,2,1.2728
elefants,2,1.2728
lular,2,1.2728
sofisticat,2,1.2728
sensualitat,2,1.2728
bata,2,1.2728
recentíssima,2,1.2728
vacunació,2,1.2728
accidentat,2,1.2728
vacunes,2,1.2728
coàguls,2,1.2728
travat,2,1.2728
correguda,2,1.2728
empastre,2,1.2728
repetits,2,1.2728
caminada,2,1.2728
extenuant,2,1.2728
loquialitat,2,1.2728
castrar,2,1.2728
robespierre,2,1.2728
tenista,2,1.2728
djokovic,2,1.2728
enes,2,1.2728
geminar,2,1.2728
scanner,2,1.2728
escàner,2,1.2728
desplaçaven,2,1.2728
tallants,2,1.2728
inquietant,2,1.2728
dorsal,2,1.2728
amazones,2,1.2728
orellana,2,1.2728
sucosa,2,1.2728
paixtu,2,1.2728
mul,2,1.2728
parracs,2,1.2728
saquejar,2,1.2728
idealitzat,2,1.2728
afloren,2,1.2728
contemplats,2,1.2728
impartia,2,1.2728
suflé,2,1.2728
desterrat,2,1.2728
ultraconservador,2,1.2728
radi,2,1.2728
adular,2,1.2728
bramar,2,1.2728
demòstenes,2,1.2728
graner,2,1.2728
kíiv,2,1.2728
estampes,2,1.2728
gàl,2,1.2728
polsim,2,1.2728
filaments,2,1.2728
travada,2,1.2728
madurs,2,1.2728
aranyes,2,1.2728
piquen,2,1.2728
vigorós,2,1.2728
compartien,2,1.2728
segmentar,2,1.2728
drom,2,1.2728
canòdrom,2,1.2728
vacatio,2,1.2728
engloben,2,1.2728
referenciada,2,1.2728
xurma,2,1.2728
galea,2,1.2728
chauffeur,2,1.2728
conducció,2,1.2728
chocolate,2,1.2728
mandarí,2,1.2728
dissertació,2,1.2728
igualitarisme,2,1.2728
enriquidor,2,1.2728
ciano,2,1.2728
discret,2,1.2728
suïssos,2,1.2728
exhalar,2,1.2728
respirar,2,1.2728
xalat,2,1.2728
airejar,2,1.2728
petar,2,1.2728
cinematogràfica,2,1.2728
vivents,2,1.2728
dretes,2,1.2728
robustes,2,1.2728
terminals,2,1.2728
lolium,2,1.2728
temulentum,2,1.2728
giratori,2,1.2728
equus,2,1.2728
ferus,2,1.2728
equina,2,1.2728
cuixot,2,1.2728
cirurgia,2,1.2728
esparsos,2,1.2728
triturar,2,1.2728
mastegador,2,1.2728
pilotes,2,1.2728
puches,2,1.2728
bena,2,1.2728
desproveïts,2,1.2728
deplorables,2,1.2728
valencianitza,2,1.2728
soterrats,2,1.2728
publicara,2,1.2728
cerimonial,2,1.2728
prostituĕre,2,1.2728
prostituir,2,1.2728
prebendes,2,1.2728
exhibien,2,1.2728
despectives,2,1.2728
proclític,2,1.2728
postergar,2,1.2728
oníriques,2,1.2728
eròtic,2,1.2728
regint,2,1.2728
recuperava,2,1.2728
rosades,2,1.2728
puça,2,1.2728
secat,2,1.2728
remeieres,2,1.2728
afrodisíacs,2,1.2728
xxx,2,1.2728
escoltant,2,1.2728
planten,2,1.2728
iniquitat,2,1.2728
robatori,2,1.2728
queixava,2,1.2728
encomanà,2,1.2728
plagiari,2,1.2728
italianisme,2,1.2728
cridaneres,2,1.2728
llenyós,2,1.2728
cantadors,2,1.2728
rectoria,2,1.2728
pīnea,2,1.2728
bales,2,1.2728
devastadors,2,1.2728
cicatriu,2,1.2728
taquetes,2,1.2728
perímetro,2,1.2728
encoberta,2,1.2728
perdix,2,1.2728
pèrdix,2,1.2728
pasífae,2,1.2728
gelosia,2,1.2728
bistec,2,1.2728
cacaus,2,1.2728
divergència,2,1.2728
peregrines,2,1.2728
gentada,2,1.2728
atletes,2,1.2728
erotisme,2,1.2728
mentors,2,1.2728
sexistes,2,1.2728
malsonant,2,1.2728
jura,2,1.2728
ethos,2,1.2728
logos,2,1.2728
pathétique,2,1.2728
ridícules,2,1.2728
reconvertí,2,1.2728
pastures,2,1.2728
libèl,2,1.2728
parques,2,1.2728
nona,2,1.2728
determinava,2,1.2728
paraphernalia,2,1.2728
privatius,2,1.2728
sobrevé,2,1.2728
cansada,2,1.2728
pantaixar,2,1.2728
phantasiare,2,1.2728
pancharta,2,1.2728
desplegable,2,1.2728
resguardar,2,1.2728
xarampió,2,1.2728
palletes,2,1.2728
rústics,2,1.2728
pallassos,2,1.2728
propinats,2,1.2728
pesada,2,1.2728
patĕlla,2,1.2728
regirant,2,1.2728
abonen,2,1.2728
pactar,2,1.2728
pax,2,1.2728
faust,2,1.2728
wolfgang,2,1.2728
personificada,2,1.2728
job,2,1.2728
antitètiques,2,1.2728
xafarderies,2,1.2728
epítets,2,1.2728
atenenc,2,1.2728
sorprengué,2,1.2728
naturalistes,2,1.2728
anatinus,2,1.2728
ori,2,1.2728
argull,2,1.2728
marginats,2,1.2728
preguem,2,1.2728
traduí,2,1.2728
ibm,2,1.2728
rodet,2,1.2728
drames,2,1.2728
dialogades,2,1.2728
cantades,2,1.2728
instà,2,1.2728
masturbació,2,1.2728
despreses,2,1.2728
soques,2,1.2728
asiàtics,2,1.2728
ovada,2,1.2728
groguenques,2,1.2728
olm,2,1.2728
oligopoli,2,1.2728
pertinaç,2,1.2728
floral,2,1.2728
bessones,2,1.2728
penèlope,2,1.2728
entretinguda,2,1.2728
esmussat,2,1.2728
geomètrica,2,1.2728
popularització,2,1.2728
obsolescència,2,1.2728
substituïm,2,1.2728
instava,2,1.2728
nucleus,2,1.2728
despresa,2,1.2728
diversificada,2,1.2728
nombrar,2,1.2728
pandèmica,2,1.2728
deònims,2,1.2728
keynesià,2,1.2728
empíricament,2,1.2728
tirs,2,1.2728
propalada,2,1.2728
odioses,2,1.2728
mostrada,2,1.2728
pretendents,2,1.2728
malaltissa,2,1.2728
pictòric,2,1.2728
infantilisme,2,1.2728
modernista,2,1.2728
terrós,2,1.2728
avorrida,2,1.2728
municipium,2,1.2728
moglie,2,1.2728
berenguera,2,1.2728
sigues,2,1.2728
fiques,2,1.2728
disfressada,2,1.2728
serranos,2,1.2728
vetes,2,1.2728
maurus,2,1.2728
albarzers,2,1.2728
volrrà,2,1.2728
alcun,2,1.2728
benefactor,2,1.2728
prodigi,2,1.2728
xanglots,2,1.2728
envellix,2,1.2728
ranci,2,1.2728
monasterium,2,1.2728
locomoció,2,1.2728
bruscament,2,1.2728
curtet,2,1.2728
mocadorada,2,1.2728
misticisme,2,1.2728
burleta,2,1.2728
alandes,2,1.2728
hagueres,2,1.2728
encunyar,2,1.2728
enquadrar,2,1.2728
cilíndric,2,1.2728
túnels,2,1.2728
cumanagoto,2,1.2728
miraculoses,2,1.2728
métèque,2,1.2728
lositat,2,1.2728
carrosses,2,1.2728
vagina,2,1.2728
menstrual,2,1.2728
estadístics,2,1.2728
rupestres,2,1.2728
lós,2,1.2728
arrap,2,1.2728
delicades,2,1.2728
testador,2,1.2728
concedien,2,1.2728
relacionaren,2,1.2728
planura,2,1.2728
perses,2,1.2728
herald,2,1.2728
sició,2,1.2728
levar,2,1.2728
separacions,2,1.2728
esquemàticament,2,1.2728
dirimixen,2,1.2728
mani,2,1.2728
predicava,2,1.2728
japonesa,2,1.2728
barat,2,1.2728
terrorífics,2,1.2728
ratllat,2,1.2728
rodanxes,2,1.2728
afable,2,1.2728
malves,2,1.2728
maltractament,2,1.2728
dormit,2,1.2728
adormida,2,1.2728
deguts,2,1.2728
deslliurar,2,1.2728
picades,2,1.2728
aria,2,1.2728
ronald,2,1.2728
dea,2,1.2728
compongué,2,1.2728
agredolç,2,1.2728
granatum,2,1.2728
punica,2,1.2728
madeleine,2,1.2728
rogenca,2,1.2728
agafada,2,1.2728
premien,2,1.2728
emmurallada,2,1.2728
tancaven,2,1.2728
intempèrie,2,1.2728
lucanica,2,1.2728
elaborava,2,1.2728
lucània,2,1.2728
llong,2,1.2728
emmagatzemen,2,1.2728
calúmnia,2,1.2728
levantar,2,1.2728
cabdell,2,1.2728
frig,2,1.2728
lĭngua,2,1.2728
dingua,2,1.2728
tongue,2,1.2728
subtitulat,2,1.2728
causants,2,1.2728
máquina,2,1.2728
lavadora,2,1.2728
rentadora,2,1.2728
agressiu,2,1.2728
atribuïren,2,1.2728
hipotètic,2,1.2728
comercialitzada,2,1.2728
prosòdic,2,1.2728
lesbos,2,1.2728
mallot,2,1.2728
despertà,2,1.2728
calcetins,2,1.2728
cumbre,2,1.2728
canària,2,1.2728
despreniment,2,1.2728
baixen,2,1.2728
tipogràfic,2,1.2728
funerals,2,1.2728
passadissos,2,1.2728
atraccions,2,1.2728
zeta,2,1.2728
aion,2,1.2728
alcem,2,1.2728
reflectí,2,1.2728
milena,2,1.2728
recopilades,2,1.2728
adusta,2,1.2728
humorístic,2,1.2728
solapes,2,1.2728
concentrava,2,1.2728
jubileu,2,1.2728
requerien,2,1.2728
entretinguts,2,1.2728
disputen,2,1.2728
deïtat,2,1.2728
josué,2,1.2728
band,2,1.2728
densament,2,1.2728
gn,2,1.2728
corcó,2,1.2728
estepes,2,1.2728
yurt,2,1.2728
abandonava,2,1.2728
retòric,2,1.2728
emeses,2,1.2728
qüestionant,2,1.2728
indissociable,2,1.2728
usatges,2,1.2728
latinum,2,1.2728
justificades,2,1.2728
intelliguéntsiya,2,1.2728
tsarista,2,1.2728
intelligentsia,2,1.2728
reprimits,2,1.2728
oculus,2,1.2728
infĭrmitas,2,1.2728
enfermetat,2,1.2728
indulgēre,2,1.2728
pelegrinatge,2,1.2728
concediren,2,1.2728
indulgències,2,1.2728
luter,2,1.2728
wells,2,1.2728
localment,2,1.2728
rega,2,1.2728
titubeig,2,1.2728
atribuí,2,1.2728
destitució,2,1.2728
impedicare,2,1.2728
munis,2,1.2728
fortificació,2,1.2728
aparenta,2,1.2728
embruta,2,1.2728
huracans,2,1.2728
requeriren,2,1.2728
hordes,2,1.2728
tenda,2,1.2728
disturbis,2,1.2728
vandàlics,2,1.2728
penetrat,2,1.2728
associava,2,1.2728
defenia,2,1.2728
anotava,2,1.2728
reservava,2,1.2728
homophobia,2,1.2728
homós,2,1.2728
nerviosa,2,1.2728
sensorials,2,1.2728
massatges,2,1.2728
hispà,2,1.2728
hacienda,2,1.2728
facienda,2,1.2728
impagament,2,1.2728
aparatosa,2,1.2728
mocadors,2,1.2728
botija,2,1.2728
egua,2,1.2728
heterosexualitat,2,1.2728
abjurar,2,1.2728
muove,2,1.2728
inspirant,2,1.2728
ē,2,1.2728
sacrificats,2,1.2728
hand,2,1.2728
truc,2,1.2728
dòcils,2,1.2728
juridicoadministratives,2,1.2728
cristino,2,1.2728
policials,2,1.2728
historiogràfic,2,1.2728
benevolent,2,1.2728
dispensar,2,1.2728
cullerà,2,1.2728
alertar,2,1.2728
garatge,2,1.2728
aparcar,2,1.2728
guau,2,1.2728
vado,2,1.2728
grottesco,2,1.2728
absurditat,2,1.2728
nadalenca,2,1.2728
orso,2,1.2728
circense,2,1.2728
corroborant,2,1.2728
perenne,2,1.2728
gastrointestinal,2,1.2728
competien,2,1.2728
despullats,2,1.2728
sotelo,2,1.2728
trajectes,2,1.2728
colonial,2,1.2728
gym,2,1.2728
jihad,2,1.2728
vertebral,2,1.2728
ennobliment,2,1.2728
gènit,2,1.2728
zeneta,2,1.2728
equitació,2,1.2728
combatien,2,1.2728
murcià,2,1.2728
gelar,2,1.2728
òptimes,2,1.2728
guastar,2,1.2728
postverbals,2,1.2728
camioneta,2,1.2728
assíduament,2,1.2728
molècules,2,1.2728
kháos,2,1.2728
aristòcrates,2,1.2728
trabajar,2,1.2728
plantats,2,1.2728
modesta,2,1.2728
abelardo,2,1.2728
sostenen,2,1.2728
fares,2,1.2728
hesron,2,1.2728
galilea,2,1.2728
expulsà,2,1.2728
fadrell,2,1.2728
transmeteren,2,1.2728
obrador,2,1.2728
heretades,2,1.2728
frank,2,1.2728
desconeixem,2,1.2728
aquàtiques,2,1.2728
fores,2,1.2728
hu,2,1.2728
espant,2,1.2728
absorbint,2,1.2728
embarcaren,2,1.2728
summament,2,1.2728
indoeuropees,2,1.2728
februa,2,1.2728
februus,2,1.2728
février,2,1.2728
fascio,2,1.2728
presumptuós,2,1.2728
oracle,2,1.2728
fartus,2,1.2728
farcire,2,1.2728
interpolacions,2,1.2728
profà,2,1.2728
popularitzaren,2,1.2728
fingida,2,1.2728
tendent,2,1.2728
phármakon,2,1.2728
preparen,2,1.2728
evolutius,2,1.2728
sarraïns,2,1.2728
colonitzadors,2,1.2728
papereta,2,1.2728
participacions,2,1.2728
ansioses,2,1.2728
marioneta,2,1.2728
fado,2,1.2728
apus,2,1.2728
intercanvien,2,1.2728
facinerosos,2,1.2728
argumenten,2,1.2728
ploga,2,1.2728
prodiguen,2,1.2728
ateu,2,1.2728
atea,2,1.2728
consolidà,2,1.2728
hinduisme,2,1.2728
rebatre,2,1.2728
punxegut,2,1.2728
guardant,2,1.2728
eradicar,2,1.2728
complicar,2,1.2728
deshabitat,2,1.2728
erma,2,1.2728
epi,2,1.2728
èol,2,1.2728
cobdícia,2,1.2728
nitidesa,2,1.2728
provoque,2,1.2728
atabalar,2,1.2728
insalata,2,1.2728
salata,2,1.2728
uguanno,2,1.2728
balancins,2,1.2728
discutida,2,1.2728
atre,2,1.2728
susdit,2,1.2728
engronsar,2,1.2728
gronsar,2,1.2728
gronxar,2,1.2728
exasperar,2,1.2728
posseïts,2,1.2728
tacar,2,1.2728
amigues,2,1.2728
bronquis,2,1.2728
entropessat,2,1.2728
sublima,2,1.2728
empresonat,2,1.2728
empresonats,2,1.2728
accedien,2,1.2728
compartisquen,2,1.2728
càntabres,2,1.2728
ència,2,1.2728
babau,2,1.2728
diner,2,1.2728
colonia,2,1.2728
electricus,2,1.2728
ambre,2,1.2728
fòssil,2,1.2728
elektron,2,1.2728
ela,2,1.2728
elle,2,1.2728
banyada,2,1.2728
tovalla,2,1.2728
bevem,2,1.2728
prestat,2,1.2728
amerar,2,1.2728
afí,2,1.2728
dune,2,1.2728
desèrtics,2,1.2728
obstrucció,2,1.2728
abellot,2,1.2728
vivament,2,1.2728
fètid,2,1.2728
podrir,2,1.2728
fabulosos,2,1.2728
donner,2,1.2728
deux,2,1.2728
acatar,2,1.2728
inqüestionables,2,1.2728
divortium,2,1.2728
vertiente,2,1.2728
sexto,2,1.2728
semana,2,1.2728
vĕnĕris,2,1.2728
sintagmàtiques,2,1.2728
intrauterí,2,1.2728
richter,2,1.2728
enrotllat,2,1.2728
allibera,2,1.2728
trencant,2,1.2728
trastornar,2,1.2728
desfressar,2,1.2728
dimitit,2,1.2728
entrenador,2,1.2728
inundà,2,1.2728
soscavar,2,1.2728
fefaents,2,1.2728
margalida,2,1.2728
diffamare,2,1.2728
rumor,2,1.2728
excusen,2,1.2728
recitava,2,1.2728
ordenades,2,1.2728
alfabèticament,2,1.2728
ibers,2,1.2728
dràsticament,2,1.2728
dolcet,2,1.2728
reintegrar,2,1.2728
detectiva,2,1.2728
destarifar,2,1.2728
tarifar,2,1.2728
tirànica,2,1.2728
caòtic,2,1.2728
emetent,2,1.2728
invertix,2,1.2728
escalation,2,1.2728
satisfactòries,2,1.2728
avinença,2,1.2728
desamor,2,1.2728
desassossec,2,1.2728
desconfia,2,1.2728
flamants,2,1.2728
paraulotes,2,1.2728
torbat,2,1.2728
infectades,2,1.2728
suahili,2,1.2728
luvions,2,1.2728
detectada,2,1.2728
wuhan,2,1.2728
ribonucleic,2,1.2728
separava,2,1.2728
solc,2,1.2728
dijú,2,1.2728
bades,2,1.2728
balde,2,1.2728
occitanes,2,1.2728
badas,2,1.2728
capgira,2,1.2728
desapareguda,2,1.2728
entonaven,2,1.2728
convoyer,2,1.2728
comboiar,2,1.2728
municions,2,1.2728
armament,2,1.2728
bufetada,2,1.2728
topada,2,1.2728
arrossega,2,1.2728
causarà,2,1.2728
importats,2,1.2728
estrepitosament,2,1.2728
deformen,2,1.2728
reapareixen,2,1.2728
avisador,2,1.2728
miller,2,1.2728
alva,2,1.2728
fonògraf,2,1.2728
guanyada,2,1.2728
kel,2,1.2728
clandestins,2,1.2728
clandestines,2,1.2728
paperera,2,1.2728
cista,2,1.2728
lluc,2,1.2728
immunològic,2,1.2728
menjaren,2,1.2728
persistents,2,1.2728
apuntant,2,1.2728
xeix,2,1.2728
austera,2,1.2728
lumière,2,1.2728
coincidisca,2,1.2728
vis,2,1.2728
desdejunar,2,1.2728
glúcids,2,1.2728
centrífug,2,1.2728
tributar,2,1.2728
reprovació,2,1.2728
reflectia,2,1.2728
diarrea,2,1.2728
rutinàries,2,1.2728
amplíssim,2,1.2728
porga,2,1.2728
nocives,2,1.2728
originades,2,1.2728
esternut,2,1.2728
blana,2,1.2728
adheria,2,1.2728
càstig,2,1.2728
castrum,2,1.2728
salves,2,1.2728
reprensions,2,1.2728
foté,2,1.2728
carxena,2,1.2728
carxofera,2,1.2728
lícita,2,1.2728
carrousel,2,1.2728
venidores,2,1.2728
carruatge,2,1.2728
oda,2,1.2728
vanitats,2,1.2728
severes,2,1.2728
carmagnola,2,1.2728
charlot,2,1.2728
cremes,2,1.2728
temperats,2,1.2728
fragata,2,1.2728
cormull,2,1.2728
recorregueren,2,1.2728
calămus,2,1.2728
càlam,2,1.2728
antagòniques,2,1.2728
aleteig,2,1.2728
ordenança,2,1.2728
candĭda,2,1.2728
cranc,2,1.2728
carranc,2,1.2728
connector,2,1.2728
eucarística,2,1.2728
capelletes,2,1.2728
resant,2,1.2728
estimulen,2,1.2728
revelava,2,1.2728
segregar,2,1.2728
amenaçat,2,1.2728
tinter,2,1.2728
anthias,2,1.2728
pengen,2,1.2728
mamat,2,1.2728
botànics,2,1.2728
tarongeral,2,1.2728
capanna,2,1.2728
entrellaçats,2,1.2728
incompletes,2,1.2728
consciències,2,1.2728
alberginera,2,1.2728
albargina,2,1.2728
advertien,2,1.2728
exhortar,2,1.2728
akra,2,1.2728
leuka,2,1.2728
defenen,2,1.2728
aïlla,2,1.2728
aqua,2,1.2728
arroç,2,1.2728
inundable,2,1.2728
auspiciada,2,1.2728
aglomerar,2,1.2728
desordenada,2,1.2728
sentimentals,2,1.2728
adir,2,1.2728
obeir,2,1.2728
arrossegava,2,1.2728
redeu,2,1.2728
rodamon,2,1.2728
subsol,2,1.2728
coquí,2,1.2728
avançaven,2,1.2728
abastar,2,1.2728
abaixà,2,1.2728
aletes,2,1.2728
deposita,2,1.2728
bústies,2,1.2728
buzo,2,1.2728
búzio,2,1.2728
bunker,2,1.2728
omplien,2,1.2728
estrepitós,2,1.2728
batejats,2,1.2728
alenada,2,1.2728
polseguera,2,1.2728
adherides,2,1.2728
escuma,2,1.2728
espuma,2,1.2728
facècia,2,1.2728
bruma,2,1.2728
bring,2,1.2728
persĭcum,2,1.2728
malacotó,2,1.2728
trompeta,2,1.2728
centrava,2,1.2728
foie,2,1.2728
cesse,2,1.2728
finques,2,1.2728
inquilins,2,1.2728
compatriotes,2,1.2728
formalitats,2,1.2728
anàs,2,1.2728
blåtand,2,1.2728
escandinaves,2,1.2728
desenrotllada,2,1.2728
blind,2,1.2728
cec,2,1.2728
revestien,2,1.2728
lícites,2,1.2728
estiuejants,2,1.2728
bikini,2,1.2728
bomba,2,1.2728
pedals,2,1.2728
bicycle,2,1.2728
bivaldi,2,1.2728
leonard,2,1.2728
fossen,2,1.2728
lliurats,2,1.2728
pertocaria,2,1.2728
acatament,2,1.2728
dantesc,2,1.2728
officinalis,2,1.2728
dispensava,2,1.2728
angines,2,1.2728
manutenció,2,1.2728
porra,2,1.2728
colpeja,2,1.2728
xarco,2,1.2728
calquen,2,1.2728
exhalava,2,1.2728
absis,2,1.2728
barricades,2,1.2728
baraque,2,1.2728
baracca,2,1.2728
barracón,2,1.2728
annexes,2,1.2728
aiguavessos,2,1.2728
paio,2,1.2728
prismàtics,2,1.2728
barda,2,1.2728
albardissa,2,1.2728
projectats,2,1.2728
reivindicatius,2,1.2728
assentà,2,1.2728
nerium,2,1.2728
voreres,2,1.2728
baixe,2,1.2728
baixem,2,1.2728
ventilació,2,1.2728
fissura,2,1.2728
badallet,2,1.2728
ortoèpica,2,1.2728
prestigiats,2,1.2728
sistematitzar,2,1.2728
primar,2,1.2728
inadequades,2,1.2728
fècula,2,1.2728
llémena,2,1.2728
témpores,2,1.2728
térbola,2,1.2728
teorema,2,1.2728
lecta,2,1.2728
perca,2,1.2728
verga,2,1.2728
cerndre,2,1.2728
trofeu,2,1.2728
amorf,2,1.2728
sosa,2,1.2728
semivocals,2,1.2728
ʤuzɛ,2,1.2728
eɱvéʤa,2,1.2728
aɱvéʤa,2,1.2728
embɾutáɾ,2,1.2728
ambɾutáɾ,2,1.2728
espénta,2,1.2728
aspénta,2,1.2728
lleganya,2,1.2728
ʎeɣáɲa,2,1.2728
ʎaɣáɲa,2,1.2728
ʎewʤéɾ,2,1.2728
ʎawʤéɾ,2,1.2728
senséɾ,2,1.2728
sanséɾ,2,1.2728
terɔ,2,1.2728
najʃemént,2,1.2728
najʃimént,2,1.2728
konejʃemént,2,1.2728
konejʃimént,2,1.2728
ɾɔ,2,1.2728
lɛ,2,1.2728
kánte,2,1.2728
kantáve,2,1.2728
cantaria,2,1.2728
kantaɾíe,2,1.2728
káʃa,2,1.2728
konéʃeɾ,2,1.2728
dibuʃáɾ,2,1.2728
kuʎíɾ,2,1.2728
kuzíɾ,2,1.2728
tusíɾ,2,1.2728
kubɛ,2,1.2728
ubɛ,2,1.2728
diʃáɾ,2,1.2728
minʤáɾ,2,1.2728
siɲóɾ,2,1.2728
ʤoliɔ,2,1.2728
foʤíɾ,2,1.2728
ʤopetí,2,1.2728
iència,2,1.2728
konsɛ,2,1.2728
pasɛ,2,1.2728
dissimilacions,2,1.2728
istɔ,2,1.2728
aw,2,1.2728
awbɾíɾ,2,1.2728
awfeɣáɾ,2,1.2728
awloɾáɾ,2,1.2728
wa,2,1.2728
koʎáɾ,2,1.2728
labiodentals,2,1.2728
dentals,2,1.2728
glotis,2,1.2728
ròtiques,2,1.2728
vibrants,2,1.2728
atskɾipsió,2,1.2728
opskuɾitát,2,1.2728
oskuɾitát,2,1.2728
supskɾíwɾe,2,1.2728
suskɾíwɾe,2,1.2728
sikiátɾe,2,1.2728
suʤeɾíɾ,2,1.2728
suʤestió,2,1.2728
nd,2,1.2728
kám,2,1.2728
kaíɾa,2,1.2728
maúɾ,2,1.2728
kaéna,2,1.2728
ʤɛ,2,1.2728
parlaves,2,1.2728
posáɾ,2,1.2728
ónse,2,1.2728
impɾezió,2,1.2728
konzéʎ,2,1.2728
funzió,2,1.2728
pláʧ,2,1.2728
mólʧ,2,1.2728
púnʧ,2,1.2728
sédʤe,2,1.2728
ejʃɛ,2,1.2728
ʧelát,2,1.2728
ʧuɣáɾ,2,1.2728
pláʧa,2,1.2728
pɾojeksió,2,1.2728
objeksió,2,1.2728
tɾajɛ,2,1.2728
subjɛ,2,1.2728
ajʃeɾáko,2,1.2728
abajsáɾ,2,1.2728
apaɾéjseɾ,2,1.2728
kaɾtójsa,2,1.2728
kújsa,2,1.2728
eʤekutáɾ,2,1.2728
eʤeɾsísi,2,1.2728
biʎét,2,1.2728
ráʎa,2,1.2728
róʎo,2,1.2728
iluzió,2,1.2728
novɛ,2,1.2728
tɾaŋkilitát,2,1.2728
amélla,2,1.2728
améla,2,1.2728
gwálla,2,1.2728
gwála,2,1.2728
lle,2,1.2728
vélla,2,1.2728
véla,2,1.2728
adlántik,2,1.2728
ádles,2,1.2728
adléta,2,1.2728
átɾe,2,1.2728
emprendré,2,1.2728
empendɾé,2,1.2728
sorprendria,2,1.2728
soɾpendɾía,2,1.2728
ɾðɾe,2,1.2728
ðɾe,2,1.2728
peɾðɾé,2,1.2728
peðɾé,2,1.2728
peɾðɾía,2,1.2728
peðɾía,2,1.2728
áɾbɾe,2,1.2728
máɾbɾe,2,1.2728
mábɾe,2,1.2728
dinéɾs,2,1.2728
sokóɾs,2,1.2728
sokós,2,1.2728
dimáɾs,2,1.2728
dimáts,2,1.2728
kiðɾáɾ,2,1.2728
peðɾikáɾ,2,1.2728
kɾompáɾ,2,1.2728
pobléma,2,1.2728
poɣɾáma,2,1.2728
kɾéwɾeɾ,2,1.2728
tɾáwɾeɾ,2,1.2728
semána,2,1.2728
sométɾe,2,1.2728
arídmia,2,1.2728
alɣoɾídme,2,1.2728
kónna,2,1.2728
kóna,2,1.2728
dnia,2,1.2728
viednamíta,2,1.2728
submaɾí,2,1.2728
summaɾí,2,1.2728
submergir,2,1.2728
submeɾʤíɾ,2,1.2728
summeɾʤíɾ,2,1.2728
submisió,2,1.2728
summisió,2,1.2728
kabmójʃ,2,1.2728
kammójʃ,2,1.2728
kabmáɲ,2,1.2728
kammáɲ,2,1.2728
gm,2,1.2728
nóm,2,1.2728
nemotɛ,2,1.2728
gnia,2,1.2728
pneumàtic,2,1.2728
newmátik,2,1.2728
konektáɾ,2,1.2728
inosént,2,1.2728
tɾiɛ,2,1.2728
ɲɛ,2,1.2728
ɾvi,2,1.2728
ɲuɣáɾ,2,1.2728
kostitusió,2,1.2728
istitusió,2,1.2728
tɾaspaɾént,2,1.2728
nów,2,1.2728
nó,2,1.2728
espéɾawn,2,1.2728
momént,2,1.2728
konéjʃen,2,1.2728
fɾét,2,1.2728
avét,2,1.2728
nik,2,1.2728
sák,2,1.2728
bláw,2,1.2728
matutí,2,1.2728
pés,2,1.2728
bɾás,2,1.2728
despáʧ,2,1.2728
pláts,2,1.2728
trencats,2,1.2728
péz,2,1.2728
bɾáz,2,1.2728
péjʒ,2,1.2728
ensés,2,1.2728
víw,2,1.2728
nɔ,2,1.2728
estudies,2,1.2728
liqües,2,1.2728
descuen,2,1.2728
evacua,2,1.2728
fònica,2,1.2728
travades,2,1.2728
bisíl,2,1.2728
zell,2,1.2728
trisíl,2,1.2728
hos,2,1.2728
tetrasíl,2,1.2728
tec,2,1.2728
mè,2,1.2728
ròs,2,1.2728
àn,2,1.2728
èx,2,1.2728
cre,2,1.2728
guai,2,1.2728
lli,2,1.2728
hie,2,1.2728
líquides,2,1.2728
kàiser,2,1.2728
amígdala,2,1.2728
excels,2,1.2728
pinzell,2,1.2728
corretjut,2,1.2728
anxova,2,1.2728
ponx,2,1.2728
abdicar,2,1.2728
capçal,2,1.2728
àpside,2,1.2728
hipnòtic,2,1.2728
galop,2,1.2728
xop,2,1.2728
escriviu,2,1.2728
àvem,2,1.2728
àveu,2,1.2728
aven,2,1.2728
bruixot,2,1.2728
nyora,2,1.2728
aquarel,2,1.2728
llebre,2,1.2728
wagnerià,2,1.2728
wolframi,2,1.2728
wèlter,2,1.2728
autònomament,2,1.2728
faraday,2,1.2728
gray,2,1.2728
jansky,2,1.2728
furiós,2,1.2728
obscé,2,1.2728
créieu,2,1.2728
sémola,2,1.2728
fèmur,2,1.2728
hortènsia,2,1.2728
sèsam,2,1.2728
comprès,2,1.2728
admès,2,1.2728
sisè,2,1.2728
puré,2,1.2728
mossèn,2,1.2728
parèixer,2,1.2728
vèncer,2,1.2728
fèieu,2,1.2728
pèsol,2,1.2728
terratrèmol,2,1.2728
trèvol,2,1.2728
homògrafes,2,1.2728
raïmet,2,1.2728
xiïta,2,1.2728
peüc,2,1.2728
noümen,2,1.2728
agraïa,2,1.2728
beneïen,2,1.2728
corroïen,2,1.2728
agrairia,2,1.2728
beneir,2,1.2728
dosé,2,1.2728
zig,2,1.2728
zag,2,1.2728
sicosa,2,1.2728
valerolactosa,2,1.2728
apostrof,2,1.2728
homofonia,2,1.2728
lletregen,2,1.2728
singularitzen,2,1.2728
cinematogràfics,2,1.2728
bibliografies,2,1.2728
nre,2,1.2728
enteres,2,1.2728
sexagesimal,2,1.2728
aritmètica,2,1.2728
agramaticals,2,1.2728
diferenciaran,2,1.2728
discursivament,2,1.2728
afirmativa,2,1.2728
recuperable,2,1.2728
recuperables,2,1.2728
lelístiques,2,1.2728
alleugerir,2,1.2728
flexionen,2,1.2728
informativament,2,1.2728
especificatius,2,1.2728
condicionats,2,1.2728
cognitius,2,1.2728
etud,2,1.2728
itud,2,1.2728
cosí,2,1.2728
cosinet,2,1.2728
derivatius,2,1.2728
òleg,2,1.2728
lomòrfica,2,1.2728
òloga,2,1.2728
escandinau,2,1.2728
epicens,2,1.2728
diferenciant,2,1.2728
arquitecta,2,1.2728
banquera,2,1.2728
faxos,2,1.2728
inserits,2,1.2728
pluralia,2,1.2728
singularia,2,1.2728
exèquies,2,1.2728
honoraris,2,1.2728
solden,2,1.2728
naturalitzats,2,1.2728
copulatiu,2,1.2728
feliçment,2,1.2728
estranyament,2,1.2728
habiliten,2,1.2728
baleàrica,2,1.2728
hindú,2,1.2728
partícip,2,1.2728
sublim,2,1.2728
numerable,2,1.2728
fònicament,2,1.2728
oliveres,2,1.2728
serpis,2,1.2728
foranes,2,1.2728
mediata,2,1.2728
éjʃ,2,1.2728
catafòric,2,1.2728
substituïble,2,1.2728
majestats,2,1.2728
senyories,2,1.2728
trilió,2,1.2728
bilions,2,1.2728
quíntuple,2,1.2728
quíntupla,2,1.2728
reproduïts,2,1.2728
tern,2,1.2728
qüern,2,1.2728
quintern,2,1.2728
afirmatius,2,1.2728
agruparem,2,1.2728
partitiu,2,1.2728
individualitzant,2,1.2728
opositor,2,1.2728
indistinció,2,1.2728
emfatitzador,2,1.2728
coda,2,1.2728
alabem,2,1.2728
reflexives,2,1.2728
fonològicament,2,1.2728
esquematitzen,2,1.2728
recíprocs,2,1.2728
apostrofats,2,1.2728
apòstrofs,2,1.2728
anafòricament,2,1.2728
assignen,2,1.2728
melòdic,2,1.2728
interrogat,2,1.2728
confirmatòries,2,1.2728
reiteratives,2,1.2728
apuntades,2,1.2728
prototípiques,2,1.2728
quantificada,2,1.2728
apostrofe,2,1.2728
àlgebra,2,1.2728
estàtic,2,1.2728
parafrasejar,2,1.2728
introductor,2,1.2728
benefactiu,2,1.2728
alegrat,2,1.2728
delimitador,2,1.2728
mitan,2,1.2728
dissemblants,2,1.2728
babalà,2,1.2728
prototípics,2,1.2728
preferir,2,1.2728
simultani,2,1.2728
trenc,2,1.2728
prepararé,2,1.2728
dubitatius,2,1.2728
témer,2,1.2728
temporalitat,2,1.2728
cortesa,2,1.2728
perfectiu,2,1.2728
estatius,2,1.2728
conjuga,2,1.2728
emfatitza,2,1.2728
imperfectiva,2,1.2728
duren,2,1.2728
oriente,2,1.2728
parl,2,1.2728
benentés,2,1.2728
rie,2,1.2728
sse,2,1.2728
vàreu,2,1.2728
tingam,2,1.2728
vejam,2,1.2728
eixim,2,1.2728
velaritzen,2,1.2728
òbrigues,2,1.2728
òbriguen,2,1.2728
beveu,2,1.2728
beguem,2,1.2728
begueu,2,1.2728
beguent,2,1.2728
batia,2,1.2728
feies,2,1.2728
caent,2,1.2728
constret,2,1.2728
rigut,2,1.2728
menjo,2,1.2728
afegís,2,1.2728
anés,2,1.2728
enllaçats,2,1.2728
esmentem,2,1.2728
pressuposen,2,1.2728
inespecífic,2,1.2728
gratacel,2,1.2728
resultatiu,2,1.2728
futbolista,2,1.2728
tranquils,2,1.2728
presentacionals,2,1.2728
enllaçant,2,1.2728
adversatiu,2,1.2728
adversativitat,2,1.2728
concessivitat,2,1.2728
assenyalaran,2,1.2728
refusar,2,1.2728
assajar,2,1.2728
realitzables,2,1.2728
concessiva,2,1.2728
melòdica,2,1.2728
lipsi,2,1.2728
referencials,2,1.2728
antiglobalització,2,1.2728
mentalisme,2,1.2728
morfosintàctic,2,1.2728
ø,2,1.2728
flexionades,2,1.2728
tam,2,1.2728
lomorfies,2,1.2728
grogor,2,1.2728
discriminar,2,1.2728
incoativa,2,1.2728
recursiu,2,1.2728
fossilitzat,2,1.2728
deadverbials,2,1.2728
adverbialització,2,1.2728
davantal,2,1.2728
boníssima,2,1.2728
metalingüística,2,1.2728
ocorreria,2,1.2728
floricol,2,1.2728
bocamànega,2,1.2728
guardabosc,2,1.2728
torcamans,2,1.2728
cobrellit,2,1.2728
parafang,2,1.2728
llargmetratge,2,1.2728
metratge,2,1.2728
grecoromà,2,1.2728
benparlat,2,1.2728
loga,2,1.2728
sintagmàtic,2,1.2728
guàrdies,2,1.2728
magistrada,2,1.2728
zoològic,2,1.2728
succintes,2,1.2728
suprimits,2,1.2728
dialectalització,2,1.2728
descrigueren,2,1.2728
dotaren,2,1.2728
vulgaritzants,2,1.2728
materialitzades,2,1.2728
desorientacions,2,1.2728
prescriptiva,2,1.2728
abordats,2,1.2728
prescriptius,2,1.2728
prioritzat,2,1.2728
portés,2,1.2728
fóreu,2,1.2728
subratllats,2,1.2728
ratllada,2,1.2728
autocompletiva,2,1.2728
activada,2,1.2728
releguen,2,1.2728
multiforme,2,1.2728
lloca,2,1.2728
oig,2,1.2728
pistola,2,1.2728
olt,2,1.2728
olta,2,1.2728
osta,2,1.2728
ʤaɣánt,2,1.2728
tò,2,1.2728
grà,2,1.2728
sè,2,1.2728
fí,2,1.2728
egz,2,1.2728
ʎavɔ,2,1.2728
sords,2,1.2728
erra,2,1.2728
ü,2,1.2728
sergent,2,1.2728
atordir,2,1.2728
cartolina,2,1.2728
polsar,2,1.2728
arcada,2,1.2728
calbot,2,1.2728
destorbar,2,1.2728
àrid,2,1.2728
jersei,2,1.2728
ʎʎ,2,1.2728
confederal,2,1.2728
isorítmia,2,1.2728
iberoromànic,2,1.2728
semirecta,2,1.2728
iode,2,1.2728
congènit,2,1.2728
estómec,2,1.2728
èpico,2,1.2728
construïdes,2,1.2728
apollo,2,1.2728
euràsia,2,1.2728
juridicoadministratius,2,1.2728
reajust,2,1.2728
exòtiques,2,1.2728
lacònicament,2,1.2728
agenollar,2,1.2728
connectives,2,1.2728
calva,2,1.2728
ors,2,1.2728
gaulle,2,1.2728
habsburgs,2,1.2728
posidó,2,1.2728
buda,2,1.2728
adonis,2,1.2728
benjamí,2,1.2728
santcrist,2,1.2728
ciclops,2,1.2728
hibernon,2,1.2728
jacinta,2,1.2728
estiuet,2,1.2728
jacomart,2,1.2728
espartero,2,1.2728
taquígraf,2,1.2728
milú,2,1.2728
mickey,2,1.2728
floquet,2,1.2728
capnodium,2,1.2728
elaeophilum,2,1.2728
saissetia,2,1.2728
oleae,2,1.2728
aquila,2,1.2728
heliaca,2,1.2728
excalibur,2,1.2728
cuirassat,2,1.2728
petrolier,2,1.2728
inventors,2,1.2728
camembert,2,1.2728
polaroid,2,1.2728
tireta,2,1.2728
pòrtland,2,1.2728
metropolitans,2,1.2728
correferents,2,1.2728
vinícola,2,1.2728
juràssic,2,1.2728
cubisme,2,1.2728
sincrètic,2,1.2728
orriols,2,1.2728
spezia,2,1.2728
havre,2,1.2728
jabugo,2,1.2728
cabrales,2,1.2728
seltz,2,1.2728
angora,2,1.2728
caixmir,2,1.2728
xeviot,2,1.2728
cometa,2,1.2728
halley,2,1.2728
almodí,2,1.2728
endugué,2,1.2728
ballet,2,1.2728
sàlica,2,1.2728
titula,2,1.2728
tipogràfics,2,1.2728
contraste,2,1.2728
cineastes,2,1.2728
hipnotitzar,2,1.2728
happy,2,1.2728
blueberry,2,1.2728
nights,2,1.2728
debut,2,1.2728
norah,2,1.2728
escortada,2,1.2728
natalie,2,1.2728
portman,2,1.2728
rachel,2,1.2728
weisz,2,1.2728
strathairn,2,1.2728
saturada,2,1.2728
darius,2,1.2728
khondji,2,1.2728
luminador,2,1.2728
delicatessen,2,1.2728
ry,2,1.2728
cooder,2,1.2728
texas,2,1.2728
tragueren,2,1.2728
plàtans,2,1.2728
escàners,2,1.2728
estigues,2,1.2728
subministrament,2,1.2728
prever,2,1.2728
maella,2,1.2728
analgèsics,2,1.2728
esparadrap,2,1.2728
detectades,2,1.2728
revise,2,1.2728
infraestructurals,2,1.2728
plagat,2,1.2728
avarià,2,1.2728
definitives,2,1.2728
sojourner,2,1.2728
rudolf,2,1.2728
rieder,2,1.2728
vindré,2,1.2728
acabaran,2,1.2728
realce,2,1.2728
exaltaren,2,1.2728
sigueu,2,1.2728
prosperat,2,1.2728
logse,2,1.2728
aparts,2,1.2728
emplaça,2,1.2728
tractada,2,1.2728
aguditzaren,2,1.2728
consulteu,2,1.2728
angulars,2,1.2728
penses,2,1.2728
apartheid,2,1.2728
ovacionaren,2,1.2728
senyalètica,2,1.2728
segnaletica,2,1.2728
senyalística,2,1.2728
¼,2,1.2728
algadins,2,1.2728
directoris,2,1.2728
subaccepció,2,1.2728
aritmètics,2,1.2728
arquitrau,2,1.2728
pesants,2,1.2728
ã,2,1.2728
õ,2,1.2728
rombe,2,1.2728
simpàtica,2,1.2728
lexemes,2,1.2728
qües,2,1.2728
entusiastes,2,1.2728
espacialment,2,1.2728
visità,2,1.2728
parlares,2,1.2728
equiparen,2,1.2728
teva,2,1.2728
intactes,2,1.2728
festeja,2,1.2728
divuit,2,1.2728
gaires,2,1.2728
cabassada,2,1.2728
cabassades,2,1.2728
acalorada,2,1.2728
plorosos,2,1.2728
expressà,2,1.2728
preferisc,2,1.2728
quilo,2,1.2728
bolígraf,2,1.2728
casaves,2,1.2728
compraré,2,1.2728
prepare,2,1.2728
menjades,2,1.2728
sereu,2,1.2728
atrevisc,2,1.2728
acostumaré,2,1.2728
desconec,2,1.2728
entarimat,2,1.2728
prohibits,2,1.2728
caçadora,2,1.2728
portarà,2,1.2728
criticada,2,1.2728
decidisquen,2,1.2728
guarde,2,1.2728
pugues,2,1.2728
adverbialment,2,1.2728
barbaritat,2,1.2728
pujàrem,2,1.2728
bolonyesa,2,1.2728
començaré,2,1.2728
armar,2,1.2728
locativa,2,1.2728
direccionals,2,1.2728
veronica,2,1.2728
corria,2,1.2728
reembossament,2,1.2728
celebràrem,2,1.2728
estereotipats,2,1.2728
nerviós,2,1.2728
enviaré,2,1.2728
prevalença,2,1.2728
centígrada,2,1.2728
sofà,2,1.2728
amenaçar,2,1.2728
còctel,2,1.2728
repetint,2,1.2728
matisacions,2,1.2728
finançades,2,1.2728
callat,2,1.2728
invocant,2,1.2728
intencionats,2,1.2728
examinands,2,1.2728
declarara,2,1.2728
inundar,2,1.2728
coincidim,2,1.2728
perjudiquem,2,1.2728
reestructurar,2,1.2728
coordinant,2,1.2728
adverbialitzats,2,1.2728
veracitat,2,1.2728
clucs,2,1.2728
palpons,2,1.2728
ometent,2,1.2728
granel,2,1.2728
engròs,2,1.2728
fresqueta,2,1.2728
sabíem,2,1.2728
segonament,2,1.2728
esclafir,2,1.2728
arrancà,2,1.2728
elxans,2,1.2728
licitans,2,1.2728
encapçale,2,1.2728
confiava,2,1.2728
dirigisquen,2,1.2728
vingueres,2,1.2728
moderat,2,1.2728
prengues,2,1.2728
oooh,2,1.2728
uei,2,1.2728
carai,2,1.2728
preciositat,2,1.2728
collons,2,1.2728
buf,2,1.2728
calleu,2,1.2728
mutis,2,1.2728
arre,2,1.2728
prec,2,1.2728
let,2,1.2728
despistat,2,1.2728
torns,2,1.2728
mix,2,1.2728
pull,2,1.2728
tita,2,1.2728
cotx,2,1.2728
guc,2,1.2728
qüec,2,1.2728
cloc,2,1.2728
mec,2,1.2728
rum,2,1.2728
paf,2,1.2728
flist,2,1.2728
flast,2,1.2728
bufetades,2,1.2728
gluc,2,1.2728
pum,2,1.2728
xap,2,1.2728
inspirats,2,1.2728
corregint,2,1.2728
inspiraren,2,1.2728
ocorria,2,1.2728
mèus,2,1.2728
repèl,2,1.2728
líric,2,1.2728
actuaran,2,1.2728
epistolaris,2,1.2728
narcisa,2,1.2728
professar,2,1.2728
edifica,2,1.2728
vicedeganat,2,1.2728
ict,2,1.2728
posicionar,2,1.2728
moret,2,1.2728
sanuy,2,1.2728
zurrón,2,1.2728
gavino,2,1.2728
casellas,2,1.2728
trajectòries,2,1.2728
sistematitza,2,1.2728
georeferenciada,2,1.2728
exdirector,2,1.2728
virolla,2,1.2728
ĕntĭa,2,1.2728
desmunta,2,1.2728
conservadorisme,2,1.2728
incardina,2,1.2728
fomente,2,1.2728
intromissió,2,1.2728
raonar,2,1.2728
promoga,2,1.2728
acudit,2,1.2728
formalitzat,2,1.2728
frontal,2,1.2728
reobrir,2,1.2728
programant,2,1.2728
refermat,2,1.2728
retallades,2,1.2728
faculta,2,1.2728
pariren,2,1.2728
room,2,1.2728
excadèmica,2,1.2728
aplaudit,2,1.2728
aposte,2,1.2728
complirà,2,1.2728
impossibiliten,2,1.2728
vulnerant,2,1.2728
adjacents,2,1.2728
inesborrable,2,1.2728
femenia,2,1.2728
pocklington,2,1.2728
finalitzaran,2,1.2728
pausada,2,1.2728
panell,2,1.2728
lineals,2,1.2728
vehicula,2,1.2728
olvidada,2,1.2728
soterrada,2,1.2728
digitalitzades,2,1.2728
revisions,2,1.2728
vitrines,2,1.2728
exportador,2,1.2728
hortofructícola,2,1.2728
inés,2,1.2728
motivà,2,1.2728
estudiara,2,1.2728
naixerien,2,1.2728
implicà,2,1.2728
estronca,2,1.2728
couria,2,1.2728
empitjorava,2,1.2728
locat,2,1.2728
adrián,2,1.2728
lletraferida,2,1.2728
esborranys,2,1.2728
estellesians,2,1.2728
repetides,2,1.2728
informants,2,1.2728
representarà,2,1.2728
sentirà,2,1.2728
cultureta,2,1.2728
goya,2,1.2728
literaturitzar,2,1.2728
neuràlgic,2,1.2728
emmarcada,2,1.2728
periode,2,1.2728
patrícia,2,1.2728
agradaran,2,1.2728
psiquiàtric,2,1.2728
dirimint,2,1.2728
regants,2,1.2728
agermanada,2,1.2728
llanos,2,1.2728
beniardá,2,1.2728
presencial,2,1.2728
aguirre,2,1.2728
tur,2,1.2728
hernando,2,1.2728
explicaran,2,1.2728
afectaren,2,1.2728
compartirà,2,1.2728
clourà,2,1.2728
chabás,2,1.2728
félix,2,1.2728
adiós,2,1.2728
sabio,2,1.2728
metamorfosis,2,1.2728
julián,2,1.2728
virgilio,2,1.2728
poético,2,1.2728
colectivo,2,1.2728
orozco,2,1.2728
bv,2,1.2728
calç,2,1.2728
partidistes,2,1.2728
allargassat,2,1.2728
catacumba,2,1.2728
escandinàvia,2,1.2728
buchaca,2,1.2728
narradora,2,1.2728
convidades,2,1.2728
catalina,2,1.2728
contents,2,1.2728
raona,2,1.2728
lliuraran,2,1.2728
antón,2,1.2728
cueva,2,1.2728
improcedent,2,1.2728
arquitectònic,2,1.2728
alcarràs,2,1.2728
carla,2,1.2728
realitzava,2,1.2728
trilogia,2,1.2728
inspirades,2,1.2728
elisa,2,1.2728
desarrelament,2,1.2728
pintora,2,1.2728
escenificar,2,1.2728
documentarà,2,1.2728
ressenyarà,2,1.2728
susa,2,1.2728
juárez,2,1.2728
fran,2,1.2728
narrarà,2,1.2728
editarà,2,1.2728
facsímils,2,1.2728
autoexcloure,2,1.2728
bonnemaison,2,1.2728
leveroni,2,1.2728
frederica,2,1.2728
montseny,2,1.2728
murià,2,1.2728
pàmies,2,1.2728
rodoreda,2,1.2728
rebull,2,1.2728
xirgu,2,1.2728
duresa,2,1.2728
activar,2,1.2728
ifor,2,1.2728
gruffydd,2,1.2728
permanents,2,1.2728
llinares,2,1.2728
esyllt,2,1.2728
lawrence,2,1.2728
inscriga,2,1.2728
míriam,2,1.2728
jugadora,2,1.2728
cpv,2,1.2728
pensadora,2,1.2728
pampló,2,1.2728
confegit,2,1.2728
arraix,2,1.2728
almadravera,2,1.2728
llagostí,2,1.2728
anxoves,2,1.2728
cuinats,2,1.2728
esperonar,2,1.2728
suporten,2,1.2728
pastorets,2,1.2728
comparsa,2,1.2728
prologuista,2,1.2728
medievalista,2,1.2728
alcón,2,1.2728
cooperat,2,1.2728
administradora,2,1.2728
erudita,2,1.2728
mecanografiat,2,1.2728
afanys,2,1.2728
legories,2,1.2728
manzanaro,2,1.2728
cuirassada,2,1.2728
testamentari,2,1.2728
unirà,2,1.2728
inconformista,2,1.2728
noguero,2,1.2728
aborde,2,1.2728
escapada,2,1.2728
encoratjat,2,1.2728
lúcida,2,1.2728
equipara,2,1.2728
pensadors,2,1.2728
traductores,2,1.2728
ambaixadora,2,1.2728
commemoratives,2,1.2728
giralt,2,1.2728
defensant,2,1.2728
alegría,2,1.2728
mantindria,2,1.2728
anuncien,2,1.2728
medievalistes,2,1.2728
catedràtics,2,1.2728
eixamplen,2,1.2728
reafirma,2,1.2728
divulgadors,2,1.2728
benijòfar,2,1.2728
benijòfer,2,1.2728
acomiadat,2,1.2728
liceu,2,1.2728
vinatea,2,1.2728
interactius,2,1.2728
batlle,2,1.2728
espeleologia,2,1.2728
street,2,1.2728
maps,2,1.2728
perpuxent,2,1.2728
app,2,1.2728
talassonímia,2,1.2728
camuflades,2,1.2728
silent,2,1.2728
benvingut,2,1.2728
solatge,2,1.2728
corporalitat,2,1.2728
provocació,2,1.2728
assaborir,2,1.2728
fusterianes,2,1.2728
gaudiran,2,1.2728
tpv,2,1.2728
mic,2,1.2728
peor,2,1.2728
sorneguer,2,1.2728
interessaven,2,1.2728
turistificació,2,1.2728
referisc,2,1.2728
prologat,2,1.2728
prescriptors,2,1.2728
alorda,2,1.2728
guitart,2,1.2728
obtenim,2,1.2728
preguntarem,2,1.2728
icones,2,1.2728
expresse,2,1.2728
insistisc,2,1.2728
reivindicada,2,1.2728
buscarà,2,1.2728
eneas,2,1.2728
burlat,2,1.2728
lelio,2,1.2728
fabrizio,2,1.2728
anhela,2,1.2728
pippo,2,1.2728
gelosies,2,1.2728
advocacia,2,1.2728
coneixença,2,1.2728
licitants,2,1.2728
sofratge,2,1.2728
apassionar,2,1.2728
glossar,2,1.2728
patriota,2,1.2728
digitalitzat,2,1.2728
anfós,2,1.2728
zurriaga,2,1.2728
atorgaren,2,1.2728
acostarà,2,1.2728
versificadors,2,1.2728
felibritge,2,1.2728
desusat,2,1.2728
llauradores,2,1.2728
profesor,2,1.2728
pròixita,2,1.2728
exclosa,2,1.2728
esdevinguda,2,1.2728
validar,2,1.2728
recolzat,2,1.2728
apareguts,2,1.2728
closes,2,1.2728
definirà,2,1.2728
joandomènec,2,1.2728
reculla,2,1.2728
carlo,2,1.2728
sendra,2,1.2728
billena,2,1.2728
autògrafes,2,1.2728
serves,2,1.2728
dialogant,2,1.2728
negociadora,2,1.2728
vannes,2,1.2728
cristall,2,1.2728
sàtira,2,1.2728
castellione,2,1.2728
sermonaris,2,1.2728
palacios,2,1.2728
gutiérrez,2,1.2728
leandro,2,1.2728
precursor,2,1.2728
narbona,2,1.2728
amadeo,2,1.2728
canadenca,2,1.2728
romancer,2,1.2728
produïren,2,1.2728
freinet,2,1.2728
coorganitzadora,2,1.2728
cappepv,2,1.2728
murmuris,2,1.2728
policentrisme,2,1.2728
eme,2,1.2728
inclusives,2,1.2728
destinatàries,2,1.2728
atendrà,2,1.2728
itinerància,2,1.2728
paleogràfica,2,1.2728
reeditarà,2,1.2728
imprimirà,2,1.2728
retallable,2,1.2728
díptic,2,1.2728
iconogràfic,2,1.2728
repoblament,2,1.2728
arturo,2,1.2728
judit,2,1.2728
segó,2,1.2728
versat,2,1.2728
electa,2,1.2728
jagellònica,2,1.2728
potsdam,2,1.2728
reequilibrador,2,1.2728
aranesa,2,1.2728
loís,2,1.2728
aranés,2,1.2728
compilació,2,1.2728
assagística,2,1.2728
navas,2,1.2728
destinarà,2,1.2728
ratificaren,2,1.2728
placidas,2,1.2728
excipit,2,1.2728
musas,2,1.2728
hospitio,2,1.2728
libens,2,1.2728
phoebo,2,1.2728
davalus,2,1.2728
hospite,2,1.2728
laetatur,2,1.2728
studium,2,1.2728
rúbriques,2,1.2728
çeda,2,1.2728
codicòlegs,2,1.2728
delectança,2,1.2728
condueix,2,1.2728
irreparables,2,1.2728
interpretable,2,1.2728
holística,2,1.2728
citem,2,1.2728
datar,2,1.2728
grifoll,2,1.2728
rastreig,2,1.2728
fs,2,1.2728
supervisat,2,1.2728
briquet,2,1.2728
desencaminat,2,1.2728
legoricopolítica,2,1.2728
conradí,2,1.2728
supeditació,2,1.2728
exhaustius,2,1.2728
desfila,2,1.2728
avantpassat,2,1.2728
requeia,2,1.2728
dinàstica,2,1.2728
lancaster,2,1.2728
renat,2,1.2728
toisó,2,1.2728
estola,2,1.2728
mossenyor,2,1.2728
anthoine,2,1.2728
monsieur,2,1.2728
enviava,2,1.2728
vassallatge,2,1.2728
milanesos,2,1.2728
sforza,2,1.2728
connacionals,2,1.2728
idiolecte,2,1.2728
italianismes,2,1.2728
wittlin,2,1.2728
musso,2,1.2728
idiomàtics,2,1.2728
llombards,2,1.2728
dà,2,1.2728
föra,2,1.2728
rohlfs,2,1.2728
fér,2,1.2728
saltà,2,1.2728
cercà,2,1.2728
esfuerza,2,1.2728
delaten,2,1.2728
tirades,2,1.2728
pfister,2,1.2728
schweickard,2,1.2728
aristocràtic,2,1.2728
camarlench,2,1.2728
grandi,2,1.2728
baroni,2,1.2728
catalanòfona,2,1.2728
dellà,2,1.2728
cascun,2,1.2728
hage,2,1.2728
pietro,2,1.2728
buonaccorso,2,1.2728
cortigiano,2,1.2728
reverenda,2,1.2728
stima,2,1.2728
philòsofs,2,1.2728
oradors,2,1.2728
quattrocento,2,1.2728
trobadoresc,2,1.2728
gòtica,2,1.2728
autobiogràfiques,2,1.2728
secretum,2,1.2728
confidencial,2,1.2728
ecos,2,1.2728
villasandino,2,1.2728
breviari,2,1.2728
novellino,2,1.2728
tristany,2,1.2728
sanglier,2,1.2728
babbi,2,1.2728
chevalier,2,1.2728
saluzzo,2,1.2728
monferrato,2,1.2728
catholicon,2,1.2728
milaneses,2,1.2728
balbi,2,1.2728
pedralli,2,1.2728
explorat,2,1.2728
ironitza,2,1.2728
guido,2,1.2728
troianes,2,1.2728
best,2,1.2728
seller,2,1.2728
filocolo,2,1.2728
stocchi,2,1.2728
familiares,2,1.2728
florentins,2,1.2728
proemi,2,1.2728
amore,2,1.2728
corfiati,2,1.2728
studiis,2,1.2728
litteris,2,1.2728
peritia,2,1.2728
pagat,2,1.2728
perita,2,1.2728
fabula,2,1.2728
bruniana,2,1.2728
quorum,2,1.2728
excellent,2,1.2728
eos,2,1.2728
claros,2,1.2728
poletti,2,1.2728
volgarizzamento,2,1.2728
angelo,2,1.2728
teognis,2,1.2728
borso,2,1.2728
invite,2,1.2728
quanto,2,1.2728
llucià,2,1.2728
honori,2,1.2728
regeneradora,2,1.2728
macrobi,2,1.2728
influxos,2,1.2728
ajudaria,2,1.2728
petges,2,1.2728
metòdic,2,1.2728
confidents,2,1.2728
nòtules,2,1.2728
lactanci,2,1.2728
quintilià,2,1.2728
lusti,2,1.2728
livi,2,1.2728
properci,2,1.2728
apuleu,2,1.2728
beccadelli,2,1.2728
ferrarés,2,1.2728
saburgada,2,1.2728
connectaven,2,1.2728
añón,2,1.2728
davalos,2,1.2728
reame,2,1.2728
egli,2,1.2728
lui,2,1.2728
possono,2,1.2728
dal,2,1.2728
onoratamente,2,1.2728
erano,2,1.2728
grazia,2,1.2728
dalla,2,1.2728
furono,2,1.2728
allevati,2,1.2728
piccoli,2,1.2728
franciugli,2,1.2728
grandissima,2,1.2728
ricetto,2,1.2728
infra,2,1.2728
comune,2,1.2728
sanza,2,1.2728
belli,2,1.2728
iscrittori,2,1.2728
grado,2,1.2728
condizioni,2,1.2728
universalmente,2,1.2728
amò,2,1.2728
dotti,2,1.2728
loro,2,1.2728
exercitò,2,1.2728
questa,2,1.2728
laudabili,2,1.2728
quali,2,1.2728
lunga,2,1.2728
figliuoli,2,1.2728
perit,2,1.2728
qualità,2,1.2728
desapercebuts,2,1.2728
colapietra,2,1.2728
ponzù,2,1.2728
schadee,2,1.2728
rubín,2,1.2728
meteòric,2,1.2728
obligà,2,1.2728
mí,2,1.2728
enyegos,2,1.2728
patges,2,1.2728
armanyac,2,1.2728
monbrun,2,1.2728
chastell,2,1.2728
chastel,2,1.2728
borgofranco,2,1.2728
pontestura,2,1.2728
cedia,2,1.2728
lígraf,2,1.2728
ambrogio,2,1.2728
scarile,2,1.2728
library,2,1.2728
zaggia,2,1.2728
seguici,2,1.2728
convivia,2,1.2728
gionta,2,1.2728
veterà,2,1.2728
ajudà,2,1.2728
verona,2,1.2728
balzo,2,1.2728
ávalos,2,1.2728
serio,2,1.2728
borgo,2,1.2728
rampant,2,1.2728
abdues,2,1.2728
marquesos,2,1.2728
pescara,2,1.2728
controlava,2,1.2728
genovès,2,1.2728
lígur,2,1.2728
junyent,2,1.2728
archer,2,1.2728
posseí,2,1.2728
heretà,2,1.2728
aurell,2,1.2728
aurenja,2,1.2728
contactar,2,1.2728
guiscart,2,1.2728
guismunda,2,1.2728
presumible,2,1.2728
davaliana,2,1.2728
burley,2,1.2728
venut,2,1.2728
loise,2,1.2728
avançà,2,1.2728
conquerir,2,1.2728
llorers,2,1.2728
vinyes,2,1.2728
catalanismes,2,1.2728
veterinària,2,1.2728
falcons,2,1.2728
lupis,2,1.2728
borgonyons,2,1.2728
folc,2,1.2728
cobreix,2,1.2728
patge,2,1.2728
curiale,2,1.2728
capitania,2,1.2728
ricament,2,1.2728
primogènita,2,1.2728
comptem,2,1.2728
incipit,2,1.2728
bernard,2,1.2728
senatore,2,1.2728
greco,2,1.2728
dàvalos,2,1.2728
vengut,2,1.2728
catalanòfon,2,1.2728
pontieri,2,1.2728
falconeria,2,1.2728
fortissimi,2,1.2728
influssi,2,1.2728
anche,2,1.2728
venetz,2,1.2728
castagna,2,1.2728
romanzi,2,1.2728
toledans,2,1.2728
fuensalida,2,1.2728
romàs,2,1.2728
defora,2,1.2728
reveladora,2,1.2728
tangencials,2,1.2728
benjamin,2,1.2728
atti,2,1.2728
medioevo,2,1.2728
romanzo,2,1.2728
scripta,2,1.2728
anónimo,2,1.2728
raffaele,2,1.2728
topografia,2,1.2728
annali,2,1.2728
sezione,2,1.2728
romanza,2,1.2728
recherches,2,1.2728
metodològiques,2,1.2728
deusto,2,1.2728
tradizione,2,1.2728
repubblica,2,1.2728
platone,2,1.2728
venezia,2,1.2728
sònia,2,1.2728
clásica,2,1.2728
lizondo,2,1.2728
firenze,2,1.2728
dispacci,2,1.2728
sforzeschi,2,1.2728
luglio,2,1.2728
filosofici,2,1.2728
carlone,2,1.2728
interpres,2,1.2728
quattrocenteschi,2,1.2728
editrice,2,1.2728
humanistas,2,1.2728
plaja,2,1.2728
avatares,2,1.2728
haro,2,1.2728
congresso,2,1.2728
aragona,2,1.2728
settembre,2,1.2728
magnanimo,2,1.2728
politico,2,1.2728
medievales,2,1.2728
internazionale,2,1.2728
wheeler,2,1.2728
philadelphia,2,1.2728
modèlic,2,1.2728
chamberlain,2,1.2728
magnanimous,2,1.2728
milan,2,1.2728
observes,2,1.2728
chivalric,2,1.2728
title,2,1.2728
faculten,2,1.2728
meritoris,2,1.2728
schola,2,1.2728
liana,2,1.2728
anthony,2,1.2728
lianes,2,1.2728
vetlen,2,1.2728
comprometeren,2,1.2728
materialitzà,2,1.2728
incloguen,2,1.2728
coetània,2,1.2728
mimetisme,2,1.2728
innombrables,2,1.2728
lià,2,1.2728
influirà,2,1.2728
validat,2,1.2728
duem,2,1.2728
assetjada,2,1.2728
esperançat,2,1.2728
supramunicipal,2,1.2728
reiterava,2,1.2728
dilació,2,1.2728
extensiu,2,1.2728
degudament,2,1.2728
terrorista,2,1.2728
contribuiran,2,1.2728
animant,2,1.2728
clarisses,2,1.2728
normalitzant,2,1.2728
esplendorós,2,1.2728
ibèric,2,1.2728
perdurabilitat,2,1.2728
optaven,2,1.2728
demostrada,2,1.2728
santamaría,2,1.2728
enumerat,2,1.2728
santamaria,2,1.2728
estudiarà,2,1.2728
gasco,2,1.2728
contribuiré,2,1.2728
repoblades,2,1.2728
envío,2,1.2728
científico,2,1.2728
pòster,2,1.2728
escribà,2,1.2728
mètriques,2,1.2728
cataractes,2,1.2728
discretament,2,1.2728
cuento,2,1.2728
fissures,2,1.2728
esporàdiques,2,1.2728
destructives,2,1.2728
colección,2,1.2728
conversación,2,1.2728
inmoral,2,1.2728
rozan,2,1.2728
permitir,2,1.2728
misteriosa,2,1.2728
incite,2,1.2728
esponeroses,2,1.2728
mitges,2,1.2728
turmell,2,1.2728
trepitjava,2,1.2728
florien,2,1.2728
papallones,2,1.2728
sobren,2,1.2728
semblà,2,1.2728
enèrgic,2,1.2728
neguiteja,2,1.2728
sueños,2,1.2728
bevia,2,1.2728
cgt,2,1.2728
preferia,2,1.2728
ofega,2,1.2728
vermut,2,1.2728
sumaren,2,1.2728
sobtar,2,1.2728
incomodava,2,1.2728
seia,2,1.2728
capvespre,2,1.2728
jonc,2,1.2728
bellugava,2,1.2728
allunyava,2,1.2728
faldons,2,1.2728
suporte,2,1.2728
molestar,2,1.2728
llargarut,2,1.2728
presidia,2,1.2728
lleixa,2,1.2728
joguina,2,1.2728
avaluava,2,1.2728
instantàniament,2,1.2728
pogués,2,1.2728
notat,2,1.2728
coixins,2,1.2728
prem,2,1.2728
clou,2,1.2728
atònita,2,1.2728
callen,2,1.2728
gallet,2,1.2728
estaràs,2,1.2728
tremolosa,2,1.2728
arrecerar,2,1.2728
encarava,2,1.2728
interromput,2,1.2728
preparà,2,1.2728
andana,2,1.2728
severitat,2,1.2728
amparito,2,1.2728
golfes,2,1.2728
espígol,2,1.2728
arnes,2,1.2728
papà,2,1.2728
mamá,2,1.2728
arrapats,2,1.2728
escanyolit,2,1.2728
ullets,2,1.2728
dringar,2,1.2728
corbs,2,1.2728
martells,2,1.2728
cadireta,2,1.2728
grisós,2,1.2728
torcada,2,1.2728
entaforà,2,1.2728
entremaliat,2,1.2728
apressà,2,1.2728
gaidó,2,1.2728
assajava,2,1.2728
sonà,2,1.2728
inquiets,2,1.2728
calien,2,1.2728
gerra,2,1.2728
amenaçador,2,1.2728
envermellits,2,1.2728
ferint,2,1.2728
foscúria,2,1.2728
lusiva,2,1.2728
regat,2,1.2728
calabós,2,1.2728
guants,2,1.2728
escaients,2,1.2728
infermera,2,1.2728
enèrgica,2,1.2728
disculpa,2,1.2728
joveneta,2,1.2728
veterana,2,1.2728
destronada,2,1.2728
emmarcats,2,1.2728
precipitat,2,1.2728
musell,2,1.2728
hostatgera,2,1.2728
discretes,2,1.2728
cuir,2,1.2728
taxidermista,2,1.2728
plantejant,2,1.2728
apaga,2,1.2728
rostit,2,1.2728
volies,2,1.2728
berkeley,2,1.2728
bosquet,2,1.2728
habitacle,2,1.2728
desfet,2,1.2728
revisa,2,1.2728
costumisme,2,1.2728
redefinir,2,1.2728
menu,2,1.2728
email,2,1.2728
butletí,2,1.2728
mostrari,2,1.2728
gamon,2,1.2728
cronològics,2,1.2728
solts,2,1.2728
descarregable,2,1.2728
escindit,2,1.2728
ccduti,2,1.2728
fundadores,2,1.2728
monti,2,1.2728
multidisciplinarity,2,1.2728
orero,2,1.2728
improbus,2,1.2728
vincit,2,1.2728
fortuño,2,1.2728
classiques,2,1.2728
collection,2,1.2728
translatio,2,1.2728
rouz,2,1.2728
liaisons,2,1.2728
avantageuses,2,1.2728
traducteurs,2,1.2728
sororidad,2,1.2728
sindéresis,2,1.2728
communicative,2,1.2728
norway,2,1.2728
chabert,2,1.2728
traductología,2,1.2728
mirage,2,1.2728
myths,2,1.2728
prejudices,2,1.2728
realities,2,1.2728
cervantisme,2,1.2728
norms,2,1.2728
cvmc,2,1.2728
materialitzats,2,1.2728
originalíssima,2,1.2728
lluïda,2,1.2728
conservem,2,1.2728
contractuals,2,1.2728
ien,2,1.2728
expiren,2,1.2728
personalització,2,1.2728
laran,2,1.2728
analytics,2,1.2728
subdominis,2,1.2728
kb,2,1.2728
deshabilitar,2,1.2728
explorer,2,1.2728
safari,2,1.2728
originen,2,1.2728
procura,2,1.2728
celeritat,2,1.2728
valida,2,1.2728
enunciatiu,2,1.2728
contravindre,2,1.2728
declaradament,2,1.2728
desconnexions,2,1.2728
retarden,2,1.2728
bloquejos,2,1.2728
imputables,2,1.2728
reutilització,2,1.2728
valencienne,2,1.2728
pays,2,1.2728
beniaia,2,1.2728
ste,2,1.2728
analògic,2,1.2728
llicencià,2,1.2728
implicaciones,2,1.2728
históricas,2,1.2728
sorní,2,1.2728
consiliari,2,1.2728
señora,2,1.2728
cruzada,2,1.2728
biográfico,2,1.2728
enfrentamiento,2,1.2728
milán,2,1.2728
frustrado,2,1.2728
papas,2,1.2728
reliquias,2,1.2728
tardomedieval,2,1.2728
registradas,2,1.2728
católica,2,1.2728
escrivá,2,1.2728
jesuïtes,2,1.2728
bowling,2,1.2728
costaners,2,1.2728
crónicas,2,1.2728
perdidas,2,1.2728
destino,2,1.2728
dario,2,1.2728
tesina,2,1.2728
hispanic,2,1.2728
wales,2,1.2728
lecturer,2,1.2728
automatitzada,2,1.2728
santander,2,1.2728
vargas,2,1.2728
speculum,2,1.2728
award,2,1.2728
gb,2,1.2728
philologica,2,1.2728
ciclisme,2,1.2728
reelegida,2,1.2728
automática,2,1.2728
verbales,2,1.2728
mogorrón,2,1.2728
neoxoc,2,1.2728
lxxx,2,1.2728
románica,2,1.2728
derzet,2,1.2728
dagó,2,1.2728
ternura,2,1.2728
forest,2,1.2728
arana,2,1.2728
estandarditzada,2,1.2728
estrenades,2,1.2728
existencialista,2,1.2728
caronte,2,1.2728
cubil,2,1.2728
bruño,2,1.2728
duque,2,1.2728
petrolio,2,1.2728
retorno,2,1.2728
excedent,2,1.2728
sucesión,2,1.2728
gebalcobra,2,1.2728
repertorio,2,1.2728
asamblea,2,1.2728
cronistas,2,1.2728
cartografía,2,1.2728
monte,2,1.2728
piedad,2,1.2728
cuarte,2,1.2728
invasión,2,1.2728
napoleónica,2,1.2728
florones,2,1.2728
señorío,2,1.2728
valldignense,2,1.2728
hermenegildo,2,1.2728
constancia,2,1.2728
premiada,2,1.2728
croniste,2,1.2728
bibliográfico,2,1.2728
caserna,2,1.2728
inabastable,2,1.2728
constructor,2,1.2728
deshora,2,1.2728
arraconant,2,1.2728
contenint,2,1.2728
adonava,2,1.2728
subsecretària,2,1.2728
morlà,2,1.2728
vercher,2,1.2728
nombrosíssimes,2,1.2728
almanaque,2,1.2728
asensio,2,1.2728
icardo,2,1.2728
comedia,2,1.2728
angel,2,1.2728
lindes,2,1.2728
andalusa,2,1.2728
gaos,2,1.2728
fierro,2,1.2728
paradoja,2,1.2728
filipe,2,1.2728
escénicas,2,1.2728
clásicos,2,1.2728
ilusión,2,1.2728
milenio,2,1.2728
verbo,2,1.2728
encargo,2,1.2728
exilio,2,1.2728
annual,2,1.2728
writers,2,1.2728
tula,2,1.2728
mediterranean,2,1.2728
paisaje,2,1.2728
shore,2,1.2728
arquitectes,2,1.2728
cajasur,2,1.2728
verdadero,2,1.2728
celeste,2,1.2728
segovia,2,1.2728
corrientes,2,1.2728
protonotari,2,1.2728
sacerdotal,2,1.2728
acostava,2,1.2728
castellanista,2,1.2728
latinas,2,1.2728
salvà,2,1.2728
comparades,2,1.2728
hispánica,2,1.2728
vicesecretari,2,1.2728
apuntes,2,1.2728
esglesia,2,1.2728
romeries,2,1.2728
bofill,2,1.2728
uem,2,1.2728
eslovena,2,1.2728
gorica,2,1.2728
islands,2,1.2728
britàniques,2,1.2728
universität,2,1.2728
jerarquía,2,1.2728
praxis,2,1.2728
osmosi,2,1.2728
manifestation,2,1.2728
zeitschrift,2,1.2728
coincidencias,2,1.2728
divergencias,2,1.2728
hispánicos,2,1.2728
sm,2,1.2728
impotència,2,1.2728
indivisible,2,1.2728
lleopard,2,1.2728
televisives,2,1.2728
aiguadolç,2,1.2728
exilios,2,1.2728
ortoèpia,2,1.2728
szeged,2,1.2728
inferència,2,1.2728
jaquir,2,1.2728
tàndems,2,1.2728
escandell,2,1.2728
diachronic,2,1.2728
application,2,1.2728
construction,2,1.2728
grammar,2,1.2728
solutions,2,1.2728
genérico,2,1.2728
manía,2,1.2728
princeton,2,1.2728
xafardejar,2,1.2728
farigola,2,1.2728
bruc,2,1.2728
catalanesc,2,1.2728
blending,2,1.2728
diacronia,2,1.2728
reprise,2,1.2728
old,2,1.2728
siècle,2,1.2728
reportatiu,2,1.2728
cognició,2,1.2728
lexicon,2,1.2728
table,2,1.2728
prototipus,2,1.2728
avaluadora,2,1.2728
elua,2,1.2728
marcadores,2,1.2728
markers,2,1.2728
pragmatics,2,1.2728
evaluation,2,1.2728
atlantis,2,1.2728
herman,2,1.2728
melville,2,1.2728
rankine,2,1.2728
gordon,2,1.2728
nephtalí,2,1.2728
fuego,2,1.2728
balandra,2,1.2728
scholar,2,1.2728
cecs,2,1.2728
pao,2,1.2728
bambolines,2,1.2728
deberíamos,2,1.2728
habernos,2,1.2728
poefesta,2,1.2728
certidumbre,2,1.2728
godall,2,1.2728
retos,2,1.2728
literarias,2,1.2728
basado,2,1.2728
uvic,2,1.2728
poésie,2,1.2728
understanding,2,1.2728
perspective,2,1.2728
construcción,2,1.2728
mentalitats,2,1.2728
escritors,2,1.2728
escritor,2,1.2728
video,2,1.2728
àlaba,2,1.2728
biscaia,2,1.2728
cáceres,2,1.2728
córdova,2,1.2728
guipúscoa,2,1.2728
màlaga,2,1.2728
segòvia,2,1.2728
initiative,2,1.2728
ubicaven,2,1.2728
expulsen,2,1.2728
mendizábal,2,1.2728
promulgue,2,1.2728
regisca,2,1.2728
assumirà,2,1.2728
resolgueren,2,1.2728
acuerdan,2,1.2728
vigirà,2,1.2728
olivas,2,1.2728
boluda,2,1.2728
albinyana,2,1.2728
aurelià,2,1.2728
lairón,2,1.2728
beniflà,2,1.2728
bayo,2,1.2728
sidro,2,1.2728
forés,2,1.2728
ribés,2,1.2728
muria,2,1.2728
eloïna,2,1.2728
selfa,2,1.2728
galdón,2,1.2728
aurora,2,1.2728
esquerdo,2,1.2728
facund,2,1.2728
candel,2,1.2728
sobrino,2,1.2728
estall,2,1.2728
baviera,2,1.2728
nàutic,2,1.2728
ferreteria,2,1.2728
carnisseria,2,1.2728
camarasa,2,1.2728
llavata,2,1.2728
saborit,2,1.2728
callado,2,1.2728
concha,2,1.2728
ferragut,2,1.2728
cançoneret,2,1.2728
redondo,2,1.2728
peraire,2,1.2728
zahinos,2,1.2728
cançonetes,2,1.2728
gaudisca,2,1.2728
romboidal,2,1.2728
trapezoidal,2,1.2728
xifoidal,2,1.2728
sucamulla,2,1.2728
bilateralment,2,1.2728
erradicatiu,2,1.2728
raqui,2,1.2728
reo,2,1.2728
riz,2,1.2728
rodo,2,1.2728
vessament,2,1.2728
hemorroide,2,1.2728
aglutinat,2,1.2728
exvicepresident,2,1.2728
avortament,2,1.2728
vitro,2,1.2728
jondo,2,1.2728
detonants,2,1.2728
discrecionalment,2,1.2728
dispositiva,2,1.2728
firmaven,2,1.2728
constituiren,2,1.2728
cobrisquen,2,1.2728
parlamentàriament,2,1.2728
reelegits,2,1.2728
determinaran,2,1.2728
cessaran,2,1.2728
contemplat,2,1.2728
dietes,2,1.2728
indemnitzacions,2,1.2728
foliat,2,1.2728
visat,2,1.2728
discrepen,2,1.2728
consignacions,2,1.2728
cedits,2,1.2728
obtinga,2,1.2728
subvenciones,2,1.2728
llegats,2,1.2728
entrarà,2,1.2728
licitats,2,1.2728
comparéixer,2,1.2728
raonaments,2,1.2728
extracte,2,1.2728
demanades,2,1.2728
esterilitat,2,1.2728
signen,2,1.2728
inspirarà,2,1.2728
menyscapte,2,1.2728
confluïx,2,1.2728
votaran,2,1.2728
resultaran,2,1.2728
aconseguisquen,2,1.2728
empatats,2,1.2728
especificats,2,1.2728
elegides,2,1.2728
compatibilitat,2,1.2728
autoritzarà,2,1.2728
substituïsquen,2,1.2728
cessarà,2,1.2728
ordinàriament,2,1.2728
encomanats,2,1.2728
vetlaran,2,1.2728
convocant,2,1.2728
comptaran,2,1.2728
presidirà,2,1.2728
estimara,2,1.2728
aprovaran,2,1.2728
decidirà,2,1.2728
desenrotllarà,2,1.2728
déw,2,1.2728
ké,2,1.2728
ke,2,1.2728
legisle,2,1.2728
antecedix,2,1.2728
pròsper,2,1.2728
recurrència,2,1.2728
romanística,2,1.2728
assolí,2,1.2728
sincrètiques,2,1.2728
centralista,2,1.2728
policèntrica,2,1.2728
canònics,2,1.2728
particularisme,2,1.2728
homologuen,2,1.2728
homologable,2,1.2728
dicionário,2,1.2728
uma,2,1.2728
língua,2,1.2728
rede,2,1.2728
isso,2,1.2728
expresamente,2,1.2728
considerarse,2,1.2728
afectado,2,1.2728
crystal,2,1.2728
blackwell,2,1.2728
relationships,2,1.2728
characterised,2,1.2728
grammatical,2,1.2728
linguisticos,2,1.2728
definidors,2,1.2728
màximo,2,1.2728
vulgada,2,1.2728
jatssessia,2,1.2728
larch,2,1.2728
trelladada,2,1.2728
callada,2,1.2728
vulgare,2,1.2728
arromançar,2,1.2728
fueros,2,1.2728
deste,2,1.2728
traduzca,2,1.2728
bertran,2,1.2728
vio,2,1.2728
entendían,2,1.2728
estimació,2,1.2728
fillol,2,1.2728
entengueren,2,1.2728
miro,2,1.2728
geografía,2,1.2728
mencionadas,2,1.2728
décima,2,1.2728
brusola,2,1.2728
barcelonina,2,1.2728
aplegades,2,1.2728
cancionero,2,1.2728
alabança,2,1.2728
recibido,2,1.2728
suave,2,1.2728
modernos,2,1.2728
romanos,2,1.2728
valensiá,2,1.2728
dejemos,2,1.2728
nosostros,2,1.2728
seguimos,2,1.2728
dándole,2,1.2728
rechazar,2,1.2728
adjetivo,2,1.2728
sustituirle,2,1.2728
denigrante,2,1.2728
asimilación,2,1.2728
sometámonos,2,1.2728
llamaremos,2,1.2728
matriz,2,1.2728
admitirán,2,1.2728
repugnarles,2,1.2728
supremacía,2,1.2728
atribuyen,2,1.2728
confunda,2,1.2728
suyo,2,1.2728
traduit,2,1.2728
caído,2,1.2728
bigné,2,1.2728
replega,2,1.2728
havera,2,1.2728
segut,2,1.2728
glosario,2,1.2728
castellanas,2,1.2728
memorias,2,1.2728
usado,2,1.2728
escuelas,2,1.2728
estàn,2,1.2728
pedre,2,1.2728
hablada,2,1.2728
geográficamente,2,1.2728
ortográficas,2,1.2728
dictadas,2,1.2728
escriuré,2,1.2728
perteneix,2,1.2728
feixuga,2,1.2728
gramatica,2,1.2728
noguerol,2,1.2728
eixemple,2,1.2728
xixanta,2,1.2728
lérida,2,1.2728
fueran,2,1.2728
nacieron,2,1.2728
décadas,2,1.2728
poblado,2,1.2728
trescientos,2,1.2728
cortesano,2,1.2728
reglà,2,1.2728
labradores,2,1.2728
havía,2,1.2728
perder,2,1.2728
gusto,2,1.2728
dialectales,2,1.2728
diferenciación,2,1.2728
imposiciones,2,1.2728
equivocació,2,1.2728
decretada,2,1.2728
mútues,2,1.2728
sivera,2,1.2728
perfectes,2,1.2728
defensava,2,1.2728
lleidatà,2,1.2728
archivo,2,1.2728
escripta,2,1.2728
catiu,2,1.2728
morisca,2,1.2728
precio,2,1.2728
loqueretur,2,1.2728
vulgari,2,1.2728
catalanico,2,1.2728
valentino,2,1.2728
diserts,2,1.2728
prestantíssims,2,1.2728
llegaron,2,1.2728
antiguos,2,1.2728
arroja,2,1.2728
chabàs,2,1.2728
habrá,2,1.2728
deje,2,1.2728
surgió,2,1.2728
piensan,2,1.2728
sabido,2,1.2728
hablado,2,1.2728
cádiz,2,1.2728
precioso,2,1.2728
esencia,2,1.2728
recelos,2,1.2728
conciencia,2,1.2728
idiomática,2,1.2728
emplear,2,1.2728
caracteritzades,2,1.2728
timidesa,2,1.2728
sóller,2,1.2728
ferms,2,1.2728
sicania,2,1.2728
concurso,2,1.2728
habrán,2,1.2728
fermar,2,1.2728
llegamos,2,1.2728
eclosión,2,1.2728
confederación,2,1.2728
llama,2,1.2728
inteligencia,2,1.2728
conquestes,2,1.2728
prácticos,2,1.2728
reducida,2,1.2728
unificación,2,1.2728
desarrollarse,2,1.2728
quizás,2,1.2728
siquiera,2,1.2728
llegida,2,1.2728
tradición,2,1.2728
internacionales,2,1.2728
relacionadas,2,1.2728
directrices,2,1.2728
filosofía,2,1.2728
homologados,2,1.2728
universitarios,2,1.2728
referido,2,1.2728
interposat,2,1.2728
párrafo,2,1.2728
denominaciones,2,1.2728
reglamentaria,2,1.2728
anteriormente,2,1.2728
contradiga,2,1.2728
legalmente,2,1.2728
juicio,2,1.2728
quiera,2,1.2728
contradice,2,1.2728
precepto,2,1.2728
sostener,2,1.2728
diplomas,2,1.2728
certificados,2,1.2728
enumeran,2,1.2728
convocatorias,2,1.2728
oficialmente,2,1.2728
aspirantes,2,1.2728
entenderse,2,1.2728
refon,2,1.2728
perdurables,2,1.2728
prescriure,2,1.2728
predominar,2,1.2728
esgarrar,2,1.2728
bàlsem,2,1.2728
boscs,2,1.2728
pretexts,2,1.2728
òrguens,2,1.2728
orgues,2,1.2728
ràvens,2,1.2728
raves,2,1.2728
térmens,2,1.2728
verges,2,1.2728
aqueixa,2,1.2728
aqueixos,2,1.2728
aqueixes,2,1.2728
ís,2,1.2728
patís,2,1.2728
experiments,2,1.2728
alfals,2,1.2728
bellugar,2,1.2728
gesmil,2,1.2728
tòs,2,1.2728
vidriola,2,1.2728
clatell,2,1.2728
escalfar,2,1.2728
escorpí,2,1.2728
albelló,2,1.2728
manllevar,2,1.2728
acatxar,2,1.2728
ajupir,2,1.2728
botijós,2,1.2728
tartamut,2,1.2728
musclo,2,1.2728
cosquerelles,2,1.2728
dessubstanciat,2,1.2728
desvanit,2,1.2728
puntelló,2,1.2728
regallar,2,1.2728
aïnes,2,1.2728
consagrats,2,1.2728
encerta,2,1.2728
optimitzen,2,1.2728
incentive,2,1.2728
frontispici,2,1.2728
raonades,2,1.2728
actualitzen,2,1.2728
accessòria,2,1.2728
confirmat,2,1.2728
intensifiquen,2,1.2728
equilingüístic,2,1.2728
inviten,2,1.2728
sistematicitat,2,1.2728
apassionats,2,1.2728
provincià,2,1.2728
abaste,2,1.2728
urgentment,2,1.2728
orientatives,2,1.2728
textualitat,2,1.2728
mantinguts,2,1.2728
opcionals,2,1.2728
dre,2,1.2728
encare,2,1.2728
comprenguen,2,1.2728
setanté,2,1.2728
coetani,2,1.2728
esplet,2,1.2728
lliurava,2,1.2728
entrarien,2,1.2728
sujeta,2,1.2728
adecuación,2,1.2728
avalat,2,1.2728
senadors,2,1.2728
agrònoms,2,1.2728
anàleg,2,1.2728
técnicas,2,1.2728
capacitado,2,1.2728
acceder,2,1.2728
tendentes,2,1.2728
desigualdad,2,1.2728
supresión,2,1.2728
suprimen,2,1.2728
subgrupo,2,1.2728
exigidas,2,1.2728
atorgue,2,1.2728
congruent,2,1.2728
contener,2,1.2728
vacantes,2,1.2728
indicación,2,1.2728
técnico,2,1.2728
selectiu,2,1.2728
adecuadas,2,1.2728
tareas,2,1.2728
comprobación,2,1.2728
habilidades,2,1.2728
superación,2,1.2728
físicas,2,1.2728
reglamentario,2,1.2728
acreditación,2,1.2728
previo,2,1.2728
calguera,2,1.2728
garantizará,2,1.2728
firmà,2,1.2728
produiria,2,1.2728
preceptius,2,1.2728
tríptics,2,1.2728
inacabable,2,1.2728
mencionen,2,1.2728
enllestida,2,1.2728
justificatiu,2,1.2728
interadministrativa,2,1.2728
unisquen,2,1.2728
supramunicipals,2,1.2728
admetent,2,1.2728
gaudisquen,2,1.2728
subscriptors,2,1.2728
contravenir,2,1.2728
emeta,2,1.2728
demostraria,2,1.2728
finalitzador,2,1.2728
emetera,2,1.2728
protegisquen,2,1.2728
duplicitat,2,1.2728
dificultosa,2,1.2728
pragmàtic,2,1.2728
taxatiu,2,1.2728
prevegen,2,1.2728
autovenda,2,1.2728
emetran,2,1.2728
adonen,2,1.2728
contractistes,2,1.2728
cabria,2,1.2728
licitava,2,1.2728
acordà,2,1.2728
especifique,2,1.2728
equívoca,2,1.2728
examinand,2,1.2728
vulneració,2,1.2728
matisat,2,1.2728
diversificats,2,1.2728
preferirien,2,1.2728
estudiaran,2,1.2728
disfuncions,2,1.2728
impartiren,2,1.2728
comptabilitzant,2,1.2728
restituí,2,1.2728
autoritze,2,1.2728
apropiades,2,1.2728
álamo,2,1.2728
monterilla,2,1.2728
ave,2,1.2728
llatinismes,2,1.2728
aprovatòria,2,1.2728
enumeren,2,1.2728
obtinguen,2,1.2728
constituiran,2,1.2728
satisfarien,2,1.2728
entendran,2,1.2728
suplementaris,2,1.2728
posean,2,1.2728
programando,2,1.2728
asignatura,2,1.2728
impartirse,2,1.2728
docente,2,1.2728
derogatòria,2,1.2728
derogat,2,1.2728
conduïxen,2,1.2728
notificar,2,1.2728
trentahuitena,2,1.2728
asimètric,2,1.2728
constitucionalment,2,1.2728
desproporcionat,2,1.2728
impartisca,2,1.2728
comprovada,2,1.2728
agreujant,2,1.2728
succeí,2,1.2728
garantizarán,2,1.2728
respectivos,2,1.2728
lomce,2,1.2728
indeterminació,2,1.2728
efectuarà,2,1.2728
realitzara,2,1.2728
urnes,2,1.2728
indegut,2,1.2728
oïts,2,1.2728
succintament,2,1.2728
labore,2,1.2728
reciban,2,1.2728
preferencia,2,1.2728
conjunción,2,1.2728
prohibición,2,1.2728
preferida,2,1.2728
garantizado,2,1.2728
escogido,2,1.2728
resultan,2,1.2728
debidamente,2,1.2728
condicionarà,2,1.2728
incloguera,2,1.2728
mecenazgo,2,1.2728
cesión,2,1.2728
velará,2,1.2728
colaborar,2,1.2728
tecnológica,2,1.2728
literarios,2,1.2728
sensibilización,2,1.2728
promoverá,2,1.2728
composiciones,2,1.2728
bandas,2,1.2728
tengan,2,1.2728
residencia,2,1.2728
compañías,2,1.2728
cumplan,2,1.2728
pidiendo,2,1.2728
realice,2,1.2728
sacrificios,2,1.2728
reducir,2,1.2728
subscrits,2,1.2728
ratio,2,1.2728
verificat,2,1.2728
unitaristes,2,1.2728
inamovibilitat,2,1.2728
suggerits,2,1.2728
juridic,2,1.2728
desprenden,2,1.2728
especificades,2,1.2728
tercios,2,1.2728
elegirán,2,1.2728
iniciales,2,1.2728
transcurrido,2,1.2728
cuáles,2,1.2728
reseñada,2,1.2728
últimas,2,1.2728
nombramiento,2,1.2728
deslligat,2,1.2728
assolix,2,1.2728
seguirán,2,1.2728
plenamente,2,1.2728
sustituya,2,1.2728
cargos,2,1.2728
crecimiento,2,1.2728
adaptarse,2,1.2728
suyas,2,1.2728
pilares,2,1.2728
estructuración,2,1.2728
onomástica,2,1.2728
emisión,2,1.2728
legislativos,2,1.2728
dispuesto,2,1.2728
destacadas,2,1.2728
personalidades,2,1.2728
referisquen,2,1.2728
alcaldia,2,1.2728
matemàtica,2,1.2728
minera,2,1.2728
costurer,2,1.2728
depilador,2,1.2728
mainader,2,1.2728
matró,2,1.2728
pentinador,2,1.2728
desvinculats,2,1.2728
publicarán,2,1.2728
conferides,2,1.2728
ejecución,2,1.2728
ostente,2,1.2728
secretaría,2,1.2728
sustituida,2,1.2728
periódicamente,2,1.2728
convocado,2,1.2728
sesión,2,1.2728
derivado,2,1.2728
aprovarà,2,1.2728
assolint,2,1.2728
implantats,2,1.2728
addicionalment,2,1.2728
figurava,2,1.2728
desenrotllats,2,1.2728
eduquen,2,1.2728
oficialitzar,2,1.2728
potestativa,2,1.2728
escolaritzar,2,1.2728
afeblix,2,1.2728
elaboraran,2,1.2728
ajustarà,2,1.2728
experimentals,2,1.2728
homogèniament,2,1.2728
desplegue,2,1.2728
acadè,2,1.2728
concre,2,1.2728
sible,2,1.2728
retransmetre,2,1.2728
wayne,2,1.2728
leable,2,1.2728
doblada,2,1.2728
descrivim,2,1.2728
varie,2,1.2728
situacional,2,1.2728
entreviste,2,1.2728
intercomunicació,2,1.2728
comporte,2,1.2728
academicisme,2,1.2728
marcarà,2,1.2728
identifiquem,2,1.2728
telenotícies,2,1.2728
pseudocol,2,1.2728
inacabades,2,1.2728
magazins,2,1.2728
xement,2,1.2728
carac,2,1.2728
tives,2,1.2728
professio,2,1.2728
nals,2,1.2728
publicistes,2,1.2728
advertim,2,1.2728
lxxv,2,1.2728
recomanades,2,1.2728
talles,2,1.2728
consultat,2,1.2728
agraïm,2,1.2728
fonemes,2,1.2728
locutor,2,1.2728
fre,2,1.2728
classifiquem,2,1.2728
indicaran,2,1.2728
nadius,2,1.2728
opus,2,1.2728
tiu,2,1.2728
dentment,2,1.2728
réiem,2,1.2728
coneiximent,2,1.2728
cièn,2,1.2728
vulgaritat,2,1.2728
conso,2,1.2728
caracteritzacions,2,1.2728
àm,2,1.2728
bellea,2,1.2728
riquea,2,1.2728
possar,2,1.2728
nunciació,2,1.2728
novela,2,1.2728
geminació,2,1.2728
prendré,2,1.2728
borís,2,1.2728
carpats,2,1.2728
decigram,2,1.2728
fabril,2,1.2728
hectogram,2,1.2728
ligram,2,1.2728
oboé,2,1.2728
xandall,2,1.2728
zuric,2,1.2728
centilitre,2,1.2728
cèrber,2,1.2728
decalitre,2,1.2728
decilitre,2,1.2728
estra,2,1.2728
hectolitre,2,1.2728
hidrosfera,2,1.2728
karate,2,1.2728
quilolitre,2,1.2728
torticoli,2,1.2728
àtila,2,1.2728
bàssora,2,1.2728
afamat,2,1.2728
parpall,2,1.2728
interferir,2,1.2728
estran,2,1.2728
gers,2,1.2728
saldo,2,1.2728
trago,2,1.2728
trinco,2,1.2728
xavo,2,1.2728
cercavila,2,1.2728
crep,2,1.2728
ajudanta,2,1.2728
estudianta,2,1.2728
covarda,2,1.2728
analiste,2,1.2728
pediatre,2,1.2728
pediatra,2,1.2728
psiquiatra,2,1.2728
nociva,2,1.2728
plebea,2,1.2728
conserge,2,1.2728
mixt,2,1.2728
carxofes,2,1.2728
barats,2,1.2728
cals,2,1.2728
vuité,2,1.2728
passaràs,2,1.2728
ano,2,1.2728
pub,2,1.2728
preferirem,2,1.2728
ida,2,1.2728
regulant,2,1.2728
haveu,2,1.2728
puntetes,2,1.2728
creguda,2,1.2728
busqueu,2,1.2728
licismes,2,1.2728
brancal,2,1.2728
alçat,2,1.2728
amenaçà,2,1.2728
soparem,2,1.2728
pagues,2,1.2728
adver,2,1.2728
desar,2,1.2728
alfàbrega,2,1.2728
calda,2,1.2728
bellota,2,1.2728
renyar,2,1.2728
bolletí,2,1.2728
brou,2,1.2728
espelma,2,1.2728
cigarret,2,1.2728
eixerit,2,1.2728
esbarjo,2,1.2728
relliscar,2,1.2728
llangardaix,2,1.2728
escombra,2,1.2728
enregistrar,2,1.2728
llençar,2,1.2728
rodó,2,1.2728
apuntada,2,1.2728
composar,2,1.2728
confuses,2,1.2728
conse,2,1.2728
desvetlat,2,1.2728
planar,2,1.2728
voltor,2,1.2728
assenya,2,1.2728
amagava,2,1.2728
ístic,2,1.2728
bay,2,1.2728
island,2,1.2728
river,2,1.2728
lake,2,1.2728
pronunciem,2,1.2728
pronunciarem,2,1.2728
fermí,2,1.2728
iuri,2,1.2728
andrópov,2,1.2728
ventafocs,2,1.2728
ignàsia,2,1.2728
natxo,2,1.2728
nora,2,1.2728
joaquima,2,1.2728
israelita,2,1.2728
ines,2,1.2728
direc,2,1.2728
sarsueles,2,1.2728
lieder,2,1.2728
afganés,2,1.2728
algerià,2,1.2728
angolés,2,1.2728
ènia,2,1.2728
australià,2,1.2728
bahamià,2,1.2728
barbadià,2,1.2728
belizià,2,1.2728
beninés,2,1.2728
bhutanés,2,1.2728
bolivià,2,1.2728
botswanés,2,1.2728
bruneiés,2,1.2728
burkinés,2,1.2728
burundés,2,1.2728
cambodjà,2,1.2728
camerunés,2,1.2728
capverdià,2,1.2728
centreafricà,2,1.2728
colombià,2,1.2728
comorià,2,1.2728
ivorià,2,1.2728
cubà,2,1.2728
djiboutià,2,1.2728
dominiqués,2,1.2728
dominicà,2,1.2728
ípcia,2,1.2728
equatorià,2,1.2728
eritreu,2,1.2728
gabonés,2,1.2728
gambià,2,1.2728
ghanés,2,1.2728
grenadí,2,1.2728
guatemalenc,2,1.2728
equatoguineà,2,1.2728
guyanés,2,1.2728
hondureny,2,1.2728
iemenita,2,1.2728
indonesi,2,1.2728
iraquià,2,1.2728
islandés,2,1.2728
jamaicà,2,1.2728
kazakh,2,1.2728
kenyà,2,1.2728
kiribatià,2,1.2728
kuwaitià,2,1.2728
basuto,2,1.2728
libanés,2,1.2728
liberià,2,1.2728
libi,2,1.2728
liechtensteinés,2,1.2728
ònia,2,1.2728
malgaix,2,1.2728
malaisi,2,1.2728
àisia,2,1.2728
malawià,2,1.2728
maldivià,2,1.2728
malià,2,1.2728
mauricià,2,1.2728
maurità,2,1.2728
mexicà,2,1.2728
micronesi,2,1.2728
moçambiqués,2,1.2728
monegasc,2,1.2728
mongol,2,1.2728
birmà,2,1.2728
namibià,2,1.2728
nauruà,2,1.2728
nepalés,2,1.2728
nicaragüenc,2,1.2728
nigerí,2,1.2728
nigerià,2,1.2728
ega,2,1.2728
neozelandés,2,1.2728
omanita,2,1.2728
palauà,2,1.2728
panameny,2,1.2728
papú,2,1.2728
ruandés,2,1.2728
cristopher,2,1.2728
salomonés,2,1.2728
salvadorenc,2,1.2728
samoà,2,1.2728
senegalés,2,1.2728
seychellés,2,1.2728
singapurés,2,1.2728
singalés,2,1.2728
ïssa,2,1.2728
surinamés,2,1.2728
swazi,2,1.2728
tadjik,2,1.2728
tanzà,2,1.2728
timorés,2,1.2728
togolés,2,1.2728
tongalés,2,1.2728
tunisià,2,1.2728
turcman,2,1.2728
tuvalià,2,1.2728
txadià,2,1.2728
ugandés,2,1.2728
uruguaià,2,1.2728
vanuatuenc,2,1.2728
veneçolà,2,1.2728
xilé,2,1.2728
xipriota,2,1.2728
zambià,2,1.2728
zimbabués,2,1.2728
hall,2,1.2728
comic,2,1.2728
fúting,2,1.2728
average,2,1.2728
gremlin,2,1.2728
laser,2,1.2728
elepé,2,1.2728
parking,2,1.2728
rally,2,1.2728
ravioli,2,1.2728
scout,2,1.2728
windsurf,2,1.2728
planxa,2,1.2728
teleprompter,2,1.2728
literalismes,2,1.2728
peluca,2,1.2728
didn,2,1.2728
actually,2,1.2728
missed,2,1.2728
known,2,1.2728
bet,2,1.2728
ons,2,1.2728
invertit,2,1.2728
kingdom,2,1.2728
cannon,2,1.2728
canyon,2,1.2728
canyó,2,1.2728
repro,2,1.2728
duir,2,1.2728
corporation,2,1.2728
creïbles,2,1.2728
design,2,1.2728
discuss,2,1.2728
rir,2,1.2728
sound,2,1.2728
salvament,2,1.2728
extremely,2,1.2728
like,2,1.2728
maniac,2,1.2728
sindical,2,1.2728
option,2,1.2728
tell,2,1.2728
station,2,1.2728
trobàrem,2,1.2728
comissaria,2,1.2728
depending,2,1.2728
mean,2,1.2728
boss,2,1.2728
god,2,1.2728
poor,2,1.2728
seriously,2,1.2728
families,2,1.2728
ger,2,1.2728
indicarem,2,1.2728
run,2,1.2728
centígrads,2,1.2728
agrimensura,2,1.2728
linear,2,1.2728
rod,2,1.2728
feet,2,1.2728
link,2,1.2728
cúbica,2,1.2728
pounds,2,1.2728
capacity,2,1.2728
pint,2,1.2728
pints,2,1.2728
pirar,2,1.2728
trastocar,2,1.2728
enfadar,2,1.2728
emprenyar,2,1.2728
dotorejar,2,1.2728
escodrinyar,2,1.2728
furonejar,2,1.2728
bestiesa,2,1.2728
barrabàs,2,1.2728
cafre,2,1.2728
pífia,2,1.2728
ficada,2,1.2728
vambes,2,1.2728
desbarat,2,1.2728
llepó,2,1.2728
ala,2,1.2728
graciós,2,1.2728
redena,2,1.2728
redeina,2,1.2728
redell,2,1.2728
comunicabilitat,2,1.2728
agilitzar,2,1.2728
ceguera,2,1.2728
conflictius,2,1.2728
celebrarem,2,1.2728
burilla,2,1.2728
noel,2,1.2728
polvoritzat,2,1.2728
reinserir,2,1.2728
fiador,2,1.2728
envà,2,1.2728
aportem,2,1.2728
solé,2,1.2728
valèn,2,1.2728
diastràtica,2,1.2728
ralitat,2,1.2728
tació,2,1.2728
teletextos,2,1.2728
dgpl,2,1.2728
drou,2,1.2728
carreter,2,1.2728
jem,2,1.2728
llibreestil,2,1.2728
stàndard,2,1.2728
verdejo,2,1.2728
plar,2,1.2728
servitje,2,1.2728
leupf,2,1.2728
nica,2,1.2728
barce,2,1.2728
dictionaries,2,1.2728
deﬁnitivament,2,1.2728
simpliﬁcació,2,1.2728
reﬂectir,2,1.2728
ipc,2,1.2728
millorant,2,1.2728
iae,2,1.2728
indiscriminada,2,1.2728
tipogràﬁc,2,1.2728
ﬁnalitza,2,1.2728
licitació,2,1.2728
contribuent,2,1.2728
sibilitat,2,1.2728
tributari,2,1.2728
benvolguda,2,1.2728
enllace,2,1.2728
pd,2,1.2728
postdata,2,1.2728
cubs,2,1.2728
badyg,2,1.2728
certiﬁque,2,1.2728
especiﬁca,2,1.2728
subalterns,2,1.2728
necessiteu,2,1.2728
adjuntem,2,1.2728
ﬁx,2,1.2728
presenteu,2,1.2728
carsí,2,1.2728
ﬁrmants,2,1.2728
modiﬁcar,2,1.2728
consignen,2,1.2728
nif,2,1.2728
beneﬁciari,2,1.2728
incurs,2,1.2728
domiciliat,2,1.2728
moreretes,2,1.2728
predeterminat,2,1.2728
segellada,2,1.2728
contenciós,2,1.2728
rectiﬁcar,2,1.2728
dirigisc,2,1.2728
abonats,2,1.2728
fatxades,2,1.2728
emparen,2,1.2728
ﬁxats,2,1.2728
revoque,2,1.2728
compulsada,2,1.2728
tramite,2,1.2728
aportara,2,1.2728
requerim,2,1.2728
invitacions,2,1.2728
negociat,2,1.2728
ﬁnanceres,2,1.2728
encapçalament,2,1.2728
marededéu,2,1.2728
llúcia,2,1.2728
consti,2,1.2728
cula,2,1.2728
denomi,2,1.2728
ortogràﬁc,2,1.2728
fotograﬁes,2,1.2728
arbitri,2,1.2728
inscriuen,2,1.2728
ﬁxades,2,1.2728
medials,2,1.2728
ptes,2,1.2728
reduplicant,2,1.2728
novenes,2,1.2728
gràﬁcs,2,1.2728
atm,2,1.2728
grams,2,1.2728
lp,2,1.2728
unicef,2,1.2728
cgpj,2,1.2728
monetari,2,1.2728
aj,2,1.2728
meridiem,2,1.2728
apmt,2,1.2728
apt,2,1.2728
àtic,2,1.2728
aux,2,1.2728
bda,2,1.2728
bxs,2,1.2728
bl,2,1.2728
cró,2,1.2728
ctra,2,1.2728
desv,2,1.2728
distr,2,1.2728
drec,2,1.2728
dta,2,1.2728
emm,2,1.2728
entresòl,2,1.2728
entl,2,1.2728
esq,2,1.2728
fca,2,1.2728
modulada,2,1.2728
kelvin,2,1.2728
hm,2,1.2728
ifp,2,1.2728
mgfca,2,1.2728
ptge,2,1.2728
pda,2,1.2728
quilomètric,2,1.2728
kva,2,1.2728
quilowatt,2,1.2728
rbla,2,1.2728
rda,2,1.2728
secr,2,1.2728
recíproques,2,1.2728
trav,2,1.2728
trv,2,1.2728
urb,2,1.2728
gr,2,1.2728
encerclant,2,1.2728
graﬁes,2,1.2728
viatjar,2,1.2728
ticament,2,1.2728
mostreig,2,1.2728
azorín,2,1.2728
equacions,2,1.2728
bibliogràﬁc,2,1.2728
aclama,2,1.2728
autocitades,2,1.2728
fotograﬁa,2,1.2728
inﬂexions,2,1.2728
insuﬁcient,2,1.2728
ﬁnalitzà,2,1.2728
gació,2,1.2728
sagnar,2,1.2728
sagnia,2,1.2728
versaletes,2,1.2728
superíndex,2,1.2728
subíndex,2,1.2728
sau,2,1.2728
transformadora,2,1.2728
autorit,2,1.2728
za,2,1.2728
mva,2,1.2728
installació,2,1.2728
aparellatge,2,1.2728
mediambientals,2,1.2728
ciuta,2,1.2728
dania,2,1.2728
ﬁrmar,2,1.2728
immi,2,1.2728
aipe,2,1.2728
poten,2,1.2728
supostari,2,1.2728
aju,2,1.2728
daran,2,1.2728
redis,2,1.2728
senyarlo,2,1.2728
duint,2,1.2728
cen,2,1.2728
arbitratge,2,1.2728
tratives,2,1.2728
tractació,2,1.2728
explo,2,1.2728
ediﬁcacions,2,1.2728
ae,2,1.2728
autoritzen,2,1.2728
modiﬁca,2,1.2728
planejament,2,1.2728
informades,2,1.2728
trasplantament,2,1.2728
tumorals,2,1.2728
hematopoètic,2,1.2728
clas,2,1.2728
diste,2,1.2728
testiﬁcal,2,1.2728
sitat,2,1.2728
organit,2,1.2728
impartisquen,2,1.2728
neurones,2,1.2728
engros,2,1.2728
siment,2,1.2728
rodejat,2,1.2728
ramiﬁcacions,2,1.2728
dendrites,2,1.2728
axó,2,1.2728
beneﬁcis,2,1.2728
adquirents,2,1.2728
adjudicataris,2,1.2728
excedisca,2,1.2728
recobriments,2,1.2728
recobrixen,2,1.2728
semiper,2,1.2728
meable,2,1.2728
lennon,2,1.2728
yourcenar,2,1.2728
sansón,2,1.2728
cristóbal,2,1.2728
carlomagno,2,1.2728
carlemany,2,1.2728
sobiranes,2,1.2728
ilich,2,1.2728
ílitx,2,1.2728
dostoyevski,2,1.2728
rocinante,2,1.2728
laika,2,1.2728
dolly,2,1.2728
asturias,2,1.2728
excelentísimo,2,1.2728
sir,2,1.2728
lord,2,1.2728
byron,2,1.2728
fürher,2,1.2728
lehendakari,2,1.2728
bundestag,2,1.2728
commonwealth,2,1.2728
ofﬁce,2,1.2728
médicos,2,1.2728
greenpeace,2,1.2728
geographic,2,1.2728
natzaré,2,1.2728
hermanas,2,1.2728
gimnàstic,2,1.2728
recreativo,2,1.2728
xerez,2,1.2728
olympique,2,1.2728
deutsche,2,1.2728
bank,2,1.2728
banque,2,1.2728
pío,2,1.2728
prado,2,1.2728
louvre,2,1.2728
sigüenza,2,1.2728
primaria,2,1.2728
salud,2,1.2728
beniferri,2,1.2728
tecnología,2,1.2728
panorá,2,1.2728
arquitectónicas,2,1.2728
accelerators,2,1.2728
equipamiento,2,1.2728
telecinco,2,1.2728
corriere,2,1.2728
ofﬁciel,2,1.2728
ayuntamiento,2,1.2728
madison,2,1.2728
garden,2,1.2728
umbracle,2,1.2728
kremlin,2,1.2728
presuntos,2,1.2728
implicados,2,1.2728
rolling,2,1.2728
stones,2,1.2728
sinfónica,2,1.2728
simfònica,2,1.2728
cámara,2,1.2728
laborista,2,1.2728
socialdemócrata,2,1.2728
féin,2,1.2728
eusko,2,1.2728
alkartasuna,2,1.2728
escalera,2,1.2728
salman,2,1.2728
rushdie,2,1.2728
rowling,2,1.2728
indiana,2,1.2728
steven,2,1.2728
spielberg,2,1.2728
gogh,2,1.2728
meninas,2,1.2728
gioconda,2,1.2728
debussi,2,1.2728
bruckner,2,1.2728
händel,2,1.2728
lago,2,1.2728
vivaldi,2,1.2728
traviata,2,1.2728
verdi,2,1.2728
bretón,2,1.2728
lied,2,1.2728
schöne,2,1.2728
müllerin,2,1.2728
schubert,2,1.2728
beatles,2,1.2728
vul,2,1.2728
westinghouse,2,1.2728
hermenegild,2,1.2728
vuelta,2,1.2728
volvo,2,1.2728
race,2,1.2728
nba,2,1.2728
tecnology,2,1.2728
sozialdemokratische,2,1.2728
partei,2,1.2728
deutschlands,2,1.2728
unidas,2,1.2728
ferrocarriles,2,1.2728
atlántico,2,1.2728
nato,2,1.2728
atlantic,2,1.2728
dna,2,1.2728
deoxyribonucleic,2,1.2728
acid,2,1.2728
protegido,2,1.2728
transbordador,2,1.2728
rainbow,2,1.2728
warrior,2,1.2728
chrysler,2,1.2728
grand,2,1.2728
voyager,2,1.2728
moscú,2,1.2728
alpes,2,1.2728
pirineos,2,1.2728
júcar,2,1.2728
katrina,2,1.2728
andrew,2,1.2728
ﬁnançament,2,1.2728
autovies,2,1.2728
calibre,2,1.2728
localitzat,2,1.2728
saludes,2,1.2728
lliuraments,2,1.2728
vitalici,2,1.2728
locació,2,1.2728
ordenats,2,1.2728
guen,2,1.2728
plenipotenciari,2,1.2728
autonò,2,1.2728
comanador,2,1.2728
auditor,2,1.2728
eminència,2,1.2728
episcopat,2,1.2728
alfabetitzada,2,1.2728
separadament,2,1.2728
respectable,2,1.2728
obsolets,2,1.2728
aclaridores,2,1.2728
qualiﬁcada,2,1.2728
alborache,2,1.2728
albuixec,2,1.2728
alcubles,2,1.2728
alcublas,2,1.2728
alcudia,2,1.2728
palancia,2,1.2728
almedíxer,2,1.2728
almedíjar,2,1.2728
alpont,2,1.2728
aranyel,2,1.2728
arañuel,2,1.2728
argeleta,2,1.2728
argelita,2,1.2728
aspe,2,1.2728
assuévar,2,1.2728
azuébar,2,1.2728
barracas,2,1.2728
benaﬁgos,2,1.2728
benejússer,2,1.2728
bigastro,2,1.2728
vilamalefa,2,1.2728
villamalefa,2,1.2728
castellnovo,2,1.2728
cox,2,1.2728
pallars,2,1.2728
pallás,2,1.2728
dosaigües,2,1.2728
espadella,2,1.2728
espadilla,2,1.2728
higueras,2,1.2728
higueruelas,2,1.2728
gàtova,2,1.2728
gátova,2,1.2728
iàtova,2,1.2728
iessa,2,1.2728
yesa,2,1.2728
lludient,2,1.2728
ludiente,2,1.2728
millares,2,1.2728
montant,2,1.2728
montán,2,1.2728
navajas,2,1.2728
pavies,2,1.2728
pavías,2,1.2728
montalgrao,2,1.2728
redovà,2,1.2728
redován,2,1.2728
rojals,2,1.2728
rojales,2,1.2728
sacanyet,2,1.2728
sacañet,2,1.2728
fulgencio,2,1.2728
sinarques,2,1.2728
sucaina,2,1.2728
zucaina,2,1.2728
titaigües,2,1.2728
titaguas,2,1.2728
toràs,2,1.2728
torás,2,1.2728
torrebaixa,2,1.2728
torrebaja,2,1.2728
torrevieja,2,1.2728
torrechiva,2,1.2728
vilafermosa,2,1.2728
villahermosa,2,1.2728
vilamalur,2,1.2728
villamalur,2,1.2728
xacarella,2,1.2728
xalans,2,1.2728
jalance,2,1.2728
xarafull,2,1.2728
jarafuel,2,1.2728
cheste,2,1.2728
xestalgar,2,1.2728
gestalgar,2,1.2728
xóvar,2,1.2728
chóvar,2,1.2728
bangladesh,2,1.2728
pristina,2,1.2728
ulan,2,1.2728
bator,2,1.2728
naypydaw,2,1.2728
yaren,2,1.2728
katmandú,2,1.2728
mogadiscio,2,1.2728
pretòria,2,1.2728
juba,2,1.2728
leste,2,1.2728
funafuti,2,1.2728
â,2,1.2728
ýb,2,1.2728
vka,2,1.2728
ozt,2,1.2728
circumscriure,2,1.2728
vetlat,2,1.2728
preocupades,2,1.2728
compilar,2,1.2728
aplega,2,1.2728
univertitat,2,1.2728
telestel,2,1.2728
signiﬁcació,2,1.2728
bastarà,2,1.2728
reiterem,2,1.2728
desagrarització,2,1.2728
postulava,2,1.2728
darreries,2,1.2728
postindustrial,2,1.2728
intra,2,1.2728
pymes,2,1.2728
situaven,2,1.2728
axioma,2,1.2728
reconversions,2,1.2728
ingressa,2,1.2728
analitzada,2,1.2728
alimentada,2,1.2728
lingüització,2,1.2728
sorgeix,2,1.2728
coartada,2,1.2728
profecia,2,1.2728
autodestrueix,2,1.2728
orienta,2,1.2728
individualisme,2,1.2728
subjectius,2,1.2728
desestructuració,2,1.2728
estabilitza,2,1.2728
afectant,2,1.2728
sustentar,2,1.2728
deﬁnits,2,1.2728
ecologisme,2,1.2728
reconsideració,2,1.2728
situarien,2,1.2728
presideix,2,1.2728
apertura,2,1.2728
demogràﬁca,2,1.2728
habitatges,2,1.2728
nització,2,1.2728
comprometia,2,1.2728
alimentaven,2,1.2728
excedir,2,1.2728
ujuvmbs,2,1.2728
sfu,2,1.2728
nbsd,2,1.2728
dpotujuvdjpobm,2,1.2728
qmvsbmjtnf,2,1.2728
ajornava,2,1.2728
obligant,2,1.2728
federalisme,2,1.2728
ortograﬁa,2,1.2728
denominant,2,1.2728
jurisprudencial,2,1.2728
tjtufnb,2,1.2728
predicable,2,1.2728
precisara,2,1.2728
geogràﬁc,2,1.2728
escassejat,2,1.2728
inconstitucional,2,1.2728
episòdiques,2,1.2728
npevmbdjw,2,1.2728
concedeix,2,1.2728
tímid,2,1.2728
utillatge,2,1.2728
valedors,2,1.2728
adverteix,2,1.2728
qualiﬁcar,2,1.2728
obligava,2,1.2728
ufyu,2,1.2728
dilatada,2,1.2728
cautelosa,2,1.2728
enquistats,2,1.2728
regeixen,2,1.2728
fdmbsbdjw,2,1.2728
qsxqjb,2,1.2728
aﬁrmació,2,1.2728
sostenir,2,1.2728
perﬁls,2,1.2728
justiﬁca,2,1.2728
aconselle,2,1.2728
esmorteeix,2,1.2728
mmfj,2,1.2728
ftubuvubsj,2,1.2728
reglamentar,2,1.2728
derivaven,2,1.2728
inaplicació,2,1.2728
assumira,2,1.2728
insisteix,2,1.2728
estaturària,2,1.2728
blindat,2,1.2728
cientíﬁca,2,1.2728
diﬁculta,2,1.2728
complirien,2,1.2728
reﬁar,2,1.2728
acumulat,2,1.2728
llancívola,2,1.2728
deﬁnicions,2,1.2728
inst,2,1.2728
goberna,2,1.2728
comparado,2,1.2728
oﬁcialidad,2,1.2728
constitucionales,2,1.2728
pmrujdb,2,1.2728
intervenint,2,1.2728
sfbmjubu,2,1.2728
potjefsbdjpot,2,1.2728
utilitzaria,2,1.2728
canàries,2,1.2728
accedit,2,1.2728
albiñana,2,1.2728
paniagua,2,1.2728
deterioració,2,1.2728
rebutjada,2,1.2728
fquft,2,1.2728
possibilitaren,2,1.2728
guev,2,1.2728
reestructura,2,1.2728
sev,2,1.2728
juridicoadministratiu,2,1.2728
ubqft,2,1.2728
subdividir,2,1.2728
dirigiren,2,1.2728
estudiem,2,1.2728
cassets,2,1.2728
impagables,2,1.2728
adjuntes,2,1.2728
torregrosa,2,1.2728
fdjdmbuhf,2,1.2728
qspgfttpsbu,2,1.2728
plc,2,1.2728
sphsbnft,2,1.2728
eµfevdbdjw,2,1.2728
licitaren,2,1.2728
carpetes,2,1.2728
fofsbm,2,1.2728
capdavanteres,2,1.2728
incorporaren,2,1.2728
sjufsjt,2,1.2728
enuê,2,1.2728
senyament,2,1.2728
licitaven,2,1.2728
informant,2,1.2728
validacions,2,1.2728
editant,2,1.2728
mauê,2,1.2728
spnpdjw,2,1.2728
duvbm,2,1.2728
musft,2,1.2728
estadísticament,2,1.2728
componien,2,1.2728
morey,2,1.2728
tpdjpmxhjrvft,2,1.2728
acreditacions,2,1.2728
dvstpt,2,1.2728
jukh,2,1.2728
usfcbmm,2,1.2728
sensibilitzats,2,1.2728
dpofjyfnfou,2,1.2728
acreditats,2,1.2728
adquirisquen,2,1.2728
eµvob,2,1.2728
ybsyb,2,1.2728
uodojdb,2,1.2728
contractaren,2,1.2728
deuê,2,1.2728
distribuïen,2,1.2728
depenien,2,1.2728
hfofsbmt,2,1.2728
telefónica,2,1.2728
ejvfo,2,1.2728
tujv,2,1.2728
prioritzava,2,1.2728
tfdups,2,1.2728
taxis,2,1.2728
llargmetratges,2,1.2728
accelerà,2,1.2728
sphsbnb,2,1.2728
usbevddjw,2,1.2728
mµfyufsjps,2,1.2728
turón,2,1.2728
ocaña,2,1.2728
marcela,2,1.2728
fnqmfbut,2,1.2728
incremente,2,1.2728
autocorrectives,2,1.2728
precoç,2,1.2728
capacita,2,1.2728
psnbdjw,2,1.2728
destacarem,2,1.2728
romanesos,2,1.2728
subapartats,2,1.2728
brillantet,2,1.2728
autodefinits,2,1.2728
nistració,2,1.2728
operativitat,2,1.2728
subvencionables,2,1.2728
ttpdjbdjpot,2,1.2728
subvencionen,2,1.2728
qspevddjw,2,1.2728
rvf,2,1.2728
identificara,2,1.2728
posagots,2,1.2728
entregaren,2,1.2728
hostaler,2,1.2728
hostalers,2,1.2728
sumava,2,1.2728
sfcbmmt,2,1.2728
lleialtats,2,1.2728
extracomunitària,2,1.2728
ostensiblement,2,1.2728
tripliquen,2,1.2728
ogpsnf,2,1.2728
contrastius,2,1.2728
profunditzar,2,1.2728
bdujwjubut,2,1.2728
mµfwpmvdjw,2,1.2728
juvbdjw,2,1.2728
gjobm,2,1.2728
jcmjphsbgjb,2,1.2728
advertixen,2,1.2728
influenciada,2,1.2728
contemporaneïtat,2,1.2728
posarien,2,1.2728
padronal,2,1.2728
comparables,2,1.2728
correlacionat,2,1.2728
retrocedeix,2,1.2728
capdavanter,2,1.2728
disminuïra,2,1.2728
alteraran,2,1.2728
detinguda,2,1.2728
reﬂecteixen,2,1.2728
recapitulant,2,1.2728
igualant,2,1.2728
sociolaboral,2,1.2728
incompetència,2,1.2728
paleses,2,1.2728
autoadscrita,2,1.2728
signiﬁcativa,2,1.2728
explicarien,2,1.2728
conﬁgura,2,1.2728
demogràﬁques,2,1.2728
desp,2,1.2728
pofjyfnfou,2,1.2728
empíriques,2,1.2728
maestro,2,1.2728
caballeros,2,1.2728
almudèver,2,1.2728
puertas,2,1.2728
responde,2,1.2728
afermament,2,1.2728
muestras,2,1.2728
nicolás,2,1.2728
marfany,2,1.2728
suplència,2,1.2728
classista,2,1.2728
menestralia,2,1.2728
restaurada,2,1.2728
núcleo,2,1.2728
iniciador,2,1.2728
renacentista,2,1.2728
époques,2,1.2728
barrios,2,1.2728
ocurrir,2,1.2728
sienten,2,1.2728
irá,2,1.2728
assolia,2,1.2728
reversible,2,1.2728
sociolingüísticament,2,1.2728
reinvertir,2,1.2728
intramurs,2,1.2728
patraix,2,1.2728
benicalap,2,1.2728
enderrocament,2,1.2728
repartix,2,1.2728
semirural,2,1.2728
trastocava,2,1.2728
ojwfmm,2,1.2728
harding,2,1.2728
riley,2,1.2728
vl,2,1.2728
trobaríem,2,1.2728
cèntriques,2,1.2728
rubert,2,1.2728
senyorets,2,1.2728
estudiava,2,1.2728
murada,2,1.2728
repartides,2,1.2728
eµjogmvoodjb,2,1.2728
trataba,2,1.2728
estrat,2,1.2728
informador,2,1.2728
sixanta,2,1.2728
completem,2,1.2728
alicantins,2,1.2728
ruralia,2,1.2728
avancem,2,1.2728
escolaritzen,2,1.2728
agreujament,2,1.2728
handbook,2,1.2728
publicados,2,1.2728
nobleza,2,1.2728
contundents,2,1.2728
obtindrem,2,1.2728
laces,2,1.2728
bugada,2,1.2728
fé,2,1.2728
expulsat,2,1.2728
superem,2,1.2728
autoestimar,2,1.2728
acostarem,2,1.2728
accelera,2,1.2728
preponderant,2,1.2728
educades,2,1.2728
corregim,2,1.2728
odojd,2,1.2728
psnbmju,2,1.2728
sfmmfwhodjb,2,1.2728
autoaplicació,2,1.2728
disminuirà,2,1.2728
suprimida,2,1.2728
coercitives,2,1.2728
ojdjbujwft,2,1.2728
succeïa,2,1.2728
irregularment,2,1.2728
fixava,2,1.2728
regularen,2,1.2728
corres,2,1.2728
introduïa,2,1.2728
normalitzadors,2,1.2728
aclaparador,2,1.2728
exigisca,2,1.2728
incentivat,2,1.2728
moderadament,2,1.2728
gabinets,2,1.2728
legant,2,1.2728
pubsjft,2,1.2728
lliurades,2,1.2728
ajustats,2,1.2728
ofi,2,1.2728
oficialitzat,2,1.2728
vernáculas,2,1.2728
caben,2,1.2728
valdrà,2,1.2728
rendibilitzar,2,1.2728
tímidament,2,1.2728
reuneix,2,1.2728
personalitzada,2,1.2728
ftusb,2,1.2728
fefsbdjw,2,1.2728
assessoria,2,1.2728
acomplix,2,1.2728
escolaritat,2,1.2728
pb,2,1.2728
podmvtjpot,2,1.2728
recapitular,2,1.2728
constatacions,2,1.2728
esperançadores,2,1.2728
cfgm,2,1.2728
cfgs,2,1.2728
pebe,2,1.2728
despropòsits,2,1.2728
assumiren,2,1.2728
coordinadores,2,1.2728
esqueia,2,1.2728
vehiculats,2,1.2728
frenar,2,1.2728
legar,2,1.2728
poblada,2,1.2728
regulades,2,1.2728
pevpil,2,1.2728
suposem,2,1.2728
reveladores,2,1.2728
pugem,2,1.2728
adscrivint,2,1.2728
lingüísticotècnica,2,1.2728
estaríem,2,1.2728
reveladors,2,1.2728
necessitàvem,2,1.2728
suspenem,2,1.2728
rendibilitzaran,2,1.2728
monograﬁes,2,1.2728
preterida,2,1.2728
kvsrejdb,2,1.2728
opubsjft,2,1.2728
qspqptuft,2,1.2728
jurisdiccional,2,1.2728
qsowjft,2,1.2728
assenyalara,2,1.2728
teleològic,2,1.2728
programàtic,2,1.2728
vincule,2,1.2728
inassumible,2,1.2728
garants,2,1.2728
desplegaments,2,1.2728
inscrita,2,1.2728
adeqüe,2,1.2728
reformà,2,1.2728
matrimonials,2,1.2728
capitulacions,2,1.2728
concilien,2,1.2728
fedatari,2,1.2728
qspqjfubu,2,1.2728
triaran,2,1.2728
subsecretaria,2,1.2728
estructuren,2,1.2728
elegeixin,2,1.2728
exerceixen,2,1.2728
formulacions,2,1.2728
exigent,2,1.2728
dictaren,2,1.2728
diferenciaven,2,1.2728
prescrigué,2,1.2728
basques,2,1.2728
malviu,2,1.2728
lànguidament,2,1.2728
pagarà,2,1.2728
incruenta,2,1.2728
lliurant,2,1.2728
imposà,2,1.2728
imposicions,2,1.2728
protagonitza,2,1.2728
entenguérem,2,1.2728
remesa,2,1.2728
dicotomies,2,1.2728
esquinçat,2,1.2728
afrontat,2,1.2728
bandir,2,1.2728
fortíssima,2,1.2728
fqbsubnfou,2,1.2728
bvnf,2,1.2728
setmanaris,2,1.2728
conviuran,2,1.2728
oufsofu,2,1.2728
jofnb,2,1.2728
afavoridores,2,1.2728
prisa,2,1.2728
solidesa,2,1.2728
politòlegs,2,1.2728
llacunes,2,1.2728
dirigeixen,2,1.2728
arriscar,2,1.2728
rotatius,2,1.2728
revifat,2,1.2728
avenç,2,1.2728
peguen,2,1.2728
aglutinar,2,1.2728
repeteix,2,1.2728
saturat,2,1.2728
gfsub,2,1.2728
bastament,2,1.2728
substanciat,2,1.2728
caracteritzarà,2,1.2728
sfquft,2,1.2728
generalistes,2,1.2728
multinacional,2,1.2728
xp,2,1.2728
nqbduf,2,1.2728
navegadors,2,1.2728
arrosseguen,2,1.2728
multiplicadors,2,1.2728
oberon,2,1.2728
optant,2,1.2728
dagoll,2,1.2728
dagom,2,1.2728
alimara,2,1.2728
assoleixen,2,1.2728
frena,2,1.2728
almadrava,2,1.2728
supermercat,2,1.2728
amaguen,2,1.2728
deserció,2,1.2728
trabucar,2,1.2728
ivic,2,1.2728
cav,2,1.2728
redissenyar,2,1.2728
programación,2,1.2728
represión,2,1.2728
cardús,2,1.2728
xips,2,1.2728
ramonet,2,1.2728
espardenya,2,1.2728
adeqüen,2,1.2728
reorientar,2,1.2728
ccrtv,2,1.2728
extrapolables,2,1.2728
exacerbats,2,1.2728
catalanistes,2,1.2728
confegisca,2,1.2728
salvació,2,1.2728
centrípeta,2,1.2728
subtitulacions,2,1.2728
compensada,2,1.2728
lloables,2,1.2728
ampliable,2,1.2728
actualitzable,2,1.2728
foragitada,2,1.2728
postula,2,1.2728
lluitem,2,1.2728
autolimiten,2,1.2728
enteníem,2,1.2728
minvar,2,1.2728
empobreix,2,1.2728
sftjefoub,2,1.2728
balfagó,2,1.2728
qspgfttps,2,1.2728
proﬁtosa,2,1.2728
joufsjps,2,1.2728
eµihcjut,2,1.2728
dpnqsb,2,1.2728
sftvmubut,2,1.2728
eftpmbepst,2,1.2728
radiografia,2,1.2728
consulting,2,1.2728
requerits,2,1.2728
µfejdjw,2,1.2728
dbtufmmh,2,1.2728
ascendeixen,2,1.2728
disminueixen,2,1.2728
nbuosjft,2,1.2728
emergeixen,2,1.2728
aconsegueix,2,1.2728
collectius,2,1.2728
potentíssima,2,1.2728
qualitativament,2,1.2728
traspassar,2,1.2728
agosarat,2,1.2728
aprenien,2,1.2728
rutlla,2,1.2728
fomenta,2,1.2728
aconsegueixen,2,1.2728
honroses,2,1.2728
afavoridors,2,1.2728
uvi,2,1.2728
comerciar,2,1.2728
retrobaria,2,1.2728
honraria,2,1.2728
poderosíssim,2,1.2728
indicatius,2,1.2728
assagistes,2,1.2728
constituïm,2,1.2728
convencen,2,1.2728
espenteta,2,1.2728
rebregats,2,1.2728
amorfa,2,1.2728
alliberadora,2,1.2728
tolstoi,2,1.2728
inhabitable,2,1.2728
servat,2,1.2728
converteixen,2,1.2728
descobrisquen,2,1.2728
compagina,2,1.2728
feva,2,1.2728
vetlatori,2,1.2728
wittgenstein,2,1.2728
normativitzadora,2,1.2728
marginen,2,1.2728
dramatúrgiques,2,1.2728
tímids,2,1.2728
estébanez,2,1.2728
lacoba,2,1.2728
significara,2,1.2728
qsjnfst,2,1.2728
historicista,2,1.2728
ivaecm,2,1.2728
promulgada,2,1.2728
lògics,2,1.2728
benifotrem,2,1.2728
sitcom,2,1.2728
concretaren,2,1.2728
extensible,2,1.2728
ente,2,1.2728
artes,2,1.2728
sanciona,2,1.2728
pregonament,2,1.2728
viatgen,2,1.2728
promocionat,2,1.2728
producciones,2,1.2728
frecuente,2,1.2728
estimulat,2,1.2728
intensificació,2,1.2728
especificacions,2,1.2728
diferenciacions,2,1.2728
constara,2,1.2728
connexos,2,1.2728
vegen,2,1.2728
acompassat,2,1.2728
reto,2,1.2728
parnaseo,2,1.2728
management,2,1.2728
autoritzades,2,1.2728
democràticament,2,1.2728
aspiràvem,2,1.2728
dubitatiu,2,1.2728
competitius,2,1.2728
congelat,2,1.2728
passejant,2,1.2728
parque,2,1.2728
marxalenes,2,1.2728
immergits,2,1.2728
pantalles,2,1.2728
fílmic,2,1.2728
anirien,2,1.2728
drimtim,2,1.2728
abraçava,2,1.2728
especular,2,1.2728
rodolfo,2,1.2728
aconseguirem,2,1.2728
atreviment,2,1.2728
promocionen,2,1.2728
autoexigents,2,1.2728
justificaria,2,1.2728
reviu,2,1.2728
afòniques,2,1.2728
monopolístics,2,1.2728
dictatorials,2,1.2728
boubvups,2,1.2728
reactivada,2,1.2728
disfruta,2,1.2728
lien,2,1.2728
dvmuvsbm,2,1.2728
musicaenvalencia,2,1.2728
ginés,2,1.2728
endevina,2,1.2728
maquetes,2,1.2728
folkies,2,1.2728
twins,2,1.2728
tapet,2,1.2728
trullars,2,1.2728
torregrossa,2,1.2728
patrocina,2,1.2728
mediterrànies,2,1.2728
folkabanda,2,1.2728
escaramussa,2,1.2728
festacarrer,2,1.2728
brials,2,1.2728
sagueta,2,1.2728
exitosos,2,1.2728
plàstics,2,1.2728
setanter,2,1.2728
hardcore,2,1.2728
bandolers,2,1.2728
six,2,1.2728
practicants,2,1.2728
dènia,2,1.2728
sobresurt,2,1.2728
sete,2,1.2728
calba,2,1.2728
amateur,2,1.2728
qbqfs,2,1.2728
aferrissadament,2,1.2728
defensada,2,1.2728
enregistren,2,1.2728
autoedició,2,1.2728
mc,2,1.2728
resistencia,2,1.2728
fugues,2,1.2728
mereixeria,2,1.2728
inventariara,2,1.2728
catalogara,2,1.2728
fonogrames,2,1.2728
conservatoris,2,1.2728
vinil,2,1.2728
portaria,2,1.2728
fornada,2,1.2728
reafirmar,2,1.2728
llach,2,1.2728
digerible,2,1.2728
recobrar,2,1.2728
desmarcant,2,1.2728
tribunes,2,1.2728
exponencial,2,1.2728
sorgeixen,2,1.2728
avenços,2,1.2728
cibernètic,2,1.2728
enriqueixen,2,1.2728
qualla,2,1.2728
desenrotllant,2,1.2728
albades,2,1.2728
palo,2,1.2728
filigranes,2,1.2728
melismes,2,1.2728
virtuosisme,2,1.2728
privilegiades,2,1.2728
ceguet,2,1.2728
marjalenes,2,1.2728
superades,2,1.2728
requintat,2,1.2728
barroquisme,2,1.2728
debilitats,2,1.2728
reciclar,2,1.2728
folkloritzant,2,1.2728
llistero,2,1.2728
improvisadament,2,1.2728
musique,2,1.2728
xxvi,2,1.2728
eduació,2,1.2728
fousf,2,1.2728
voebdjw,2,1.2728
rosales,2,1.2728
constituírem,2,1.2728
ejwfstjubu,2,1.2728
sftjefout,2,1.2728
qpcmbdjw,2,1.2728
pensionistes,2,1.2728
subsahariana,2,1.2728
repartits,2,1.2728
accion,2,1.2728
urbanístiques,2,1.2728
irregularitat,2,1.2728
insalvable,2,1.2728
disparitat,2,1.2728
naturalització,2,1.2728
proacollida,2,1.2728
introduïsquen,2,1.2728
proigualtat,2,1.2728
proincorporació,2,1.2728
estrangeria,2,1.2728
transmigrants,2,1.2728
enfortisca,2,1.2728
cosmopolita,2,1.2728
vinculacions,2,1.2728
vaquer,2,1.2728
embolicat,2,1.2728
equipo,2,1.2728
pareixes,2,1.2728
entendràs,2,1.2728
subordinar,2,1.2728
oblide,2,1.2728
revifament,2,1.2728
esforça,2,1.2728
sociopolítics,2,1.2728
lingüísitic,2,1.2728
afronte,2,1.2728
oaai,2,1.2728
prestigiada,2,1.2728
denominador,2,1.2728
cials,2,1.2728
pase,2,1.2728
demograﬁa,2,1.2728
cronicó,2,1.2728
dominadora,2,1.2728
etnoterritorials,2,1.2728
tpdjfubu,2,1.2728
codificades,2,1.2728
construïm,2,1.2728
luckmann,2,1.2728
codificar,2,1.2728
luhmann,2,1.2728
wacquant,2,1.2728
engels,2,1.2728
tocqueville,2,1.2728
capaciten,2,1.2728
uneixen,2,1.2728
morin,2,1.2728
moigne,2,1.2728
associatius,2,1.2728
sociacions,2,1.2728
desvinculació,2,1.2728
herder,2,1.2728
akal,2,1.2728
portants,2,1.2728
asociativa,2,1.2728
reconstrucción,2,1.2728
postmodernidad,2,1.2728
amorrortu,2,1.2728
théorie,2,1.2728
funcioni,2,1.2728
agencia,2,1.2728
desqualificació,2,1.2728
hipertròfia,2,1.2728
neguem,2,1.2728
iniciara,2,1.2728
semblaríem,2,1.2728
benèvols,2,1.2728
mostraríem,2,1.2728
autocrític,2,1.2728
involucionar,2,1.2728
escrupolós,2,1.2728
acompleixen,2,1.2728
associacionistes,2,1.2728
llimoners,2,1.2728
eixuts,2,1.2728
encisa,2,1.2728
compromès,2,1.2728
trencadisses,2,1.2728
caporals,2,1.2728
tornaríem,2,1.2728
antuvi,2,1.2728
recuperés,2,1.2728
multiplicaríem,2,1.2728
despullar,2,1.2728
mercès,2,1.2728
bmmfst,2,1.2728
raonat,2,1.2728
indultats,2,1.2728
aljama,2,1.2728
cibernètica,2,1.2728
inserixen,2,1.2728
estabilitzar,2,1.2728
leprêtre,2,1.2728
dansà,2,1.2728
cabets,2,1.2728
impregnant,2,1.2728
preindustrials,2,1.2728
secularització,2,1.2728
soteriològic,2,1.2728
reivindicatives,2,1.2728
disbauxa,2,1.2728
accentuat,2,1.2728
satíriques,2,1.2728
seriosos,2,1.2728
naixença,2,1.2728
injust,2,1.2728
capítulo,2,1.2728
equiparant,2,1.2728
banyà,2,1.2728
formato,2,1.2728
ambientació,2,1.2728
lleure,2,1.2728
constituint,2,1.2728
incidint,2,1.2728
declamació,2,1.2728
exaltacions,2,1.2728
mantenidors,2,1.2728
declaran,2,1.2728
regionalisme,2,1.2728
manifestaciones,2,1.2728
utilizando,2,1.2728
preferente,2,1.2728
organismo,2,1.2728
àlbums,2,1.2728
monogràfica,2,1.2728
turista,2,1.2728
anarquia,2,1.2728
fragmentàries,2,1.2728
intuïcions,2,1.2728
gorgues,2,1.2728
gonga,2,1.2728
bea,2,1.2728
renovadora,2,1.2728
collectiva,2,1.2728
acreditatiu,2,1.2728
regidories,2,1.2728
prestaria,2,1.2728
partisquen,2,1.2728
acurades,2,1.2728
subsistia,2,1.2728
enrenou,2,1.2728
localismes,2,1.2728
escenifiquen,2,1.2728
casino,2,1.2728
motel,2,1.2728
presbiteri,2,1.2728
monicions,2,1.2728
convertirse,2,1.2728
consuetes,2,1.2728
assumpta,2,1.2728
tolera,2,1.2728
evangèlic,2,1.2728
atri,2,1.2728
localisme,2,1.2728
deixalla,2,1.2728
apoteosi,2,1.2728
presències,2,1.2728
ferràndiz,2,1.2728
religión,2,1.2728
diocesans,2,1.2728
presentaren,2,1.2728
infome,2,1.2728
tuvej,2,1.2728
litúrgicament,2,1.2728
spes,2,1.2728
dpogfttjpot,2,1.2728
catolicisme,2,1.2728
diatòpiques,2,1.2728
ecumènics,2,1.2728
wbmfodjbot,2,1.2728
sfoup,2,1.2728
esdevindrien,2,1.2728
perllonga,2,1.2728
ephemeris,2,1.2728
racionals,2,1.2728
podjmj,2,1.2728
bujdh,2,1.2728
abolir,2,1.2728
estilos,2,1.2728
castellanitzador,2,1.2728
campesinos,2,1.2728
motes,2,1.2728
sínodo,2,1.2728
implantara,2,1.2728
catequístics,2,1.2728
cantorals,2,1.2728
arxiprestat,2,1.2728
ciges,2,1.2728
liturgia,2,1.2728
ordo,2,1.2728
missae,2,1.2728
cultuals,2,1.2728
adaptava,2,1.2728
spss,2,1.2728
joans,2,1.2728
qüestionaris,2,1.2728
descartat,2,1.2728
creuem,2,1.2728
catequètics,2,1.2728
mossens,2,1.2728
substitucions,2,1.2728
encomiable,2,1.2728
gjefmt,2,1.2728
variància,2,1.2728
juniors,2,1.2728
catequistes,2,1.2728
interpretem,2,1.2728
juvenes,2,1.2728
varieties,2,1.2728
flagrants,2,1.2728
reparteixen,2,1.2728
acostumem,2,1.2728
adoctrinament,2,1.2728
teología,2,1.2728
perso,2,1.2728
salmista,2,1.2728
cosmopolites,2,1.2728
hindús,2,1.2728
congregat,2,1.2728
sikh,2,1.2728
sagrades,2,1.2728
himnaris,2,1.2728
devocionaris,2,1.2728
exímies,2,1.2728
confessionals,2,1.2728
gosen,2,1.2728
franquejar,2,1.2728
reeixides,2,1.2728
blogspot,2,1.2728
magnífiques,2,1.2728
laments,2,1.2728
prepararen,2,1.2728
teològic,2,1.2728
faus,2,1.2728
reclamant,2,1.2728
experimentum,2,1.2728
dpopnjb,2,1.2728
qmjdbeb,2,1.2728
galduf,2,1.2728
serranía,2,1.2728
acemoglu,2,1.2728
afavoreixen,2,1.2728
becattini,2,1.2728
williamson,2,1.2728
roland,2,1.2728
localities,2,1.2728
competitives,2,1.2728
coase,2,1.2728
alesina,2,1.2728
wacziarg,2,1.2728
trade,2,1.2728
afavoridora,2,1.2728
suggerents,2,1.2728
helliwell,2,1.2728
krenton,2,1.2728
recognoscible,2,1.2728
frey,2,1.2728
rifkin,2,1.2728
metaeconòmica,2,1.2728
majó,2,1.2728
supervisen,2,1.2728
intermediaris,2,1.2728
aleatòria,2,1.2728
immigratoris,2,1.2728
ulr,2,1.2728
ddaa,2,1.2728
absorbides,2,1.2728
peremptori,2,1.2728
demostrant,2,1.2728
secularment,2,1.2728
adquisitiva,2,1.2728
adaptativa,2,1.2728
seguretats,2,1.2728
trilingüisme,2,1.2728
llatinoamericà,2,1.2728
diversificar,2,1.2728
delgado,2,1.2728
denominen,2,1.2728
consensue,2,1.2728
llatinoamericanes,2,1.2728
picabaralles,2,1.2728
estatutàriament,2,1.2728
prevalent,2,1.2728
prospectes,2,1.2728
normats,2,1.2728
factures,2,1.2728
oprimida,2,1.2728
distrito,2,1.2728
contemporánea,2,1.2728
intercambios,2,1.2728
nº,2,1.2728
problem,2,1.2728
bilingualism,2,1.2728
science,2,1.2728
borders,2,1.2728
matter,2,1.2728
institution,2,1.2728
reproduction,2,1.2728
experimentava,2,1.2728
formidables,2,1.2728
caixers,2,1.2728
induïm,2,1.2728
metropolitanes,2,1.2728
camerals,2,1.2728
jmb,2,1.2728
torlà,2,1.2728
apertium,2,1.2728
capdavantera,2,1.2728
uput,2,1.2728
infopista,2,1.2728
obvietat,2,1.2728
emergeix,2,1.2728
alltheweb,2,1.2728
yzaguirre,2,1.2728
aproximades,2,1.2728
distribucions,2,1.2728
negociant,2,1.2728
pedaç,2,1.2728
deixeu,2,1.2728
unicode,2,1.2728
openoffice,2,1.2728
laborativament,2,1.2728
encyclopædia,2,1.2728
britannica,2,1.2728
disseminat,2,1.2728
posteditar,2,1.2728
ordino,2,1.2728
mequinensa,2,1.2728
iso,2,1.2728
corregides,2,1.2728
translendium,2,1.2728
automatictrans,2,1.2728
automatitzar,2,1.2728
revolucionat,2,1.2728
hipertextuals,2,1.2728
comentaré,2,1.2728
loquendo,2,1.2728
autoformació,2,1.2728
hot,2,1.2728
slt,2,1.2728
sifre,2,1.2728
ortotipogràfics,2,1.2728
optimot,2,1.2728
gencat,2,1.2728
multicerca,2,1.2728
poujovbs,2,1.2728
hmpcbmt,2,1.2728
eﬁcaces,2,1.2728
xxé,2,1.2728
ferències,2,1.2728
progresista,2,1.2728
güístic,2,1.2728
ﬁta,2,1.2728
conﬂictivista,2,1.2728
planiﬁcar,2,1.2728
gbnjmjbs,2,1.2728
uniﬁcar,2,1.2728
ftqfdubdmft,2,1.2728
codiﬁcació,2,1.2728
descodiﬁcació,2,1.2728
valenci,2,1.2728
comu,2,1.2728
jdubnfo,2,1.2728
ftujpot,2,1.2728
bduf,2,1.2728
pdvnfou,2,1.2728
tjhobu,2,1.2728
qfmt,2,1.2728
hsvqt,2,1.2728
nbkpsjubsjt,2,1.2728
kvoz,2,1.2728
eﬁcaços,2,1.2728
optatives,2,1.2728
fundacionals,2,1.2728
impulsaran,2,1.2728
estenguen,2,1.2728
orvftub,2,1.2728
desmesurats,2,1.2728
frenat,2,1.2728
administra,2,1.2728
go,2,1.2728
declararen,2,1.2728
entrebanca,2,1.2728
conduents,2,1.2728
exhorta,2,1.2728
contribución,2,1.2728
propósito,2,1.2728
significación,2,1.2728
señalan,2,1.2728
valorativos,2,1.2728
despliegue,2,1.2728
kvsrejdp,2,1.2728
analiza,2,1.2728
novedades,2,1.2728
aceptación,2,1.2728
complejo,2,1.2728
juego,2,1.2728
numerosas,2,1.2728
incidido,2,1.2728
decisivas,2,1.2728
ciertas,2,1.2728
dejó,2,1.2728
obstáculos,2,1.2728
larga,2,1.2728
aprobó,2,1.2728
voto,2,1.2728
bmbodf,2,1.2728
balance,2,1.2728
relevantes,2,1.2728
municipales,2,1.2728
inscripciones,2,1.2728
plataformas,2,1.2728
referente,2,1.2728
incluido,2,1.2728
leerlo,2,1.2728
experimentado,2,1.2728
estabilización,2,1.2728
antecedentes,2,1.2728
deja,2,1.2728
contemporáneo,2,1.2728
acomodados,2,1.2728
difunde,2,1.2728
localidades,2,1.2728
consiste,2,1.2728
internos,2,1.2728
funcionarios,2,1.2728
responsabilidad,2,1.2728
diferenciados,2,1.2728
posibilitar,2,1.2728
planteados,2,1.2728
mínimos,2,1.2728
constatamos,2,1.2728
presentados,2,1.2728
reconocer,2,1.2728
comprometidos,2,1.2728
notarías,2,1.2728
estatales,2,1.2728
ordenación,2,1.2728
suficientes,2,1.2728
administrativos,2,1.2728
sirve,2,1.2728
traducen,2,1.2728
mpt,2,1.2728
fácil,2,1.2728
vehículo,2,1.2728
existentes,2,1.2728
ayuntamientos,2,1.2728
realiza,2,1.2728
creer,2,1.2728
anuncios,2,1.2728
institucionales,2,1.2728
formaciones,2,1.2728
nula,2,1.2728
sucede,2,1.2728
seguramente,2,1.2728
realizan,2,1.2728
estadísticas,2,1.2728
cualitativa,2,1.2728
industria,2,1.2728
respuestas,2,1.2728
eficiente,2,1.2728
productos,2,1.2728
artísticos,2,1.2728
sectoriales,2,1.2728
sustancial,2,1.2728
marginación,2,1.2728
tratar,2,1.2728
espectáculos,2,1.2728
cientos,2,1.2728
populares,2,1.2728
inmigración,2,1.2728
percepciones,2,1.2728
mezcla,2,1.2728
pongan,2,1.2728
asociativas,2,1.2728
positivos,2,1.2728
aportan,2,1.2728
vinculan,2,1.2728
futuros,2,1.2728
retrocesos,2,1.2728
devenir,2,1.2728
festivo,2,1.2728
concluye,2,1.2728
minorización,2,1.2728
permitió,2,1.2728
celebraciones,2,1.2728
fieles,2,1.2728
exige,2,1.2728
tejido,2,1.2728
creó,2,1.2728
colaboradores,2,1.2728
invitó,2,1.2728
evaluación,2,1.2728
respuesta,2,1.2728
críticas,2,1.2728
contribution,2,1.2728
aims,2,1.2728
force,2,1.2728
mind,2,1.2728
periods,2,1.2728
mfhbm,2,1.2728
features,2,1.2728
regulation,2,1.2728
innovations,2,1.2728
criteria,2,1.2728
established,2,1.2728
acceptance,2,1.2728
nevertheless,2,1.2728
everything,2,1.2728
indicated,2,1.2728
influenced,2,1.2728
reform,2,1.2728
transition,2,1.2728
opening,2,1.2728
variety,2,1.2728
functioning,2,1.2728
spite,2,1.2728
historical,2,1.2728
occupied,2,1.2728
hundred,2,1.2728
recovered,2,1.2728
statute,2,1.2728
autonomy,2,1.2728
approved,2,1.2728
constitution,2,1.2728
arrival,2,1.2728
date,2,1.2728
november,2,1.2728
recovering,2,1.2728
elections,2,1.2728
organised,2,1.2728
twenty,2,1.2728
self,2,1.2728
following,2,1.2728
accrediting,2,1.2728
dedicated,2,1.2728
preparation,2,1.2728
automatic,2,1.2728
strategies,2,1.2728
ability,2,1.2728
considered,2,1.2728
continued,2,1.2728
trend,2,1.2728
survey,2,1.2728
relative,2,1.2728
demographic,2,1.2728
chapter,2,1.2728
progress,2,1.2728
transmission,2,1.2728
going,2,1.2728
middle,2,1.2728
centuries,2,1.2728
rest,2,1.2728
region,2,1.2728
normally,2,1.2728
repeated,2,1.2728
introduced,2,1.2728
went,2,1.2728
whether,2,1.2728
governments,2,1.2728
above,2,1.2728
applied,2,1.2728
intensity,2,1.2728
analyse,2,1.2728
beyond,2,1.2728
concern,2,1.2728
promoted,2,1.2728
justice,2,1.2728
wish,2,1.2728
towns,2,1.2728
percentage,2,1.2728
clearly,2,1.2728
fear,2,1.2728
achieved,2,1.2728
entire,2,1.2728
nothing,2,1.2728
presented,2,1.2728
grant,2,1.2728
aided,2,1.2728
demand,2,1.2728
tqifsf,2,1.2728
demands,2,1.2728
taking,2,1.2728
starting,2,1.2728
fact,2,1.2728
influences,2,1.2728
observed,2,1.2728
enough,2,1.2728
commercial,2,1.2728
experienced,2,1.2728
habits,2,1.2728
constitute,2,1.2728
task,2,1.2728
channels,2,1.2728
periodical,2,1.2728
publications,2,1.2728
advertising,2,1.2728
consumption,2,1.2728
exception,2,1.2728
sparse,2,1.2728
lack,2,1.2728
technological,2,1.2728
globalised,2,1.2728
identification,2,1.2728
encouraging,2,1.2728
objective,2,1.2728
titles,2,1.2728
maintain,2,1.2728
amount,2,1.2728
quantity,2,1.2728
meaning,2,1.2728
performing,2,1.2728
systematic,2,1.2728
regulatory,2,1.2728
performance,2,1.2728
side,2,1.2728
improvement,2,1.2728
apparent,2,1.2728
setbacks,2,1.2728
performances,2,1.2728
others,2,1.2728
artistic,2,1.2728
singer,2,1.2728
hundreds,2,1.2728
movement,2,1.2728
small,2,1.2728
created,2,1.2728
response,2,1.2728
throughout,2,1.2728
reshaping,2,1.2728
peoples,2,1.2728
said,2,1.2728
societies,2,1.2728
independence,2,1.2728
standards,2,1.2728
differences,2,1.2728
concludes,2,1.2728
advance,2,1.2728
accordance,2,1.2728
happening,2,1.2728
cooperation,2,1.2728
shared,2,1.2728
expectations,2,1.2728
themselves,2,1.2728
challenges,2,1.2728
christian,2,1.2728
role,2,1.2728
financial,2,1.2728
worlds,2,1.2728
fundamentally,2,1.2728
smes,2,1.2728
put,2,1.2728
number,2,1.2728
lower,2,1.2728
white,2,1.2728
form,2,1.2728
collaborators,2,1.2728
relating,2,1.2728
specific,2,1.2728
forms,2,1.2728
consider,2,1.2728
views,2,1.2728
good,2,1.2728
bgbfm,2,1.2728
mdbsb,2,1.2728
oupoj,2,1.2728
psfop,2,1.2728
nqbs,2,1.2728
bsr,2,1.2728
bsdrb,2,1.2728
fsbmft,2,1.2728
bsmft,2,1.2728
bsur,2,1.2728
sumari,2,1.2728
confiem,2,1.2728
arredoniment,2,1.2728
agregacions,2,1.2728
reglamentada,2,1.2728
púb,2,1.2728
mostratge,2,1.2728
comarcalització,2,1.2728
estratificació,2,1.2728
vinalopo,2,1.2728
perfec,2,1.2728
aprenentage,2,1.2728
desocupació,2,1.2728
autoadscriu,2,1.2728
allunyen,2,1.2728
electròn,2,1.2728
setm,2,1.2728
sumem,2,1.2728
autoadscrits,2,1.2728
observarse,2,1.2728
adona,2,1.2728
insa,2,1.2728
pectives,2,1.2728
espectadora,2,1.2728
inform,2,1.2728
serials,2,1.2728
ícules,2,1.2728
poblac,2,1.2728
satisf,2,1.2728
repectivament,2,1.2728
tvp,2,1.2728
autodidactes,2,1.2728
superficies,2,1.2728
hauría,2,1.2728
residit,2,1.2728
globa,2,1.2728
dicultat,2,1.2728
sat,2,1.2728
ccec,2,1.2728
escriur,2,1.2728
parlarlo,2,1.2728
cuartas,2,1.2728
leer,2,1.2728
observados,2,1.2728
extremo,2,1.2728
sitúa,2,1.2728
pareja,2,1.2728
seguido,2,1.2728
piensa,2,1.2728
usarse,2,1.2728
terceras,2,1.2728
entrevistados,2,1.2728
residentes,2,1.2728
satisfactoria,2,1.2728
insatisfactoria,2,1.2728
perfectly,2,1.2728
sufficient,2,1.2728
lightly,2,1.2728
followed,2,1.2728
taught,2,1.2728
exclusive,2,1.2728
declares,2,1.2728
indistinct,2,1.2728
practically,2,1.2728
third,2,1.2728
satisfactory,2,1.2728
geògrafs,2,1.2728
rabella,2,1.2728
castellanoaragonesa,2,1.2728
mem,2,1.2728
munici,2,1.2728
subsegüents,2,1.2728
inframunicipal,2,1.2728
trametrà,2,1.2728
cial,2,1.2728
concessionaris,2,1.2728
tut,2,1.2728
caste,2,1.2728
abalisament,2,1.2728
ajustaran,2,1.2728
pertocarà,2,1.2728
standardization,2,1.2728
unstats,2,1.2728
unsd,2,1.2728
seriesm,2,1.2728
ign,2,1.2728
safra,2,1.2728
oposades,2,1.2728
desfigurar,2,1.2728
caseriu,2,1.2728
catina,2,1.2728
caramela,2,1.2728
betacisme,2,1.2728
despalatalització,2,1.2728
abocador,2,1.2728
sonoritzacions,2,1.2728
deslabialització,2,1.2728
acceptaran,2,1.2728
identificables,2,1.2728
llogarets,2,1.2728
foies,2,1.2728
sacoma,2,1.2728
cerro,2,1.2728
estarlic,2,1.2728
adolfo,2,1.2728
pequenyo,2,1.2728
implosiva,2,1.2728
pared,2,1.2728
gɾaβjél,2,1.2728
kása,2,1.2728
bachoca,2,1.2728
síncopes,2,1.2728
monoftongacions,2,1.2728
paciencia,2,1.2728
continuo,2,1.2728
carrascalet,2,1.2728
respectarem,2,1.2728
traduïbilitat,2,1.2728
arenalet,2,1.2728
exònima,2,1.2728
benacancil,2,1.2728
tablas,2,1.2728
daimiel,2,1.2728
cabrer,2,1.2728
atapeïts,2,1.2728
vencinill,2,1.2728
copet,2,1.2728
etxeberri,2,1.2728
hedreres,2,1.2728
carrilades,2,1.2728
molinell,2,1.2728
albadar,2,1.2728
alcavons,2,1.2728
algepsars,2,1.2728
canalitzar,2,1.2728
viro,2,1.2728
ametleral,2,1.2728
antigons,2,1.2728
antina,2,1.2728
argilar,2,1.2728
arrabassat,2,1.2728
llissera,2,1.2728
arrimall,2,1.2728
avenar,2,1.2728
embassada,2,1.2728
baga,2,1.2728
bassals,2,1.2728
bassi,2,1.2728
bassiol,2,1.2728
coronetes,2,1.2728
blanquissal,2,1.2728
bocana,2,1.2728
vallivana,2,1.2728
pasturatge,2,1.2728
boverals,2,1.2728
boverot,2,1.2728
brolls,2,1.2728
brucar,2,1.2728
brugars,2,1.2728
burgal,2,1.2728
cadufada,2,1.2728
mauro,2,1.2728
cantals,2,1.2728
pomeres,2,1.2728
encaixona,2,1.2728
pecuària,2,1.2728
canyamelar,2,1.2728
capçada,2,1.2728
aiguavessant,2,1.2728
carrerada,2,1.2728
senill,2,1.2728
caminers,2,1.2728
cingla,2,1.2728
costerut,2,1.2728
claper,2,1.2728
clapers,2,1.2728
clapisses,2,1.2728
clapissal,2,1.2728
corb,2,1.2728
codines,2,1.2728
codinar,2,1.2728
flares,2,1.2728
bartolo,2,1.2728
conques,2,1.2728
cormo,2,1.2728
saleres,2,1.2728
penyetes,2,1.2728
coscollosa,2,1.2728
voreja,2,1.2728
ginebre,2,1.2728
pedrafita,2,1.2728
pedrisses,2,1.2728
aiguadoliva,2,1.2728
estufador,2,1.2728
erosiva,2,1.2728
ajunten,2,1.2728
fonollar,2,1.2728
freginals,2,1.2728
gamelló,2,1.2728
gatellar,2,1.2728
cinglera,2,1.2728
limítrofes,2,1.2728
canada,2,1.2728
juncosa,2,1.2728
juncoses,2,1.2728
llimeral,2,1.2728
mangranar,2,1.2728
dunars,2,1.2728
malladeta,2,1.2728
pantanosa,2,1.2728
maresme,2,1.2728
matapollar,2,1.2728
matissal,2,1.2728
den,2,1.2728
murtal,2,1.2728
obaga,2,1.2728
olivaret,2,1.2728
panyet,2,1.2728
partidors,2,1.2728
pedregal,2,1.2728
pedruscar,2,1.2728
sogall,2,1.2728
pineda,2,1.2728
porrassar,2,1.2728
pradet,2,1.2728
saboner,2,1.2728
quadrons,2,1.2728
quartó,2,1.2728
ramblar,2,1.2728
rebolcador,2,1.2728
rebolleda,2,1.2728
riscles,2,1.2728
runal,2,1.2728
saldonar,2,1.2728
salina,2,1.2728
savines,2,1.2728
secanet,2,1.2728
serral,2,1.2728
setenes,2,1.2728
solls,2,1.2728
tomellar,2,1.2728
trencall,2,1.2728
turó,2,1.2728
recorregudes,2,1.2728
fraga,2,1.2728
xaparral,2,1.2728
xopera,2,1.2728
transformants,2,1.2728
baixador,2,1.2728
carrilet,2,1.2728
viaducte,2,1.2728
guarderia,2,1.2728
clínica,2,1.2728
dispensari,2,1.2728
parador,2,1.2728
wien,2,1.2728
exonímia,2,1.2728
б,2,1.2728
г,2,1.2728
достоевский,2,1.2728
чехов,2,1.2728
солженицын,2,1.2728
soljenitsin,2,1.2728
й,2,1.2728
алексей,2,1.2728
aleksei,2,1.2728
к,2,1.2728
никита,2,1.2728
nikita,2,1.2728
л,2,1.2728
малевич,2,1.2728
malévitx,2,1.2728
м,2,1.2728
н,2,1.2728
о,2,1.2728
leonid,2,1.2728
п,2,1.2728
р,2,1.2728
т,2,1.2728
timoixenko,2,1.2728
ф,2,1.2728
х,2,1.2728
ц,2,1.2728
ы,2,1.2728
э,2,1.2728
γ,2,1.2728
ε,2,1.2728
ζ,2,1.2728
ι,2,1.2728
κ,2,1.2728
λ,2,1.2728
μ,2,1.2728
ξ,2,1.2728
ο,2,1.2728
π,2,1.2728
ρ,2,1.2728
σ,2,1.2728
τ,2,1.2728
υ,2,1.2728
φ,2,1.2728
ψ,2,1.2728
ghuix,2,1.2728
pīnyīn,2,1.2728
成都,2,1.2728
chéngdū,2,1.2728
chengdu,2,1.2728
derogada,2,1.2728
coop,2,1.2728
universitatempresa,2,1.2728
postconsonàntica,2,1.2728
antígraf,2,1.2728
pelicà,2,1.2728
provocades,2,1.2728
ach,2,1.2728
lexà,2,1.2728
altr,2,1.2728
ntrar,2,1.2728
egipt,2,1.2728
exiran,2,1.2728
troços,2,1.2728
alte,2,1.2728
atverava,2,1.2728
contrastat,2,1.2728
resoldran,2,1.2728
cotompèl,2,1.2728
fraula,2,1.2728
eliminades,2,1.2728
peixca,2,1.2728
brevisima,2,1.2728
desdibuixada,2,1.2728
acomodar,2,1.2728
prosseguia,2,1.2728
valeur,2,1.2728
planificacions,2,1.2728
transterritorialitat,2,1.2728
mcconnell,2,1.2728
recherche,2,1.2728
université,2,1.2728
resoltament,2,1.2728
ocuparia,2,1.2728
imaginàries,2,1.2728
situaria,2,1.2728
hispanista,2,1.2728
hegemonisme,2,1.2728
nationalism,2,1.2728
nai,2,1.2728
vale,2,1.2728
alsàcia,2,1.2728
aconseguiment,2,1.2728
panya,2,1.2728
dissimetria,2,1.2728
juridicolingüística,2,1.2728
circums,2,1.2728
diversament,2,1.2728
fossin,2,1.2728
maximitzar,2,1.2728
equiparada,2,1.2728
optem,2,1.2728
tendencialment,2,1.2728
tilastollinen,2,1.2728
vuosikirja,2,1.2728
skolt,2,1.2728
sops,2,1.2728
förslag,2,1.2728
till,2,1.2728
handlingsprogram,2,1.2728
til,2,1.2728
norsk,2,1.2728
scheinin,2,1.2728
predominança,2,1.2728
uusimaa,2,1.2728
myntti,2,1.2728
latomaa,2,1.2728
tilasto,2,1.2728
kes,2,1.2728
kus,2,1.2728
statistikcentralen,2,1.2728
hungary,2,1.2728
ltd,2,1.2728
minorities,2,1.2728
monikielinen,2,1.2728
kieli,2,1.2728
gebrabbel,2,1.2728
regionaal,2,1.2728
taalgebruik,2,1.2728
arne,2,1.2728
franck,2,1.2728
frustrerend,2,1.2728
myla,2,1.2728
callego,2,1.2728
jaar,2,1.2728
tussentaaltje,2,1.2728
vrienden,2,1.2728
brugs,2,1.2728
niet,2,1.2728
keer,2,1.2728
xerroteig,2,1.2728
frustrant,2,1.2728
filipina,2,1.2728
etnolingüísticament,2,1.2728
wehrli,2,1.2728
estructurava,2,1.2728
saxònia,2,1.2728
baggioni,2,1.2728
redisseny,2,1.2728
hegemònics,2,1.2728
neix,2,1.2728
grosso,2,1.2728
daniël,2,1.2728
primacia,2,1.2728
picard,2,1.2728
való,2,1.2728
luxemburguesos,2,1.2728
goebl,2,1.2728
wölk,2,1.2728
germànics,2,1.2728
neerlandòfones,2,1.2728
mcrae,2,1.2728
geolectal,2,1.2728
woa,2,1.2728
moest,2,1.2728
zoe,2,1.2728
zou,2,1.2728
dunkerque,2,1.2728
groningen,2,1.2728
oostendorp,2,1.2728
leiden,2,1.2728
wal,2,1.2728
bree,2,1.2728
satel,2,1.2728
elitistes,2,1.2728
afrancesades,2,1.2728
flamenquista,2,1.2728
desen,2,1.2728
estructuralment,2,1.2728
beschaafd,2,1.2728
nederdiets,2,1.2728
esdevenint,2,1.2728
reculada,2,1.2728
palesava,2,1.2728
multiètnica,2,1.2728
resisteix,2,1.2728
depurat,2,1.2728
esvaint,2,1.2728
vrt,2,1.2728
implantada,2,1.2728
taalunieversum,2,1.2728
línguas,2,1.2728
conflict,2,1.2728
wright,2,1.2728
sue,2,1.2728
sociolin,2,1.2728
ein,2,1.2728
internationales,2,1.2728
dtv,2,1.2728
zur,2,1.2728
spectrum,2,1.2728
brussels,2,1.2728
descongelació,2,1.2728
lijphart,2,1.2728
pridnestrovskaia,2,1.2728
moldavskaia,2,1.2728
respublica,2,1.2728
materinsky,2,1.2728
jazyk,2,1.2728
матерњи,2,1.2728
мова,2,1.2728
ucraïnesa,2,1.2728
georgiana,2,1.2728
belarus,2,1.2728
belarusian,2,1.2728
srpska,2,1.2728
ћирилично,2,1.2728
законом,2,1.2728
serb,2,1.2728
scripts,2,1.2728
federation,2,1.2728
bosnian,2,1.2728
croatian,2,1.2728
herzegovina,2,1.2728
abkhazian,2,1.2728
recognized,2,1.2728
официальным,2,1.2728
является,2,1.2728
государственными,2,1.2728
украинский,2,1.2728
языки,2,1.2728
osseta,2,1.2728
языка,2,1.2728
органов,2,1.2728
государственной,2,1.2728
власти,2,1.2728
наряду,2,1.2728
признается,2,1.2728
ukrainian,2,1.2728
беларусь,2,1.2728
госу,2,1.2728
да,2,1.2728
члан,2,1.2728
federacije,2,1.2728
bosanski,2,1.2728
hrvatski,2,1.2728
latinica,2,1.2728
srpski,2,1.2728
gjuha,2,1.2728
член,2,1.2728
република,2,1.2728
македонија,2,1.2728
македонскиот,2,1.2728
неговото,2,1.2728
што,2,1.2728
го,2,1.2728
од,2,1.2728
со,2,1.2728
centrífugs,2,1.2728
serviria,2,1.2728
republica,2,1.2728
centrale,2,1.2728
limbile,2,1.2728
transnistria,2,1.2728
transnistriei,2,1.2728
republicii,2,1.2728
víktor,2,1.2728
intitulada,2,1.2728
языку,2,1.2728
статуса,2,1.2728
armstat,2,1.2728
md,2,1.2728
yu,2,1.2728
richmond,2,1.2728
eng,2,1.2728
receptive,2,1.2728
francòfona,2,1.2728
advertència,2,1.2728
politòleg,2,1.2728
plausibles,2,1.2728
gazzola,2,1.2728
panàrquic,2,1.2728
politique,2,1.2728
haut,2,1.2728
évaluation,2,1.2728
école,2,1.2728
centrem,2,1.2728
demogràfiques,2,1.2728
temptadora,2,1.2728
acabarien,2,1.2728
animositat,2,1.2728
receptives,2,1.2728
bg,2,1.2728
dk,2,1.2728
défi,2,1.2728
sociology,2,1.2728
ginsburgh,2,1.2728
berlin,2,1.2728
xlv,2,1.2728
bárbara,2,1.2728
nuisance,2,1.2728
euobserver,2,1.2728
colonials,2,1.2728
assimilacionistes,2,1.2728
peuvent,2,1.2728
parlent,2,1.2728
révolution,2,1.2728
thunig,2,1.2728
establishing,2,1.2728
continuara,2,1.2728
mise,2,1.2728
accès,2,1.2728
histoire,2,1.2728
nationale,2,1.2728
pourra,2,1.2728
écrit,2,1.2728
seing,2,1.2728
privé,2,1.2728
droit,2,1.2728
summits,2,1.2728
early,2,1.2728
precoz,2,1.2728
précoce,2,1.2728
enhance,2,1.2728
mayores,2,1.2728
lan,2,1.2728
emphasizes,2,1.2728
preserved,2,1.2728
subsidiarity,2,1.2728
subsidiariedad,2,1.2728
econtent,2,1.2728
resolution,2,1.2728
décembre,2,1.2728
concernant,2,1.2728
décision,2,1.2728
visant,2,1.2728
adopting,2,1.2728
estímulo,2,1.2728
conditions,2,1.2728
fragmentation,2,1.2728
utilisation,2,1.2728
contribute,2,1.2728
contribuirá,2,1.2728
fomentando,2,1.2728
contribue,2,1.2728
etats,2,1.2728
responsabilité,2,1.2728
éducatif,2,1.2728
istruzione,2,1.2728
stati,2,1.2728
commun,2,1.2728
année,2,1.2728
lng,2,1.2728
account,2,1.2728
tient,2,1.2728
culturels,2,1.2728
dispositions,2,1.2728
présent,2,1.2728
afin,2,1.2728
respecter,2,1.2728
vallvé,2,1.2728
titre,2,1.2728
eyl,2,1.2728
comparl,2,1.2728
libe,2,1.2728
elsj,2,1.2728
committee,2,1.2728
nouveau,2,1.2728
adopción,2,1.2728
pluriannuel,2,1.2728
smartapi,2,1.2728
tackled,2,1.2728
faveur,2,1.2728
aumentar,2,1.2728
uniformització,2,1.2728
estrasburg,2,1.2728
declaration,2,1.2728
building,2,1.2728
respongui,2,1.2728
permetin,2,1.2728
csce,2,1.2728
copenhagen,2,1.2728
servirien,2,1.2728
cartaeur,2,1.2728
existente,2,1.2728
dirigido,2,1.2728
armonización,2,1.2728
surgir,2,1.2728
calgui,2,1.2728
usin,2,1.2728
strasbourg,2,1.2728
hart,2,1.2728
nicole,2,1.2728
nation,2,1.2728
plurilingüis,2,1.2728
thémis,2,1.2728
régime,2,1.2728
réalité,2,1.2728
reconocidas,2,1.2728
assisteixen,2,1.2728
griego,2,1.2728
sueco,2,1.2728
utilitzaré,2,1.2728
unanimidad,2,1.2728
éste,2,1.2728
supra,2,1.2728
vemos,2,1.2728
abierta,2,1.2728
auténticas,2,1.2728
ampliacions,2,1.2728
acomplert,2,1.2728
incideixen,2,1.2728
filadèlfia,2,1.2728
medioambiental,2,1.2728
colex,2,1.2728
imperioses,2,1.2728
afebleix,2,1.2728
estabilidad,2,1.2728
reports,2,1.2728
accession,2,1.2728
vitorino,2,1.2728
witte,2,1.2728
membership,2,1.2728
politics,2,1.2728
versus,2,1.2728
haguessin,2,1.2728
laxitud,2,1.2728
reflectirà,2,1.2728
acquis,2,1.2728
destinados,2,1.2728
llamadas,2,1.2728
checa,2,1.2728
impide,2,1.2728
contenidas,2,1.2728
podido,2,1.2728
sistemático,2,1.2728
civitas,2,1.2728
afectaran,2,1.2728
rectifica,2,1.2728
estiguin,2,1.2728
totalidad,2,1.2728
trate,2,1.2728
traducciones,2,1.2728
seguirá,2,1.2728
prestando,2,1.2728
responsabilitzen,2,1.2728
cig,2,1.2728
semioficialitat,2,1.2728
reprodueixen,2,1.2728
competentes,2,1.2728
perjudicades,2,1.2728
constitueixin,2,1.2728
quedin,2,1.2728
etnocultural,2,1.2728
sard,2,1.2728
sòrab,2,1.2728
ladí,2,1.2728
jiddisch,2,1.2728
ausbau,2,1.2728
abstand,2,1.2728
finès,2,1.2728
europeanització,2,1.2728
shuibhne,2,1.2728
creech,2,1.2728
tce,2,1.2728
tue,2,1.2728
archive,2,1.2728
langmin,2,1.2728
equiparin,2,1.2728
eilc,2,1.2728
ensenyada,2,1.2728
figurin,2,1.2728
excluidos,2,1.2728
deixada,2,1.2728
arfé,2,1.2728
moratòria,2,1.2728
rebin,2,1.2728
permesos,2,1.2728
subestimar,2,1.2728
tinguessin,2,1.2728
moring,2,1.2728
poguessin,2,1.2728
adum,2,1.2728
stationary,2,1.2728
wolff,2,1.2728
ka,2,1.2728
df,2,1.2728
mouthaan,2,1.2728
edimburgh,2,1.2728
gubernamental,2,1.2728
presentamos,2,1.2728
transformaciones,2,1.2728
denominados,2,1.2728
comenzaron,2,1.2728
erosionar,2,1.2728
convenio,2,1.2728
xeral,2,1.2728
urbanización,2,1.2728
cotidiana,2,1.2728
vivir,2,1.2728
rurales,2,1.2728
estigmatización,2,1.2728
valorativo,2,1.2728
indicado,2,1.2728
relativamente,2,1.2728
socioeconómicos,2,1.2728
ampliación,2,1.2728
analistas,2,1.2728
vilariño,2,1.2728
geográficos,2,1.2728
consideraba,2,1.2728
seguía,2,1.2728
influencia,2,1.2728
reivindicación,2,1.2728
secundario,2,1.2728
excepto,2,1.2728
llevada,2,1.2728
puso,2,1.2728
recuperadora,2,1.2728
escenario,2,1.2728
sociopolítico,2,1.2728
vecinos,2,1.2728
substitutorio,2,1.2728
situaba,2,1.2728
lleno,2,1.2728
socioeconómico,2,1.2728
gallegohablantes,2,1.2728
gravedad,2,1.2728
probablemente,2,1.2728
encontraba,2,1.2728
convivencia,2,1.2728
desarrolla,2,1.2728
mimbres,2,1.2728
glotopolítico,2,1.2728
planificadora,2,1.2728
denominado,2,1.2728
desarrollaron,2,1.2728
debían,2,1.2728
ambigüedad,2,1.2728
relacionado,2,1.2728
perseguido,2,1.2728
centradas,2,1.2728
lógica,2,1.2728
buscó,2,1.2728
adultos,2,1.2728
capacitación,2,1.2728
hacemos,2,1.2728
diarias,2,1.2728
atenuación,2,1.2728
mostrando,2,1.2728
comparación,2,1.2728
puntos,2,1.2728
tendremos,2,1.2728
matices,2,1.2728
decisiones,2,1.2728
empresariales,2,1.2728
trascendencia,2,1.2728
escasos,2,1.2728
cohorte,2,1.2728
elaborado,2,1.2728
muestra,2,1.2728
estaban,2,1.2728
habrían,2,1.2728
debilitamiento,2,1.2728
jardón,2,1.2728
hipótesis,2,1.2728
peligro,2,1.2728
argumentos,2,1.2728
instancias,2,1.2728
vivimos,2,1.2728
enormemente,2,1.2728
llegan,2,1.2728
debilidad,2,1.2728
añadimos,2,1.2728
menores,2,1.2728
comentado,2,1.2728
mantenimiento,2,1.2728
limitados,2,1.2728
cidadanía,2,1.2728
determinantes,2,1.2728
linguas,2,1.2728
kabatek,2,1.2728
intensidade,2,1.2728
henrique,2,1.2728
palermo,2,1.2728
perpignan,2,1.2728
básicas,2,1.2728
establecidas,2,1.2728
establecía,2,1.2728
dejaba,2,1.2728
específico,2,1.2728
minoritarios,2,1.2728
inexistente,2,1.2728
estrictamente,2,1.2728
asentamiento,2,1.2728
introducir,2,1.2728
primordialmente,2,1.2728
vascos,2,1.2728
conexión,2,1.2728
llevado,2,1.2728
práctico,2,1.2728
logrado,2,1.2728
inserta,2,1.2728
recluida,2,1.2728
señala,2,1.2728
regulará,2,1.2728
quedará,2,1.2728
normalizar,2,1.2728
débil,2,1.2728
venido,2,1.2728
romper,2,1.2728
dirigidos,2,1.2728
produjo,2,1.2728
efectivamente,2,1.2728
obligado,2,1.2728
citado,2,1.2728
habilidad,2,1.2728
preceptividad,2,1.2728
euskaldun,2,1.2728
comprensión,2,1.2728
pretensiones,2,1.2728
complementario,2,1.2728
articulado,2,1.2728
completo,2,1.2728
estructuras,2,1.2728
descansado,2,1.2728
adquirido,2,1.2728
precario,2,1.2728
enseña,2,1.2728
mostrado,2,1.2728
refiriéndose,2,1.2728
borrador,2,1.2728
distanciamiento,2,1.2728
empezado,2,1.2728
manifestarse,2,1.2728
sombras,2,1.2728
recientemente,2,1.2728
profesores,2,1.2728
inmensa,2,1.2728
viceconsejería,2,1.2728
representan,2,1.2728
integrantes,2,1.2728
adquiere,2,1.2728
podía,2,1.2728
insignificante,2,1.2728
inferiores,2,1.2728
veinticinco,2,1.2728
tramo,2,1.2728
similares,2,1.2728
incrementado,2,1.2728
reafirmarse,2,1.2728
exigido,2,1.2728
dejan,2,1.2728
presentación,2,1.2728
enero,2,1.2728
deseos,2,1.2728
estudiado,2,1.2728
euskarakultur,2,1.2728
reconoce,2,1.2728
montañas,2,1.2728
menguan,2,1.2728
vascoparlantes,2,1.2728
centrales,2,1.2728
euskarabidea,2,1.2728
recorte,2,1.2728
queremos,2,1.2728
euskal,2,1.2728
sometida,2,1.2728
nacionalistas,2,1.2728
representantes,2,1.2728
elijan,2,1.2728
concentración,2,1.2728
dirigirse,2,1.2728
ikastolas,2,1.2728
atender,2,1.2728
ciudadana,2,1.2728
informativos,2,1.2728
irratia,2,1.2728
abaurrea,2,1.2728
aranaz,2,1.2728
betelu,2,1.2728
echarri,2,1.2728
huarte,2,1.2728
santesteban,2,1.2728
contencioso,2,1.2728
convertido,2,1.2728
emprades,2,1.2728
acabo,2,1.2728
apreciablement,2,1.2728
defecció,2,1.2728
doni,2,1.2728
reiterades,2,1.2728
convive,2,1.2728
inherentes,2,1.2728
supuestamente,2,1.2728
hechos,2,1.2728
presentan,2,1.2728
ampliado,2,1.2728
patente,2,1.2728
asociar,2,1.2728
intrínsecamente,2,1.2728
ideológicas,2,1.2728
metáfora,2,1.2728
examinaré,2,1.2728
versión,2,1.2728
esbozar,2,1.2728
podrían,2,1.2728
cogolla,2,1.2728
reducido,2,1.2728
falsedad,2,1.2728
inconveniente,2,1.2728
ventaja,2,1.2728
antigüedad,2,1.2728
primitivo,2,1.2728
binotti,2,1.2728
comillas,2,1.2728
afirmado,2,1.2728
especiales,2,1.2728
inquietudes,2,1.2728
eslogan,2,1.2728
publicitario,2,1.2728
página,2,1.2728
precisamente,2,1.2728
pidal,2,1.2728
aprovecha,2,1.2728
culto,2,1.2728
variedades,2,1.2728
pongamos,2,1.2728
comparte,2,1.2728
impositivas,2,1.2728
esfuerzo,2,1.2728
acaso,2,1.2728
dotados,2,1.2728
dificultad,2,1.2728
insiste,2,1.2728
atropello,2,1.2728
intolerable,2,1.2728
regresivas,2,1.2728
catalanohablantes,2,1.2728
coherente,2,1.2728
reductor,2,1.2728
manipulaciones,2,1.2728
progreso,2,1.2728
malos,2,1.2728
entendidos,2,1.2728
unilingüisme,2,1.2728
manresa,2,1.2728
navarresa,2,1.2728
complicacions,2,1.2728
estàtiques,2,1.2728
triïn,2,1.2728
vertaders,2,1.2728
hermida,2,1.2728
proposo,2,1.2728
discriminades,2,1.2728
xineses,2,1.2728
áfrica,2,1.2728
ferguson,2,1.2728
socioindividuals,2,1.2728
oliveras,2,1.2728
margalef,2,1.2728
autodefensa,2,1.2728
portunhol,2,1.2728
españogués,2,1.2728
coexisteix,2,1.2728
skutnabb,2,1.2728
kangas,2,1.2728
muysken,2,1.2728
multifactorial,2,1.2728
prediu,2,1.2728
cintia,2,1.2728
immigrar,2,1.2728
não,2,1.2728
mais,2,1.2728
enchufe,2,1.2728
folioa,2,1.2728
ciento,2,1.2728
folios,2,1.2728
jamets,2,1.2728
poplack,2,1.2728
conceptualització,2,1.2728
possibly,2,1.2728
teresaturell,2,1.2728
dominin,2,1.2728
facilitador,2,1.2728
mateos,2,1.2728
maintenance,2,1.2728
loss,2,1.2728
syntactic,2,1.2728
gitanas,2,1.2728
switching,2,1.2728
esf,2,1.2728
methods,2,1.2728
hispanohablante,2,1.2728
convenios,2,1.2728
bibliotecas,2,1.2728
escolaritza,2,1.2728
desencís,2,1.2728
escribe,2,1.2728
antivalencià,2,1.2728
empíric,2,1.2728
profans,2,1.2728
entrevistador,2,1.2728
nena,2,1.2728
auelo,2,1.2728
maneras,2,1.2728
tú,2,1.2728
bocadillo,2,1.2728
intelectualidad,2,1.2728
rebuscado,2,1.2728
intentamos,2,1.2728
estandarditzat,2,1.2728
decía,2,1.2728
digo,2,1.2728
subvalorador,2,1.2728
entrepán,2,1.2728
mullat,2,1.2728
anticatalanista,2,1.2728
reclamava,2,1.2728
encà,2,1.2728
servell,2,1.2728
espectàcul,2,1.2728
agrà,2,1.2728
catufa,2,1.2728
ovi,2,1.2728
palès,2,1.2728
antinormista,2,1.2728
extremistes,2,1.2728
postulat,2,1.2728
profundos,2,1.2728
desvirtuat,2,1.2728
cuesta,2,1.2728
bla,2,1.2728
poquitín,2,1.2728
cerrao,2,1.2728
fig,2,1.2728
dícese,2,1.2728
battistella,2,1.2728
aspardenyaes,2,1.2728
ensenyeu,2,1.2728
tiraba,2,1.2728
valencianot,2,1.2728
benèvola,2,1.2728
luckman,2,1.2728
festinger,2,1.2728
cognicions,2,1.2728
arcuri,2,1.2728
asch,2,1.2728
goffman,2,1.2728
blumer,2,1.2728
psicosocialment,2,1.2728
munduate,2,1.2728
serge,2,1.2728
proclames,2,1.2728
esquarterament,2,1.2728
desacredita,2,1.2728
catalanofòbia,2,1.2728
sarcasme,2,1.2728
pagesia,2,1.2728
sofismes,2,1.2728
implicaran,2,1.2728
complert,2,1.2728
menyspreen,2,1.2728
reconeguera,2,1.2728
nuïtat,2,1.2728
instaurava,2,1.2728
gallegoportuguesa,2,1.2728
freqüències,2,1.2728
metròpoli,2,1.2728
jane,2,1.2728
jacobs,2,1.2728
fragmentacions,2,1.2728
ulrick,2,1.2728
beck,2,1.2728
reforçara,2,1.2728
bolera,2,1.2728
territorialització,2,1.2728
bascòfons,2,1.2728
guetització,2,1.2728
demolingüístiques,2,1.2728
idealitzadores,2,1.2728
ecu,2,1.2728
coeditor,2,1.2728
eti,2,1.2728
videocàmares,2,1.2728
hizkuntza,2,1.2728
politikaren,2,1.2728
oinarriak,2,1.2728
mundos,2,1.2728
alomar,2,1.2728
montreal,2,1.2728
virittäjä,2,1.2728
tampere,2,1.2728
turku,2,1.2728
vaasa,2,1.2728
tromsø,2,1.2728
supervisora,2,1.2728
reniu,2,1.2728
sociolinguistics,2,1.2728
forense,2,1.2728
prometen,1,0.6364
decidim,1,0.6364
reconec,1,0.6364
associe,1,0.6364
intentaré,1,0.6364
guetificació,1,0.6364
rossellà,1,0.6364
contínuums,1,0.6364
entomo,1,0.6364
facilitadora,1,0.6364
esforçada,1,0.6364
callosí,1,0.6364
assumisc,1,0.6364
obligarà,1,0.6364
ponderats,1,0.6364
seriositat,1,0.6364
errònies,1,0.6364
maristes,1,0.6364
compatir,1,0.6364
educa,1,0.6364
majoralies,1,0.6364
saguntina,1,0.6364
drova,1,0.6364
teresia,1,0.6364
alv,1,0.6364
enviarà,1,0.6364
aecpv,1,0.6364
exhaurir,1,0.6364
eucaristies,1,0.6364
ferials,1,0.6364
senars,1,0.6364
tombe,1,0.6364
acoblats,1,0.6364
endogàmia,1,0.6364
contrició,1,0.6364
revestiment,1,0.6364
alleujament,1,0.6364
antiguà,1,0.6364
antiguana,1,0.6364
bahrainià,1,0.6364
bahrainiana,1,0.6364
emiratiana,1,0.6364
karabakhià,1,0.6364
karabakhiana,1,0.6364
mancunià,1,0.6364
mancuniana,1,0.6364
refractària,1,0.6364
fabricada,1,0.6364
ceràmiques,1,0.6364
desapegar,1,0.6364
emmotlament,1,0.6364
colatge,1,0.6364
porós,1,0.6364
laritat,1,0.6364
absorbix,1,0.6364
supervisor,1,0.6364
hifes,1,0.6364
himenòfor,1,0.6364
himen,1,0.6364
obtindran,1,0.6364
agilitza,1,0.6364
franciscanes,1,0.6364
avaluadors,1,0.6364
peñarroya,1,0.6364
pueblonuevo,1,0.6364
coneguérem,1,0.6364
republicacions,1,0.6364
reimpressions,1,0.6364
riades,1,0.6364
candelària,1,0.6364
canelera,1,0.6364
arraval,1,0.6364
documentem,1,0.6364
detectivesc,1,0.6364
grogueta,1,0.6364
bioamplificació,1,0.6364
tòxica,1,0.6364
ddt,1,0.6364
ceràmics,1,0.6364
implants,1,0.6364
pròtesis,1,0.6364
mèdiques,1,0.6364
prosocial,1,0.6364
òxids,1,0.6364
ferrosos,1,0.6364
reductora,1,0.6364
conductuals,1,0.6364
deslocalització,1,0.6364
endòfit,1,0.6364
facultatiu,1,0.6364
fong,1,0.6364
embarassades,1,0.6364
compartició,1,0.6364
tisorada,1,0.6364
damnificades,1,0.6364
nominatives,1,0.6364
coedicions,1,0.6364
resilient,1,0.6364
defallirà,1,0.6364
garant,1,0.6364
arraconament,1,0.6364
encoleritzats,1,0.6364
sábado,1,0.6364
opinable,1,0.6364
agredint,1,0.6364
extralingüístics,1,0.6364
activistes,1,0.6364
añon,1,0.6364
lucía,1,0.6364
balbastre,1,0.6364
joaquina,1,0.6364
bedins,1,0.6364
cecilia,1,0.6364
bernet,1,0.6364
bolinches,1,0.6364
calero,1,0.6364
capilla,1,0.6364
carañana,1,0.6364
carratalà,1,0.6364
casado,1,0.6364
cirbató,1,0.6364
chorques,1,0.6364
gosp,1,0.6364
colonques,1,0.6364
criado,1,0.6364
dávila,1,0.6364
sabina,1,0.6364
renzi,1,0.6364
mírian,1,0.6364
diranzo,1,0.6364
disla,1,0.6364
vanaclocha,1,0.6364
filgueira,1,0.6364
pelufo,1,0.6364
eroles,1,0.6364
devís,1,0.6364
giron,1,0.6364
araque,1,0.6364
gomar,1,0.6364
gomez,1,0.6364
grafià,1,0.6364
albiol,1,0.6364
tobies,1,0.6364
grimaltos,1,0.6364
xulvi,1,0.6364
hurtado,1,0.6364
igualde,1,0.6364
lauder,1,0.6364
andrada,1,0.6364
anabel,1,0.6364
machancoses,1,0.6364
mànyez,1,0.6364
monteverde,1,0.6364
sàez,1,0.6364
marrodán,1,0.6364
mesado,1,0.6364
minetto,1,0.6364
montagut,1,0.6364
montosa,1,0.6364
monxolí,1,0.6364
cerveró,1,0.6364
eusebi,1,0.6364
nàcher,1,0.6364
navarret,1,0.6364
fluxà,1,0.6364
orad,1,0.6364
pachés,1,0.6364
ortolà,1,0.6364
ortuño,1,0.6364
hermini,1,0.6364
jover,1,0.6364
honari,1,0.6364
planell,1,0.6364
puchalt,1,0.6364
fede,1,0.6364
puertos,1,0.6364
ramiro,1,0.6364
rodoric,1,0.6364
tost,1,0.6364
rosell,1,0.6364
soliva,1,0.6364
rosaleny,1,0.6364
abdón,1,0.6364
sanhermelando,1,0.6364
santacreu,1,0.6364
guerrero,1,0.6364
sif,1,0.6364
torreño,1,0.6364
ubach,1,0.6364
dorca,1,0.6364
ubeda,1,0.6364
mañanós,1,0.6364
valldecabres,1,0.6364
nacho,1,0.6364
barnés,1,0.6364
vizcarro,1,0.6364
adherit,1,0.6364
avaeet,1,0.6364
confiteor,1,0.6364
avetid,1,0.6364
saforíssims,1,0.6364
figurarà,1,0.6364
prospere,1,0.6364
postiguet,1,0.6364
rabassa,1,0.6364
bacarot,1,0.6364
amerador,1,0.6364
figurant,1,0.6364
trencaments,1,0.6364
ruptures,1,0.6364
lem,1,0.6364
fórum,1,0.6364
creixerà,1,0.6364
aportada,1,0.6364
responsiva,1,0.6364
convocats,1,0.6364
categòric,1,0.6364
miriam,1,0.6364
railowsky,1,0.6364
angelina,1,0.6364
gatell,1,0.6364
inaugure,1,0.6364
faulkner,1,0.6364
encimbellar,1,0.6364
nàpia,1,0.6364
vulg,1,0.6364
excrement,1,0.6364
importunant,1,0.6364
afirmarem,1,0.6364
convecció,1,0.6364
fregint,1,0.6364
desenvolupadors,1,0.6364
probiòtica,1,0.6364
manxurià,1,0.6364
carbonatada,1,0.6364
agre,1,0.6364
quefir,1,0.6364
voladís,1,0.6364
agrana,1,0.6364
semiconvivència,1,0.6364
telemedicina,1,0.6364
avaluat,1,0.6364
patis,1,0.6364
divertisquen,1,0.6364
visualitzaven,1,0.6364
involucrat,1,0.6364
adonàrem,1,0.6364
compaginades,1,0.6364
valldemossa,1,0.6364
bocabadats,1,0.6364
mostràrem,1,0.6364
compartiren,1,0.6364
inqueres,1,0.6364
rocòdrom,1,0.6364
passejàrem,1,0.6364
recomanarien,1,0.6364
meravellosa,1,0.6364
gratificants,1,0.6364
adomar,1,0.6364
anmupesca,1,0.6364
ambaixadores,1,0.6364
replicada,1,0.6364
intencional,1,0.6364
afammer,1,0.6364
pesqueres,1,0.6364
oenegé,1,0.6364
pescadores,1,0.6364
atorgara,1,0.6364
lleialment,1,0.6364
minorats,1,0.6364
disminuïda,1,0.6364
dràstiques,1,0.6364
perjudicaran,1,0.6364
respectaven,1,0.6364
pressupostari,1,0.6364
salarials,1,0.6364
mutilat,1,0.6364
reflectiran,1,0.6364
pressupostàriament,1,0.6364
quantiosa,1,0.6364
ponderades,1,0.6364
malmeses,1,0.6364
tràgiques,1,0.6364
desenganyar,1,0.6364
maldonado,1,0.6364
impediments,1,0.6364
sentíem,1,0.6364
contubernio,1,0.6364
múnich,1,0.6364
antifranquisme,1,0.6364
suprapartidistes,1,0.6364
copatrocinar,1,0.6364
entenedora,1,0.6364
negrets,1,0.6364
muixerangueres,1,0.6364
antroponímica,1,0.6364
abdó,1,0.6364
abdon,1,0.6364
maldats,1,0.6364
canyota,1,0.6364
grills,1,0.6364
cacauada,1,0.6364
endonucleases,1,0.6364
inductores,1,0.6364
biomètriques,1,0.6364
microorganisme,1,0.6364
algoritmes,1,0.6364
sensors,1,0.6364
nòdul,1,0.6364
polimetàl,1,0.6364
concèntriques,1,0.6364
hidròxids,1,0.6364
manganés,1,0.6364
revaluació,1,0.6364
revaluar,1,0.6364
osmòtiques,1,0.6364
tratamiento,1,0.6364
fonéticas,1,0.6364
upper,1,0.6364
tlas,1,0.6364
etnográfico,1,0.6364
borao,1,0.6364
abaejo,1,0.6364
alvar,1,0.6364
abadecho,1,0.6364
andolz,1,0.6364
panxo,1,0.6364
ikea,1,0.6364
embastades,1,0.6364
convidaven,1,0.6364
llegirà,1,0.6364
injecta,1,0.6364
surten,1,0.6364
prescriptor,1,0.6364
convenç,1,0.6364
fidelitzar,1,0.6364
gpt,1,0.6364
litzador,1,0.6364
guin,1,0.6364
intemporal,1,0.6364
insularitat,1,0.6364
separe,1,0.6364
relatarien,1,0.6364
costant,1,0.6364
representara,1,0.6364
camus,1,0.6364
publicaré,1,0.6364
gin,1,0.6364
desaforada,1,0.6364
porega,1,0.6364
insensata,1,0.6364
lletjor,1,0.6364
tasta,1,0.6364
restauradors,1,0.6364
regañá,1,0.6364
bailaor,1,0.6364
preconcebuts,1,0.6364
rememorades,1,0.6364
funesta,1,0.6364
renovables,1,0.6364
apicultura,1,0.6364
explotacions,1,0.6364
apícoles,1,0.6364
obesitat,1,0.6364
multidisciplinària,1,0.6364
alizonenco,1,0.6364
enguerins,1,0.6364
gravada,1,0.6364
transportarà,1,0.6364
desficio,1,0.6364
tarroz,1,0.6364
sulsida,1,0.6364
ligacamas,1,0.6364
mamades,1,0.6364
mutualment,1,0.6364
barberán,1,0.6364
impose,1,0.6364
ítems,1,0.6364
ciberseguretat,1,0.6364
generativa,1,0.6364
engrescadors,1,0.6364
signaran,1,0.6364
sedia,1,0.6364
bsc,1,0.6364
cns,1,0.6364
ilenia,1,0.6364
hitz,1,0.6364
ilg,1,0.6364
tecnoloxías,1,0.6364
intelixentes,1,0.6364
citius,1,0.6364
cenid,1,0.6364
avanzados,1,0.6364
ceatic,1,0.6364
supervisarà,1,0.6364
transgressors,1,0.6364
thomàs,1,0.6364
cleveland,1,0.6364
constituix,1,0.6364
borredà,1,0.6364
vinyals,1,0.6364
teuladina,1,0.6364
teuladera,1,0.6364
godeller,1,0.6364
godellera,1,0.6364
godellenc,1,0.6364
godellenca,1,0.6364
godellà,1,0.6364
godellana,1,0.6364
acurtaven,1,0.6364
reproduïen,1,0.6364
reduccionista,1,0.6364
mimèticament,1,0.6364
incial,1,0.6364
kilòmetre,1,0.6364
kilómetro,1,0.6364
kilomètre,1,0.6364
quilômetro,1,0.6364
chilometro,1,0.6364
abreviadament,1,0.6364
quilovat,1,0.6364
lcd,1,0.6364
pvc,1,0.6364
capitana,1,0.6364
ajocador,1,0.6364
boqueres,1,0.6364
canyissola,1,0.6364
carcassar,1,0.6364
bilateral,1,0.6364
exhibit,1,0.6364
esgrimix,1,0.6364
poposar,1,0.6364
restem,1,0.6364
youtubers,1,0.6364
mereixem,1,0.6364
invisibilitzen,1,0.6364
categoritzades,1,0.6364
centrara,1,0.6364
streaming,1,0.6364
acceleradora,1,0.6364
gatzara,1,0.6364
vetllem,1,0.6364
presencials,1,0.6364
gestionem,1,0.6364
patacona,1,0.6364
parterre,1,0.6364
palmerar,1,0.6364
rapejant,1,0.6364
cantem,1,0.6364
ballant,1,0.6364
forçós,1,0.6364
categòricament,1,0.6364
lesiona,1,0.6364
minusvalora,1,0.6364
retrògrad,1,0.6364
ricerca,1,0.6364
perfetta,1,0.6364
poliglotes,1,0.6364
sabran,1,0.6364
entendrien,1,0.6364
cartografiades,1,0.6364
adaza,1,0.6364
panizo,1,0.6364
panoja,1,0.6364
annanies,1,0.6364
ananies,1,0.6364
segartina,1,0.6364
segardina,1,0.6364
mascarellera,1,0.6364
chichi,1,0.6364
toponomastica,1,0.6364
siciliana,1,0.6364
metodi,1,0.6364
prospettive,1,0.6364
transmeta,1,0.6364
euroïtzar,1,0.6364
mixologia,1,0.6364
ouija,1,0.6364
doula,1,0.6364
càmper,1,0.6364
breakdance,1,0.6364
gentrificar,1,0.6364
adquisitiu,1,0.6364
plasmen,1,0.6364
eixamplaments,1,0.6364
explosives,1,0.6364
impact,1,0.6364
aixeta,1,0.6364
xirivia,1,0.6364
xaveta,1,0.6364
premiades,1,0.6364
proactives,1,0.6364
cansades,1,0.6364
fartes,1,0.6364
nyespros,1,0.6364
minxos,1,0.6364
coeducació,1,0.6364
naia,1,0.6364
esdevindrem,1,0.6364
corregixen,1,0.6364
nodrix,1,0.6364
irrevocabilitat,1,0.6364
inesquivable,1,0.6364
estones,1,0.6364
grandiloqüència,1,0.6364
flexo,1,0.6364
vitae,1,0.6364
memorització,1,0.6364
inconfusibles,1,0.6364
trossa,1,0.6364
sobretrossa,1,0.6364
dogal,1,0.6364
drissa,1,0.6364
escota,1,0.6364
orsar,1,0.6364
empopada,1,0.6364
alejandra,1,0.6364
stalingrad,1,0.6364
parisenca,1,0.6364
gumbau,1,0.6364
sociétés,1,0.6364
savantes,1,0.6364
danton,1,0.6364
graneria,1,0.6364
cursà,1,0.6364
avr,1,0.6364
rengle,1,0.6364
integrà,1,0.6364
regimiento,1,0.6364
envià,1,0.6364
wenceslao,1,0.6364
roces,1,0.6364
vençuda,1,0.6364
emigración,1,0.6364
sere,1,0.6364
apartà,1,0.6364
occitània,1,0.6364
temptejos,1,0.6364
intercomunicador,1,0.6364
auricular,1,0.6364
esportistes,1,0.6364
pinganillo,1,0.6364
identificacions,1,0.6364
abonat,1,0.6364
legitimate,1,0.6364
purpose,1,0.6364
storing,1,0.6364
preferences,1,0.6364
requested,1,0.6364
subscriber,1,0.6364
user,1,0.6364
purposes,1,0.6364
emmagatzemada,1,0.6364
viurem,1,0.6364
gê,1,0.6364
anunciador,1,0.6364
spantables,1,0.6364
sclibsi,1,0.6364
scurirà,1,0.6364
cauran,1,0.6364
cayguen,1,0.6364
moguen,1,0.6364
insòlites,1,0.6364
edità,1,0.6364
sobirana,1,0.6364
fŏrum,1,0.6364
metafonia,1,0.6364
fŏrī,1,0.6364
fuoro,1,0.6364
pregam,1,0.6364
manam,1,0.6364
volrran,1,0.6364
mantenguen,1,0.6364
jutgen,1,0.6364
juraren,1,0.6364
confirmaren,1,0.6364
universis,1,0.6364
habitatoribus,1,0.6364
civitatis,1,0.6364
totius,1,0.6364
valentie,1,0.6364
perpètuament,1,0.6364
quod,1,0.6364
dictis,1,0.6364
foris,1,0.6364
consuetudinibus,1,0.6364
utantur,1,0.6364
teneantur,1,0.6364
cetero,1,0.6364
causis,1,0.6364
derogà,1,0.6364
cucurutxo,1,0.6364
terrina,1,0.6364
neula,1,0.6364
xamvi,1,0.6364
xanvi,1,0.6364
xambi,1,0.6364
xambit,1,0.6364
compràvem,1,0.6364
xambits,1,0.6364
galetes,1,0.6364
gelaters,1,0.6364
xambiter,1,0.6364
xàmbits,1,0.6364
sandvitx,1,0.6364
canapés,1,0.6364
aristòcrata,1,0.6364
escriptori,1,0.6364
prosaiques,1,0.6364
kebab,1,0.6364
wrap,1,0.6364
piadina,1,0.6364
focaccia,1,0.6364
procrastinar,1,0.6364
procrastinava,1,0.6364
aderir,1,0.6364
baronies,1,0.6364
necesari,1,0.6364
diferint,1,0.6364
poticaris,1,0.6364
enmich,1,0.6364
abant,1,0.6364
cantonades,1,0.6364
aguaytar,1,0.6364
aguardant,1,0.6364
aguera,1,0.6364
chent,1,0.6364
entremesclar,1,0.6364
guardes,1,0.6364
impasients,1,0.6364
atahulla,1,0.6364
anaben,1,0.6364
ronsechant,1,0.6364
ronsegem,1,0.6364
estupefactes,1,0.6364
relliscada,1,0.6364
ronseja,1,0.6364
ronser,1,0.6364
fuet,1,0.6364
acceleraven,1,0.6364
alentien,1,0.6364
ronses,1,0.6364
råmz,1,0.6364
romz,1,0.6364
despuys,1,0.6364
fastijosa,1,0.6364
ronçant,1,0.6364
alargant,1,0.6364
aparés,1,0.6364
arrunsar,1,0.6364
entrant,1,0.6364
phariseu,1,0.6364
desfreçada,1,0.6364
alterà,1,0.6364
arrunçant,1,0.6364
cella,1,0.6364
peluix,1,0.6364
fandom,1,0.6364
antropomòrfics,1,0.6364
subcultura,1,0.6364
underground,1,0.6364
fanzins,1,0.6364
homòfona,1,0.6364
pensarà,1,0.6364
pertorbades,1,0.6364
estopa,1,0.6364
alaquás,1,0.6364
carecen,1,0.6364
poseen,1,0.6364
prendas,1,0.6364
popularistes,1,0.6364
emancipada,1,0.6364
adonara,1,0.6364
púrria,1,0.6364
furris,1,0.6364
eritema,1,0.6364
enrogiment,1,0.6364
borradura,1,0.6364
currutaco,1,0.6364
añ,1,0.6364
vinticuatre,1,0.6364
olfato,1,0.6364
hidrònim,1,0.6364
hýdros,1,0.6364
óros,1,0.6364
thálassa,1,0.6364
fitotopònim,1,0.6364
phytón,1,0.6364
salze,1,0.6364
zootopònim,1,0.6364
zoón,1,0.6364
antrotopònim,1,0.6364
hagiotopònims,1,0.6364
hágios,1,0.6364
tautó,1,0.6364
encendran,1,0.6364
passacarrers,1,0.6364
cavalcades,1,0.6364
foguerers,1,0.6364
comissionats,1,0.6364
rakún,1,0.6364
rukún,1,0.6364
rukn,1,0.6364
criaes,1,0.6364
ahina,1,0.6364
delirants,1,0.6364
queens,1,0.6364
elogiats,1,0.6364
megalòmans,1,0.6364
reinterpretant,1,0.6364
conspira,1,0.6364
escodrinyem,1,0.6364
metànoia,1,0.6364
prosternació,1,0.6364
bizantins,1,0.6364
escilitzes,1,0.6364
budisme,1,0.6364
tibetà,1,0.6364
pontĭfex,1,0.6364
juridicosacerdotal,1,0.6364
pontífexs,1,0.6364
pontificum,1,0.6364
gracià,1,0.6364
sirici,1,0.6364
fícia,1,0.6364
cúria,1,0.6364
soli,1,0.6364
papat,1,0.6364
llançol,1,0.6364
pontificar,1,0.6364
pontificals,1,0.6364
episcopals,1,0.6364
sumptuosament,1,0.6364
magiar,1,0.6364
colenda,1,0.6364
santificar,1,0.6364
adoraven,1,0.6364
cirial,1,0.6364
parafina,1,0.6364
cereus,1,0.6364
ceri,1,0.6364
pesava,1,0.6364
perruca,1,0.6364
destorbant,1,0.6364
documentava,1,0.6364
magdalener,1,0.6364
vítol,1,0.6364
comprenc,1,0.6364
chóvens,1,0.6364
noviache,1,0.6364
sirialot,1,0.6364
detràs,1,0.6364
almanac,1,0.6364
asteroides,1,0.6364
ephemĕris,1,0.6364
ἐφημερίς,1,0.6364
ήμέρα,1,0.6364
quala,1,0.6364
effímera,1,0.6364
estevez,1,0.6364
cànters,1,0.6364
canterelles,1,0.6364
porosa,1,0.6364
menjà,1,0.6364
onsevulla,1,0.6364
esporàdic,1,0.6364
dòna,1,0.6364
pobila,1,0.6364
morante,1,0.6364
tacona,1,0.6364
llesta,1,0.6364
carroça,1,0.6364
cundint,1,0.6364
firmant,1,0.6364
tapes,1,0.6364
conservades,1,0.6364
demús,1,0.6364
enans,1,0.6364
aensús,1,0.6364
zalbidea,1,0.6364
precisem,1,0.6364
heteroparental,1,0.6364
heterosexual,1,0.6364
consanguinitat,1,0.6364
afinitat,1,0.6364
sabents,1,0.6364
patriarchals,1,0.6364
profetals,1,0.6364
piadós,1,0.6364
exellats,1,0.6364
bandejats,1,0.6364
monomarental,1,0.6364
marental,1,0.6364
paternal,1,0.6364
maternal,1,0.6364
monoparentals,1,0.6364
metaphŏra,1,0.6364
μεταφορά,1,0.6364
popularista,1,0.6364
succeïts,1,0.6364
estafa,1,0.6364
inapetència,1,0.6364
digestives,1,0.6364
anorexía,1,0.6364
orexe,1,0.6364
apetit,1,0.6364
inducció,1,0.6364
vòmit,1,0.6364
vigorèxia,1,0.6364
ortorèxia,1,0.6364
patològica,1,0.6364
obsessions,1,0.6364
patològiques,1,0.6364
tanorèxia,1,0.6364
cosmeticorèxia,1,0.6364
addicció,1,0.6364
compulsiva,1,0.6364
cosmètics,1,0.6364
alcohorèxia,1,0.6364
ebriorèxia,1,0.6364
drunkorèxia,1,0.6364
drunk,1,0.6364
calòric,1,0.6364
operaris,1,0.6364
extenuants,1,0.6364
emportaven,1,0.6364
termo,1,0.6364
compraven,1,0.6364
afegien,1,0.6364
canviava,1,0.6364
plis,1,0.6364
plai,1,0.6364
burret,1,0.6364
granissat,1,0.6364
barraqueta,1,0.6364
llapissereta,1,0.6364
butanito,1,0.6364
bitter,1,0.6364
xinet,1,0.6364
granadina,1,0.6364
indigestió,1,0.6364
blaüra,1,0.6364
hematoma,1,0.6364
varicel,1,0.6364
carbons,1,0.6364
intestí,1,0.6364
expel,1,0.6364
defecació,1,0.6364
mēcōnium,1,0.6364
mēkṓnion,1,0.6364
somnífers,1,0.6364
tenyida,1,0.6364
amniòtic,1,0.6364
fetal,1,0.6364
urdú,1,0.6364
ibèrics,1,0.6364
kāla,1,0.6364
kali,1,0.6364
alzireny,1,0.6364
trabuc,1,0.6364
asi,1,0.6364
huí,1,0.6364
apoquinar,1,0.6364
miches,1,0.6364
cóm,1,0.6364
cuan,1,0.6364
apoquinaràs,1,0.6364
paripé,1,0.6364
paruipén,1,0.6364
fingiment,1,0.6364
baxtalo,1,0.6364
maskarthemutno,1,0.6364
rromano,1,0.6364
dive,1,0.6364
vestixen,1,0.6364
vestes,1,0.6364
granaders,1,0.6364
culminants,1,0.6364
crucis,1,0.6364
devocional,1,0.6364
asseguradores,1,0.6364
ekseɔ,1,0.6364
emmanillat,1,0.6364
inri,1,0.6364
iesus,1,0.6364
nazarenus,1,0.6364
rex,1,0.6364
iudaeorum,1,0.6364
ironies,1,0.6364
hur,1,0.6364
messala,1,0.6364
farciments,1,0.6364
crestada,1,0.6364
tró,1,0.6364
ára,1,0.6364
destapat,1,0.6364
cocòt,1,0.6364
veém,1,0.6364
coént,1,0.6364
recafèrro,1,0.6364
aném,1,0.6364
tarabella,1,0.6364
eixirém,1,0.6364
aon,1,0.6364
podrém,1,0.6364
cocoter,1,0.6364
pregonava,1,0.6364
cocotada,1,0.6364
exterioritzar,1,0.6364
reproduïa,1,0.6364
còses,1,0.6364
degradant,1,0.6364
empastrada,1,0.6364
asò,1,0.6364
acompañat,1,0.6364
ruïdo,1,0.6364
hacha,1,0.6364
stagflation,1,0.6364
inflation,1,0.6364
ian,1,0.6364
mcleod,1,0.6364
estanflación,1,0.6364
replicant,1,0.6364
inflación,1,0.6364
estagnants,1,0.6364
embassades,1,0.6364
stagnare,1,0.6364
estancar,1,0.6364
estanyar,1,0.6364
stagnu,1,0.6364
aer,1,0.6364
estayns,1,0.6364
dolçes,1,0.6364
liurament,1,0.6364
albuferes,1,0.6364
reyals,1,0.6364
nengú,1,0.6364
cadafals,1,0.6364
allargue,1,0.6364
grues,1,0.6364
ideat,1,0.6364
cabiró,1,0.6364
trombó,1,0.6364
telescòpica,1,0.6364
lliscava,1,0.6364
sacabucho,1,0.6364
sacabuche,1,0.6364
sakbút,1,0.6364
boute,1,0.6364
buche,1,0.6364
relacionaria,1,0.6364
unflades,1,0.6364
descavalcar,1,0.6364
sacquer,1,0.6364
bouter,1,0.6364
significaven,1,0.6364
accionats,1,0.6364
menysvalorar,1,0.6364
kryptós,1,0.6364
gyné,1,0.6364
criptograma,1,0.6364
xifrat,1,0.6364
ginecologia,1,0.6364
genital,1,0.6364
escultora,1,0.6364
labrandero,1,0.6364
anunciadors,1,0.6364
franquiciades,1,0.6364
despersonalitzades,1,0.6364
artesana,1,0.6364
reconstituent,1,0.6364
albardades,1,0.6364
arrebossades,1,0.6364
nyofar,1,0.6364
esclafen,1,0.6364
abonyegar,1,0.6364
demaneu,1,0.6364
mentida,1,0.6364
monoverí,1,0.6364
nespla,1,0.6364
disfruteu,1,0.6364
nyofles,1,0.6364
emmagatzemàvem,1,0.6364
hammersly,1,0.6364
guardian,1,0.6364
reproductors,1,0.6364
ipod,1,0.6364
broadcasting,1,0.6364
podcàsting,1,0.6364
podcaster,1,0.6364
podcastera,1,0.6364
indicaven,1,0.6364
anticiclons,1,0.6364
borrasques,1,0.6364
laboratius,1,0.6364
instagrameable,1,0.6364
candilazo,1,0.6364
candil,1,0.6364
roent,1,0.6364
incandescents,1,0.6364
compartiu,1,0.6364
çatalhöyük,1,0.6364
anatòlia,1,0.6364
architectura,1,0.6364
vitruvi,1,0.6364
professionalitzada,1,0.6364
costejar,1,0.6364
pianta,1,0.6364
plant,1,0.6364
perceberen,1,0.6364
invertiria,1,0.6364
deambula,1,0.6364
viratges,1,0.6364
desafeccions,1,0.6364
pobrissona,1,0.6364
aferra,1,0.6364
encapsulats,1,0.6364
escafandres,1,0.6364
cabòries,1,0.6364
mancelli,1,0.6364
sit,1,0.6364
boixac,1,0.6364
floretes,1,0.6364
tricholoma,1,0.6364
equestre,1,0.6364
grana,1,0.6364
barça,1,0.6364
merengue,1,0.6364
reds,1,0.6364
azzurri,1,0.6364
longituds,1,0.6364
ascendit,1,0.6364
krókos,1,0.6364
karkom,1,0.6364
kurkum,1,0.6364
amarillo,1,0.6364
amarelo,1,0.6364
jaune,1,0.6364
giallo,1,0.6364
yellow,1,0.6364
croco,1,0.6364
krokus,1,0.6364
uniformats,1,0.6364
paregueren,1,0.6364
convingueren,1,0.6364
zēlus,1,0.6364
zē,1,0.6364
zeĩn,1,0.6364
apuntala,1,0.6364
zèle,1,0.6364
zelo,1,0.6364
moguts,1,0.6364
denunciaren,1,0.6364
retardataris,1,0.6364
enfilant,1,0.6364
acumulativament,1,0.6364
fervorosa,1,0.6364
coagulant,1,0.6364
fervents,1,0.6364
eimeric,1,0.6364
compilat,1,0.6364
christiana,1,0.6364
zelotes,1,0.6364
politicoreligiós,1,0.6364
vehement,1,0.6364
davants,1,0.6364
dominadors,1,0.6364
facció,1,0.6364
aguerrits,1,0.6364
hormonals,1,0.6364
chaleur,1,0.6364
calore,1,0.6364
pul,1,0.6364
çels,1,0.6364
desaventura,1,0.6364
ratificà,1,0.6364
otel,1,0.6364
mortifica,1,0.6364
encunyen,1,0.6364
registradora,1,0.6364
emetíem,1,0.6364
punitiu,1,0.6364
punitivism,1,0.6364
punīre,1,0.6364
poenīre,1,0.6364
poin,1,0.6364
explorats,1,0.6364
ʷ,1,0.6364
escampada,1,0.6364
punició,1,0.6364
penalti,1,0.6364
penitent,1,0.6364
maleficis,1,0.6364
talió,1,0.6364
executarà,1,0.6364
reparadora,1,0.6364
satisfetes,1,0.6364
girem,1,0.6364
reincidir,1,0.6364
dissuasori,1,0.6364
punitivista,1,0.6364
deturpant,1,0.6364
redolant,1,0.6364
evolutives,1,0.6364
encastades,1,0.6364
ensordiments,1,0.6364
emmudiments,1,0.6364
llimant,1,0.6364
indistingible,1,0.6364
cultistes,1,0.6364
barbrismes,1,0.6364
introduhits,1,0.6364
algutzir,1,0.6364
fragrante,1,0.6364
góngora,1,0.6364
calderón,1,0.6364
tirso,1,0.6364
marido,1,0.6364
matare,1,0.6364
adúltero,1,0.6364
adúltera,1,0.6364
tomase,1,0.6364
delito,1,0.6364
hecha,1,0.6364
ganase,1,0.6364
dote,1,0.6364
matase,1,0.6364
deflagració,1,0.6364
conflagració,1,0.6364
flagrans,1,0.6364
delictivament,1,0.6364
pillat,1,0.6364
flagranti,1,0.6364
crimĭne,1,0.6364
fraternal,1,0.6364
intricat,1,0.6364
fragans,1,0.6364
antis,1,0.6364
olorós,1,0.6364
engendrades,1,0.6364
disseminats,1,0.6364
sorprendríem,1,0.6364
adonaríem,1,0.6364
bascula,1,0.6364
etimologista,1,0.6364
clavis,1,0.6364
conclavis,1,0.6364
reuní,1,0.6364
terrenals,1,0.6364
vandàlica,1,0.6364
foradaren,1,0.6364
traumàtic,1,0.6364
ubi,1,0.6364
periculum,1,0.6364
ingerències,1,0.6364
progressives,1,0.6364
fantasiejar,1,0.6364
enquista,1,0.6364
discutisquen,1,0.6364
seque,1,0.6364
falte,1,0.6364
coneixereu,1,0.6364
impugnà,1,0.6364
camell,1,0.6364
significacions,1,0.6364
pontificis,1,0.6364
profètiques,1,0.6364
malaquies,1,0.6364
telepredicadors,1,0.6364
crèduls,1,0.6364
pagueu,1,0.6364
aboque,1,0.6364
situara,1,0.6364
magnats,1,0.6364
messiànica,1,0.6364
reconciliats,1,0.6364
conseqüents,1,0.6364
pluto,1,0.6364
ploutos,1,0.6364
teocràcia,1,0.6364
pietoses,1,0.6364
plutocracia,1,0.6364
enciclopédico,1,0.6364
ploutocratie,1,0.6364
doublet,1,0.6364
mémoires,1,0.6364
xenophon,1,0.6364
elucidar,1,0.6364
virulents,1,0.6364
plutokratie,1,0.6364
plutocrazia,1,0.6364
acusaven,1,0.6364
capitalistes,1,0.6364
detentors,1,0.6364
maniobraren,1,0.6364
sempiterns,1,0.6364
reviscolen,1,0.6364
cordel,1,0.6364
doncel,1,0.6364
grafiava,1,0.6364
ordenanzas,1,0.6364
estovieren,1,0.6364
ordenados,1,0.6364
alancel,1,0.6364
alanzel,1,0.6364
ánzǟl,1,0.6364
nuzl,1,0.6364
recàrrecs,1,0.6364
uzbeka,1,0.6364
samarcanda,1,0.6364
deficitàries,1,0.6364
arques,1,0.6364
lliurecanvistes,1,0.6364
esclaten,1,0.6364
abruptament,1,0.6364
somortes,1,0.6364
despertem,1,0.6364
complementem,1,0.6364
inseguretats,1,0.6364
etèries,1,0.6364
arrogāre,1,0.6364
arrogantia,1,0.6364
delecta,1,0.6364
olímpia,1,0.6364
epir,1,0.6364
adúlter,1,0.6364
incommensurable,1,0.6364
vastos,1,0.6364
abastaven,1,0.6364
immediacions,1,0.6364
discorregué,1,0.6364
darios,1,0.6364
vencé,1,0.6364
gaugamela,1,0.6364
implantà,1,0.6364
irreverents,1,0.6364
clitos,1,0.6364
gosà,1,0.6364
arroguen,1,0.6364
certera,1,0.6364
deliris,1,0.6364
inalterats,1,0.6364
champaigne,1,0.6364
erràticament,1,0.6364
aixopluga,1,0.6364
andròmines,1,0.6364
titlem,1,0.6364
relliscós,1,0.6364
aberration,1,0.6364
erratio,1,0.6364
etnocèntrica,1,0.6364
ecialment,1,0.6364
vullguem,1,0.6364
sobradament,1,0.6364
hamburgueses,1,0.6364
salsitxes,1,0.6364
frànkfurt,1,0.6364
sinapis,1,0.6364
mecanoscrit,1,0.6364
errata,1,0.6364
mecanogràfica,1,0.6364
descartable,1,0.6364
deguera,1,0.6364
subreptícia,1,0.6364
assa,1,0.6364
mostaza,1,0.6364
moustarde,1,0.6364
ardens,1,0.6364
mustalia,1,0.6364
mustalis,1,0.6364
mostaya,1,0.6364
sembrades,1,0.6364
germinar,1,0.6364
mostalia,1,0.6364
sināpi,1,0.6364
taxonòmica,1,0.6364
sinapisme,1,0.6364
pulmonars,1,0.6364
paràboles,1,0.6364
predicades,1,0.6364
acuiten,1,0.6364
patírem,1,0.6364
buscadors,1,0.6364
crivellen,1,0.6364
bigarradament,1,0.6364
desolació,1,0.6364
apilats,1,0.6364
fangosa,1,0.6364
planxes,1,0.6364
rovellades,1,0.6364
avisaren,1,0.6364
velat,1,0.6364
meteoròleg,1,0.6364
erial,1,0.6364
labrantía,1,0.6364
amerà,1,0.6364
regnava,1,0.6364
voraçment,1,0.6364
rectificada,1,0.6364
mejorada,1,0.6364
acepciones,1,0.6364
diacrónico,1,0.6364
gaceta,1,0.6364
antecessor,1,0.6364
jornales,1,0.6364
virreina,1,0.6364
embargament,1,0.6364
fluïxen,1,0.6364
lab,1,0.6364
emmagatzemem,1,0.6364
existim,1,0.6364
ocàs,1,0.6364
commemoren,1,0.6364
druides,1,0.6364
segellar,1,0.6364
enganxen,1,0.6364
germinen,1,0.6364
embolcallar,1,0.6364
corsecar,1,0.6364
sibi,1,0.6364
cacat,1,0.6364
transmissor,1,0.6364
excrescències,1,0.6364
branquetes,1,0.6364
untades,1,0.6364
fatalment,1,0.6364
viscum,1,0.6364
muérdago,1,0.6364
mors,1,0.6364
folicum,1,0.6364
toxicitat,1,0.6364
mordiscus,1,0.6364
mossegada,1,0.6364
parasitària,1,0.6364
voluptuós,1,0.6364
experimentalment,1,0.6364
tenebroses,1,0.6364
germanet,1,0.6364
xatos,1,0.6364
leitmotiv,1,0.6364
desdibuixats,1,0.6364
xàvega,1,0.6364
verbós,1,0.6364
pompositat,1,0.6364
noucentistes,1,0.6364
eximi,1,0.6364
inclogué,1,0.6364
repensà,1,0.6364
suggerí,1,0.6364
infiltrada,1,0.6364
qualificava,1,0.6364
aplatat,1,0.6364
platýs,1,0.6364
lacerant,1,0.6364
mïago,1,0.6364
pecado,1,0.6364
déjenle,1,0.6364
miseria,1,0.6364
sonado,1,0.6364
plŏvĕre,1,0.6364
plorare,1,0.6364
carinyós,1,0.6364
peguem,1,0.6364
enunciem,1,0.6364
retinguda,1,0.6364
plogué,1,0.6364
alleujant,1,0.6364
indegudament,1,0.6364
esborrem,1,0.6364
circularitat,1,0.6364
naixem,1,0.6364
morim,1,0.6364
futūrus,1,0.6364
amatus,1,0.6364
amans,1,0.6364
amantis,1,0.6364
amaturus,1,0.6364
nasciturus,1,0.6364
clusa,1,0.6364
sanctíssima,1,0.6364
donzelles,1,0.6364
molesteu,1,0.6364
condemne,1,0.6364
injustificades,1,0.6364
infernal,1,0.6364
mortifiquen,1,0.6364
injustes,1,0.6364
aterridor,1,0.6364
microscòpiques,1,0.6364
arrancades,1,0.6364
evocà,1,0.6364
reconvertits,1,0.6364
arrossers,1,0.6364
enfangats,1,0.6364
agarrà,1,0.6364
muler,1,0.6364
ere,1,0.6364
gaschó,1,0.6364
jahia,1,0.6364
jalonen,1,0.6364
dramatisme,1,0.6364
deshonestos,1,0.6364
descontrolat,1,0.6364
fangós,1,0.6364
reprovacions,1,0.6364
embassaments,1,0.6364
fanh,1,0.6364
fange,1,0.6364
fogir,1,0.6364
estofa,1,0.6364
cisellada,1,0.6364
lletja,1,0.6364
insondables,1,0.6364
caneles,1,0.6364
ecclésia,1,0.6364
ecclésies,1,0.6364
operà,1,0.6364
afanyarien,1,0.6364
peregrinus,1,0.6364
papӯrus,1,0.6364
marble,1,0.6364
marmor,1,0.6364
incomprensiblement,1,0.6364
lícitament,1,0.6364
pamplines,1,0.6364
hiperbòlicament,1,0.6364
homicidis,1,0.6364
calamitosos,1,0.6364
riuada,1,0.6364
pantanada,1,0.6364
disastro,1,0.6364
astro,1,0.6364
disastrum,1,0.6364
ἄστρον,1,0.6364
ástron,1,0.6364
desintegrava,1,0.6364
recobria,1,0.6364
alineacions,1,0.6364
benastruc,1,0.6364
malastruc,1,0.6364
desgastant,1,0.6364
anodines,1,0.6364
morbo,1,0.6364
desafia,1,0.6364
llampant,1,0.6364
empindongado,1,0.6364
empindongar,1,0.6364
dolset,1,0.6364
pasant,1,0.6364
copetes,1,0.6364
siñó,1,0.6364
fasa,1,0.6364
entredit,1,0.6364
imperava,1,0.6364
deambulant,1,0.6364
ociosament,1,0.6364
insulto,1,0.6364
ambages,1,0.6364
pingo,1,0.6364
pendón,1,0.6364
pendicāre,1,0.6364
penon,1,0.6364
onejava,1,0.6364
penna,1,0.6364
vistosos,1,0.6364
estandards,1,0.6364
concitant,1,0.6364
púdica,1,0.6364
enigmàtics,1,0.6364
copeta,1,0.6364
dotades,1,0.6364
inextricables,1,0.6364
adquiriran,1,0.6364
abandonades,1,0.6364
cuneta,1,0.6364
sinuositat,1,0.6364
còrtex,1,0.6364
invencions,1,0.6364
abandonem,1,0.6364
difunta,1,0.6364
convalescència,1,0.6364
pretèrites,1,0.6364
vivant,1,0.6364
tomistes,1,0.6364
evangelii,1,0.6364
corseca,1,0.6364
kêdos,1,0.6364
camarades,1,0.6364
paralitzen,1,0.6364
kad,1,0.6364
reagrupar,1,0.6364
haters,1,0.6364
difamadors,1,0.6364
insultants,1,0.6364
héɪtə,1,0.6364
hɛ,1,0.6364
jteɾ,1,0.6364
alzhèimer,1,0.6364
guèiser,1,0.6364
ə,1,0.6364
fervorós,1,0.6364
concita,1,0.6364
seguidor,1,0.6364
sospesar,1,0.6364
corces,1,0.6364
cèrvids,1,0.6364
berrugoses,1,0.6364
enforquillen,1,0.6364
cossiol,1,0.6364
matarranya,1,0.6364
organitzaven,1,0.6364
batudes,1,0.6364
incentiu,1,0.6364
matarà,1,0.6364
lop,1,0.6364
meravellós,1,0.6364
portarien,1,0.6364
sukarra,1,0.6364
kar,1,0.6364
cremor,1,0.6364
calentura,1,0.6364
amburo,1,0.6364
soflamar,1,0.6364
socarraet,1,0.6364
xativins,1,0.6364
autodenominar,1,0.6364
orgullosament,1,0.6364
comandades,1,0.6364
bidal,1,0.6364
asfeld,1,0.6364
incendiaren,1,0.6364
càustica,1,0.6364
socarrão,1,0.6364
despenjat,1,0.6364
boví,1,0.6364
percebran,1,0.6364
chuscarrar,1,0.6364
seco,1,0.6364
churrascar,1,0.6364
churrasco,1,0.6364
boirosament,1,0.6364
desplace,1,0.6364
apartaments,1,0.6364
residències,1,0.6364
caldosos,1,0.6364
sobrevola,1,0.6364
plàcids,1,0.6364
georgie,1,0.6364
dann,1,0.6364
chuletas,1,0.6364
axungĭa,1,0.6364
ăxis,1,0.6364
ungĕre,1,0.6364
rodara,1,0.6364
engüent,1,0.6364
consolda,1,0.6364
axúngia,1,0.6364
enxúndia,1,0.6364
utilitzàvem,1,0.6364
enxulha,1,0.6364
enxulla,1,0.6364
postís,1,0.6364
sugna,1,0.6364
fregida,1,0.6364
cuinada,1,0.6364
chuletón,1,0.6364
transparents,1,0.6364
xuieta,1,0.6364
negaven,1,0.6364
porcina,1,0.6364
marrans,1,0.6364
tornaven,1,0.6364
amollaven,1,0.6364
grandeses,1,0.6364
xulles,1,0.6364
encapsular,1,0.6364
barrots,1,0.6364
asèpticament,1,0.6364
sacsada,1,0.6364
parentescos,1,0.6364
embrollat,1,0.6364
avinguts,1,0.6364
desembrollar,1,0.6364
inhòspits,1,0.6364
regats,1,0.6364
paradisíacs,1,0.6364
caldea,1,0.6364
èufrates,1,0.6364
br,1,0.6364
habitaren,1,0.6364
leïtat,1,0.6364
jahvé,1,0.6364
engendrant,1,0.6364
corregueren,1,0.6364
patiren,1,0.6364
agruparen,1,0.6364
filisteu,1,0.6364
gloriosament,1,0.6364
assiris,1,0.6364
preservà,1,0.6364
endogàmiques,1,0.6364
jueues,1,0.6364
assentaren,1,0.6364
fustigats,1,0.6364
assetjats,1,0.6364
usurer,1,0.6364
pogrom,1,0.6364
massacre,1,0.6364
assalts,1,0.6364
antisemites,1,0.6364
jueria,1,0.6364
muyren,1,0.6364
villarrasa,1,0.6364
arravatament,1,0.6364
valeriola,1,0.6364
criptojudaïtzant,1,0.6364
blanquina,1,0.6364
desenterrades,1,0.6364
presidisca,1,0.6364
theodor,1,0.6364
herzl,1,0.6364
reunificació,1,0.6364
emplaçament,1,0.6364
massacres,1,0.6364
detonant,1,0.6364
auspiciar,1,0.6364
atestant,1,0.6364
yom,1,0.6364
kippur,1,0.6364
invadí,1,0.6364
ibera,1,0.6364
àrabo,1,0.6364
neutralitzen,1,0.6364
desconeixença,1,0.6364
tossuda,1,0.6364
entropessant,1,0.6364
antropològics,1,0.6364
cimentant,1,0.6364
violat,1,0.6364
contemple,1,0.6364
zoofíliques,1,0.6364
descontrolats,1,0.6364
esguitat,1,0.6364
mariconeig,1,0.6364
relatat,1,0.6364
frociaggine,1,0.6364
alamín,1,0.6364
gomorrhianus,1,0.6364
immorals,1,0.6364
peccatum,1,0.6364
sodomiticum,1,0.6364
siddim,1,0.6364
tanakh,1,0.6364
turba,1,0.6364
connaissions,1,0.6364
ambiguament,1,0.6364
sodomía,1,0.6364
copulació,1,0.6364
sodomi,1,0.6364
bestialisme,1,0.6364
forçara,1,0.6364
ficaven,1,0.6364
reinterpretables,1,0.6364
crosses,1,0.6364
sinestèsies,1,0.6364
rasquem,1,0.6364
ineluctable,1,0.6364
desapercebut,1,0.6364
retindrem,1,0.6364
nivi,1,0.6364
plastró,1,0.6364
erèctil,1,0.6364
gorro,1,0.6364
juia,1,0.6364
ʒúja,1,0.6364
juïa,1,0.6364
judaic,1,0.6364
declamava,1,0.6364
poèticament,1,0.6364
calidoscopi,1,0.6364
pagesos,1,0.6364
camperols,1,0.6364
avefría,1,0.6364
vanneau,1,0.6364
vannus,1,0.6364
lapwing,1,0.6364
piruetes,1,0.6364
lapping,1,0.6364
esvanit,1,0.6364
revifada,1,0.6364
viatjara,1,0.6364
inventàrem,1,0.6364
justificadament,1,0.6364
pactistes,1,0.6364
negociadors,1,0.6364
negotiatio,1,0.6364
abellira,1,0.6364
jalonaven,1,0.6364
relaxaven,1,0.6364
denaris,1,0.6364
surant,1,0.6364
civilitat,1,0.6364
civilitzades,1,0.6364
prescindisquen,1,0.6364
vàlvula,1,0.6364
ferrers,1,0.6364
discerniment,1,0.6364
assenyats,1,0.6364
folle,1,0.6364
fool,1,0.6364
atenuada,1,0.6364
dement,1,0.6364
folía,1,0.6364
ignoscents,1,0.6364
orats,1,0.6364
representà,1,0.6364
segregats,1,0.6364
bordell,1,0.6364
peccadrius,1,0.6364
transportat,1,0.6364
follem,1,0.6364
sinestèsica,1,0.6364
atiat,1,0.6364
pantaixos,1,0.6364
impurs,1,0.6364
desemboquen,1,0.6364
evapora,1,0.6364
aqüífers,1,0.6364
rīsualia,1,0.6364
risualis,1,0.6364
rīsus,1,0.6364
vitualla,1,0.6364
reputada,1,0.6364
cobrí,1,0.6364
hypocrital,1,0.6364
verset,1,0.6364
seguexqua,1,0.6364
riso,1,0.6364
rises,1,0.6364
plers,1,0.6364
dactilar,1,0.6364
conterranis,1,0.6364
estrafolaris,1,0.6364
sancionador,1,0.6364
burlem,1,0.6364
simpàtiques,1,0.6364
endomorfines,1,0.6364
combaten,1,0.6364
carcallades,1,0.6364
zelosament,1,0.6364
ortodòxia,1,0.6364
obsessionat,1,0.6364
exalta,1,0.6364
ajustades,1,0.6364
ploralles,1,0.6364
longevitat,1,0.6364
binomial,1,0.6364
zoòleg,1,0.6364
carolus,1,0.6364
cardŭus,1,0.6364
cardenera,1,0.6364
cardanera,1,0.6364
carderola,1,0.6364
cardina,1,0.6364
cagarnera,1,0.6364
vorejat,1,0.6364
enfosquint,1,0.6364
marronós,1,0.6364
refilets,1,0.6364
ouets,1,0.6364
motejada,1,0.6364
puntets,1,0.6364
interrompem,1,0.6364
delitar,1,0.6364
avorrits,1,0.6364
ocupem,1,0.6364
secretament,1,0.6364
indiscreció,1,0.6364
esqueixada,1,0.6364
pubill,1,0.6364
zamar,1,0.6364
difonguen,1,0.6364
rotundes,1,0.6364
persistit,1,0.6364
zamarra,1,0.6364
pellissa,1,0.6364
conviscut,1,0.6364
alquimistes,1,0.6364
afanyosament,1,0.6364
predefinits,1,0.6364
holocausto,1,0.6364
holocauste,1,0.6364
gesten,1,0.6364
transferixen,1,0.6364
acumulativa,1,0.6364
kaustos,1,0.6364
precolombins,1,0.6364
maies,1,0.6364
hebrees,1,0.6364
hebraica,1,0.6364
olah,1,0.6364
kalil,1,0.6364
envola,1,0.6364
incineració,1,0.6364
ludisca,1,0.6364
palestí,1,0.6364
excavant,1,0.6364
disseminant,1,0.6364
sanador,1,0.6364
conhort,1,0.6364
amadors,1,0.6364
sentireu,1,0.6364
delitat,1,0.6364
greujós,1,0.6364
enrevés,1,0.6364
bolcat,1,0.6364
privativament,1,0.6364
xef,1,0.6364
fogons,1,0.6364
rutilants,1,0.6364
pomposes,1,0.6364
encuriosida,1,0.6364
avidesa,1,0.6364
gustatives,1,0.6364
fondue,1,0.6364
quiche,1,0.6364
vichyssoise,1,0.6364
arepa,1,0.6364
burrito,1,0.6364
cebiche,1,0.6364
chimichurri,1,0.6364
babaganuix,1,0.6364
falàfel,1,0.6364
fatuix,1,0.6364
anko,1,0.6364
dorayaki,1,0.6364
ramen,1,0.6364
wasabi,1,0.6364
amprats,1,0.6364
xiulit,1,0.6364
contornada,1,0.6364
indescriptible,1,0.6364
apanya,1,0.6364
chivo,1,0.6364
chivito,1,0.6364
desfaça,1,0.6364
exòtica,1,0.6364
passio,1,0.6364
passus,1,0.6364
patior,1,0.6364
provocacions,1,0.6364
impassible,1,0.6364
evangèlics,1,0.6364
protagonitzats,1,0.6364
temperància,1,0.6364
exalçada,1,0.6364
desapassionada,1,0.6364
estoics,1,0.6364
advocaven,1,0.6364
montagú,1,0.6364
capulets,1,0.6364
indolents,1,0.6364
desapassionats,1,0.6364
impius,1,0.6364
disfrutant,1,0.6364
acarnissadament,1,0.6364
descreguts,1,0.6364
rebolcar,1,0.6364
supplicium,1,0.6364
supplĭcis,1,0.6364
supplex,1,0.6364
agenollava,1,0.6364
plicare,1,0.6364
introduïm,1,0.6364
genuflexió,1,0.6364
antropocèntrica,1,0.6364
sacrificaven,1,0.6364
morià,1,0.6364
gavinet,1,0.6364
agarrara,1,0.6364
matolls,1,0.6364
propiciatòria,1,0.6364
exegetes,1,0.6364
inaudits,1,0.6364
infligia,1,0.6364
penjaren,1,0.6364
furtà,1,0.6364
séspedes,1,0.6364
pochs,1,0.6364
perpetràs,1,0.6364
florilegis,1,0.6364
providència,1,0.6364
omís,1,0.6364
transmutacions,1,0.6364
nimietats,1,0.6364
saberen,1,0.6364
deixarien,1,0.6364
elogiosos,1,0.6364
traspuant,1,0.6364
benigna,1,0.6364
replegant,1,0.6364
hēdon,1,0.6364
tocà,1,0.6364
provocativa,1,0.6364
sintetitzava,1,0.6364
cefalea,1,0.6364
torbament,1,0.6364
ascetisme,1,0.6364
mascletaes,1,0.6364
silenciosos,1,0.6364
badocs,1,0.6364
distesament,1,0.6364
afables,1,0.6364
ràncies,1,0.6364
estirades,1,0.6364
littĕra,1,0.6364
tionis,1,0.6364
contingueren,1,0.6364
sonorament,1,0.6364
atlàntida,1,0.6364
sotraquejar,1,0.6364
jocosa,1,0.6364
impronunciable,1,0.6364
pretenent,1,0.6364
fracassa,1,0.6364
gastant,1,0.6364
costelles,1,0.6364
omplí,1,0.6364
אישה,1,0.6364
versicle,1,0.6364
wifman,1,0.6364
wife,1,0.6364
bifurcacions,1,0.6364
serventes,1,0.6364
ayerbe,1,0.6364
escarbar,1,0.6364
lleven,1,0.6364
deformant,1,0.6364
turbāre,1,0.6364
ŭlentus,1,0.6364
turbulent,1,0.6364
corpulent,1,0.6364
truculent,1,0.6364
agitat,1,0.6364
torbolar,1,0.6364
terbolar,1,0.6364
propagà,1,0.6364
egipciach,1,0.6364
aygues,1,0.6364
terboles,1,0.6364
caniculars,1,0.6364
pronunciant,1,0.6364
grafiant,1,0.6364
escriga,1,0.6364
péntol,1,0.6364
iconoclasta,1,0.6364
rocha,1,0.6364
fornida,1,0.6364
llauraora,1,0.6364
enardida,1,0.6364
furiosa,1,0.6364
macabra,1,0.6364
danse,1,0.6364
macabré,1,0.6364
legòricament,1,0.6364
macabé,1,0.6364
gutural,1,0.6364
macabeus,1,0.6364
narrada,1,0.6364
assotats,1,0.6364
antíoc,1,0.6364
epífanes,1,0.6364
tallaren,1,0.6364
arrancaren,1,0.6364
ficaren,1,0.6364
abrasit,1,0.6364
doblegara,1,0.6364
impiu,1,0.6364
narraven,1,0.6364
cruesa,1,0.6364
suportant,1,0.6364
infligien,1,0.6364
recitades,1,0.6364
púlpit,1,0.6364
gravades,1,0.6364
evocaven,1,0.6364
crucials,1,0.6364
mārs,1,0.6364
pregaven,1,0.6364
cultivaven,1,0.6364
ajudara,1,0.6364
esclavitzar,1,0.6364
sacerdotessa,1,0.6364
seduïda,1,0.6364
virginitat,1,0.6364
criaren,1,0.6364
enfrontaren,1,0.6364
aconseguint,1,0.6364
ansiava,1,0.6364
naufragar,1,0.6364
sucumbí,1,0.6364
ofegat,1,0.6364
rebrotava,1,0.6364
eixamplaren,1,0.6364
estrepitosos,1,0.6364
prematures,1,0.6364
insert,1,0.6364
impetuosa,1,0.6364
tempestuosa,1,0.6364
sextus,1,0.6364
kalendas,1,0.6364
martias,1,0.6364
calendes,1,0.6364
bisextus,1,0.6364
bissextil,1,0.6364
clereçó,1,0.6364
ontoneda,1,0.6364
traydor,1,0.6364
seynor,1,0.6364
sespujades,1,0.6364
inde,1,0.6364
māne,1,0.6364
indomani,1,0.6364
endeman,1,0.6364
dŏlus,1,0.6364
supersticiosa,1,0.6364
mascarar,1,0.6364
xenisme,1,0.6364
consulten,1,0.6364
salvables,1,0.6364
interposades,1,0.6364
albarinyo,1,0.6364
berberetxo,1,0.6364
grelo,1,0.6364
percebe,1,0.6364
queimada,1,0.6364
vieira,1,0.6364
meigo,1,0.6364
magĭcus,1,0.6364
viudes,1,0.6364
depositàries,1,0.6364
dolences,1,0.6364
latents,1,0.6364
inquisitorials,1,0.6364
ínfules,1,0.6364
quadragēsĭma,1,0.6364
quaranté,1,0.6364
purificadors,1,0.6364
llarguíssim,1,0.6364
esperançats,1,0.6364
sobreviuran,1,0.6364
cuaresma,1,0.6364
carême,1,0.6364
quaresima,1,0.6364
cuinat,1,0.6364
scutĕlla,1,0.6364
fetges,1,0.6364
assabora,1,0.6364
cascu,1,0.6364
haura,1,0.6364
bullit,1,0.6364
convinentment,1,0.6364
aministra,1,0.6364
calaterra,1,0.6364
çabater,1,0.6364
gardiola,1,0.6364
caresma,1,0.6364
tollĭtas,1,0.6364
privacions,1,0.6364
mascarades,1,0.6364
nebulōsus,1,0.6364
nebula,1,0.6364
nebulosos,1,0.6364
nebuleus,1,0.6364
nébuleuse,1,0.6364
modernistes,1,0.6364
interestel,1,0.6364
amprat,1,0.6364
tartana,1,0.6364
cassana,1,0.6364
retencions,1,0.6364
casserolada,1,0.6364
inacceptables,1,0.6364
esmunyedisses,1,0.6364
barbarismes,1,0.6364
vetar,1,0.6364
tractorades,1,0.6364
carcaix,1,0.6364
fletxes,1,0.6364
assignaven,1,0.6364
demèter,1,0.6364
dīus,1,0.6364
lucero,1,0.6364
alb,1,0.6364
comanat,1,0.6364
misatger,1,0.6364
certer,1,0.6364
prom,1,0.6364
posàs,1,0.6364
tremuntana,1,0.6364
stela,1,0.6364
amarinada,1,0.6364
luminada,1,0.6364
chitá,1,0.6364
alsà,1,0.6364
llaucher,1,0.6364
despedirse,1,0.6364
aná,1,0.6364
completaven,1,0.6364
debatia,1,0.6364
simbolitzat,1,0.6364
bright,1,0.6364
reveille,1,0.6364
eye,1,0.6364
matin,1,0.6364
mouche,1,0.6364
cible,1,0.6364
bersaglio,1,0.6364
vênus,1,0.6364
toque,1,0.6364
alvorada,1,0.6364
alvo,1,0.6364
punyet,1,0.6364
punyetes,1,0.6364
punyeteria,1,0.6364
invertim,1,0.6364
elogiosa,1,0.6364
imagina,1,0.6364
tiquismiquis,1,0.6364
remilgado,1,0.6364
fussy,1,0.6364
picky,1,0.6364
tatillon,1,0.6364
pignolo,1,0.6364
puntiglioso,1,0.6364
meticuloso,1,0.6364
crowd,1,0.6364
funding,1,0.6364
marillion,1,0.6364
jeff,1,0.6364
howe,1,0.6364
mark,1,0.6364
reflexionaven,1,0.6364
mikrós,1,0.6364
gaius,1,0.6364
gilnius,1,0.6364
maecenas,1,0.6364
micromecenazgo,1,0.6364
micromécénat,1,0.6364
finanziamento,1,0.6364
collettivo,1,0.6364
financiamento,1,0.6364
coletivo,1,0.6364
extremament,1,0.6364
intuïtivament,1,0.6364
calfe,1,0.6364
cultivades,1,0.6364
preservades,1,0.6364
alterns,1,0.6364
glaciació,1,0.6364
preindustrial,1,0.6364
retenen,1,0.6364
escalfament,1,0.6364
antròpic,1,0.6364
pausas,1,0.6364
invernadero,1,0.6364
greenhouse,1,0.6364
effect,1,0.6364
effet,1,0.6364
serre,1,0.6364
effetto,1,0.6364
efeito,1,0.6364
exemplificadora,1,0.6364
jugades,1,0.6364
davanter,1,0.6364
reviscolant,1,0.6364
aries,1,0.6364
ariĕtis,1,0.6364
enrotllades,1,0.6364
zodíac,1,0.6364
zodiacal,1,0.6364
impulsius,1,0.6364
colpejaven,1,0.6364
envestides,1,0.6364
mardans,1,0.6364
enardir,1,0.6364
fogosos,1,0.6364
colpegen,1,0.6364
anhelat,1,0.6364
alineat,1,0.6364
entreobrí,1,0.6364
battering,1,0.6364
striker,1,0.6364
bélier,1,0.6364
centravanti,1,0.6364
centroavante,1,0.6364
pokét,1,0.6364
bɔ,1,0.6364
insinuació,1,0.6364
batussa,1,0.6364
serrar,1,0.6364
polleguera,1,0.6364
buscà,1,0.6364
corrúpies,1,0.6364
fanátik,1,0.6364
fanàtica,1,0.6364
intolerants,1,0.6364
esforçaven,1,0.6364
fanatĭcus,1,0.6364
fanum,1,0.6364
fats,1,0.6364
aferrant,1,0.6364
comportaven,1,0.6364
pensara,1,0.6364
muntanyesos,1,0.6364
consentirà,1,0.6364
degollaria,1,0.6364
ródenas,1,0.6364
nexma,1,0.6364
odiant,1,0.6364
braudel,1,0.6364
dubtaran,1,0.6364
fanatical,1,0.6364
fanatic,1,0.6364
fanatico,1,0.6364
ezbɾináɾ,1,0.6364
brino,1,0.6364
substancioses,1,0.6364
esbrinant,1,0.6364
esbrinat,1,0.6364
desbriznar,1,0.6364
remove,1,0.6364
husks,1,0.6364
search,1,0.6364
discover,1,0.6364
séparer,1,0.6364
plante,1,0.6364
découvrir,1,0.6364
chercher,1,0.6364
levare,1,0.6364
fili,1,0.6364
baccelli,1,0.6364
indagare,1,0.6364
investigare,1,0.6364
esmigalhar,1,0.6364
desentocar,1,0.6364
farejar,1,0.6364
matuséɾ,1,0.6364
matussers,1,0.6364
mattus,1,0.6364
atordit,1,0.6364
embrutit,1,0.6364
precipitadament,1,0.6364
angoixava,1,0.6364
expeditiva,1,0.6364
antihistòrica,1,0.6364
gulags,1,0.6364
suburbis,1,0.6364
jitrovka,1,0.6364
privatitzacions,1,0.6364
desesperades,1,0.6364
màfia,1,0.6364
inepte,1,0.6364
palafanguer,1,0.6364
bungling,1,0.6364
slapdash,1,0.6364
botched,1,0.6364
grossier,1,0.6364
ère,1,0.6364
maladroit,1,0.6364
maldestro,1,0.6364
inetto,1,0.6364
trapalhão,1,0.6364
sómpo,1,0.6364
sompa,1,0.6364
sompes,1,0.6364
muermo,1,0.6364
bore,1,0.6364
lourdaud,1,0.6364
sciocco,1,0.6364
zuccone,1,0.6364
bobo,1,0.6364
amazík,1,0.6364
afroasiàtica,1,0.6364
barbar,1,0.6364
bárbaros,1,0.6364
reivindique,1,0.6364
rebutge,1,0.6364
orgulleixen,1,0.6364
terfassi,1,0.6364
terfas,1,0.6364
terfess,1,0.6364
fàbrega,1,0.6364
amazig,1,0.6364
gzit,1,0.6364
polivalents,1,0.6364
chambre,1,0.6364
articulant,1,0.6364
esplanada,1,0.6364
augurat,1,0.6364
exĭtus,1,0.6364
exīre,1,0.6364
desposoris,1,0.6364
verje,1,0.6364
posse,1,0.6364
inploran,1,0.6364
demanan,1,0.6364
viaje,1,0.6364
deà,1,0.6364
intervingué,1,0.6364
propagadora,1,0.6364
wagnerisme,1,0.6364
wagnerians,1,0.6364
assoliren,1,0.6364
prolongades,1,0.6364
melòman,1,0.6364
naðál,1,0.6364
etnol,1,0.6364
insegura,1,0.6364
clements,1,0.6364
estrò,1,0.6364
primervinent,1,0.6364
noël,1,0.6364
natale,1,0.6364
pekuniáɾi,1,0.6364
commutatiu,1,0.6364
gratificació,1,0.6364
pecuniarius,1,0.6364
mesurava,1,0.6364
pecúnia,1,0.6364
recialles,1,0.6364
rnau,1,0.6364
perelada,1,0.6364
convinent,1,0.6364
fornicària,1,0.6364
pecuniary,1,0.6364
pécuniaire,1,0.6364
pecuniário,1,0.6364
ʤiða,1,0.6364
aigís,1,0.6364
aix,1,0.6364
aigós,1,0.6364
emigrà,1,0.6364
transvasen,1,0.6364
accentual,1,0.6364
èlit,1,0.6364
eʒíd,1,0.6364
relegada,1,0.6364
prodigiosa,1,0.6364
gai,1,0.6364
higí,1,0.6364
gigantomàquia,1,0.6364
colossal,1,0.6364
égida,1,0.6364
koɾnukɔ,1,0.6364
mobil,1,0.6364
bugies,1,0.6364
cornucopĭa,1,0.6364
cornu,1,0.6364
copĭa,1,0.6364
alletà,1,0.6364
trencà,1,0.6364
conferint,1,0.6364
desitjara,1,0.6364
promissió,1,0.6364
cornucòpies,1,0.6364
aconsellà,1,0.6364
campaneta,1,0.6364
dignara,1,0.6364
despenjar,1,0.6364
barbaflorida,1,0.6364
plantava,1,0.6364
tomacar,1,0.6364
pebreres,1,0.6364
pèsols,1,0.6364
napicols,1,0.6364
alficossos,1,0.6364
xirivies,1,0.6364
feraç,1,0.6364
faener,1,0.6364
heretaràs,1,0.6364
corne,1,0.6364
cornucópia,1,0.6364
abundánsia,1,0.6364
abundantia,1,0.6364
wed,1,0.6364
wet,1,0.6364
wave,1,0.6364
descomponent,1,0.6364
nadant,1,0.6364
habundància,1,0.6364
rompé,1,0.6364
abís,1,0.6364
tragué,1,0.6364
abundance,1,0.6364
abbondanza,1,0.6364
abundância,1,0.6364
tɾúʤa,1,0.6364
fotent,1,0.6364
grunyint,1,0.6364
aalgú,1,0.6364
porcus,1,0.6364
troianus,1,0.6364
troià,1,0.6364
farcia,1,0.6364
lexar,1,0.6364
nuyt,1,0.6364
portan,1,0.6364
esquelleta,1,0.6364
enganxada,1,0.6364
puerca,1,0.6364
sow,1,0.6364
tensionáɾ,1,0.6364
tensar,1,0.6364
aigualir,1,0.6364
matinar,1,0.6364
matinejar,1,0.6364
telefonejar,1,0.6364
ansiar,1,0.6364
ansiejar,1,0.6364
colorar,1,0.6364
acolorir,1,0.6364
annexar,1,0.6364
decepcionar,1,0.6364
decebre,1,0.6364
explosionar,1,0.6364
disseccionar,1,0.6364
dissecció,1,0.6364
ucis,1,0.6364
tense,1,0.6364
tendere,1,0.6364
tensionare,1,0.6364
entesar,1,0.6364
poɾseʎána,1,0.6364
caolí,1,0.6364
oviforme,1,0.6364
opercle,1,0.6364
adorn,1,0.6364
tumor,1,0.6364
adenopatia,1,0.6364
designaren,1,0.6364
esbiaixats,1,0.6364
xinesos,1,0.6364
porcell,1,0.6364
cregueren,1,0.6364
vulva,1,0.6364
bivalve,1,0.6364
conquilla,1,0.6364
cobejats,1,0.6364
consistí,1,0.6364
caríssim,1,0.6364
porcelain,1,0.6364
porcelaine,1,0.6364
biájʃ,1,0.6364
preconcebuda,1,0.6364
anxiari,1,0.6364
préférence,1,0.6364
sbieco,1,0.6364
propensione,1,0.6364
viés,1,0.6364
inclinação,1,0.6364
propensão,1,0.6364
síɣla,1,0.6364
siglorum,1,0.6364
singula,1,0.6364
singulae,1,0.6364
poblen,1,0.6364
omnipresents,1,0.6364
insuportablement,1,0.6364
uefa,1,0.6364
pcs,1,0.6364
babels,1,0.6364
babilònies,1,0.6364
escoltadors,1,0.6364
protestadors,1,0.6364
eŋkóntɾe,1,0.6364
competixen,1,0.6364
matx,1,0.6364
venjaré,1,0.6364
ballesta,1,0.6364
spasa,1,0.6364
percebent,1,0.6364
encounter,1,0.6364
game,1,0.6364
rencontre,1,0.6364
appuntamento,1,0.6364
incontro,1,0.6364
encontro,1,0.6364
gáza,1,0.6364
med,1,0.6364
esterilitzada,1,0.6364
medicamentosa,1,0.6364
apòsit,1,0.6364
hidròfila,1,0.6364
audiovis,1,0.6364
destrien,1,0.6364
qazz,1,0.6364
kaž,1,0.6364
tafanejava,1,0.6364
mosquitera,1,0.6364
zumzeig,1,0.6364
hurí,1,0.6364
gauze,1,0.6364
garza,1,0.6364
saðusɛ,1,0.6364
saðuséa,1,0.6364
saducees,1,0.6364
sadoq,1,0.6364
capciosa,1,0.6364
plantejaren,1,0.6364
enviudat,1,0.6364
ebrayca,1,0.6364
appellaven,1,0.6364
justs,1,0.6364
infels,1,0.6364
quinya,1,0.6364
fahia,1,0.6364
resurrectió,1,0.6364
crehen,1,0.6364
aja,1,0.6364
speraven,1,0.6364
legien,1,0.6364
saduceo,1,0.6364
sadducean,1,0.6364
saducéen,1,0.6364
sadduceo,1,0.6364
rokambolésk,1,0.6364
zobawa,1,0.6364
adornar,1,0.6364
oscuridad,1,0.6364
rocambolesques,1,0.6364
alezɔ,1,0.6364
ɾes,1,0.6364
zɔɾes,1,0.6364
obtindrà,1,0.6364
disparà,1,0.6364
allavores,1,0.6364
ĭllīs,1,0.6364
hōrus,1,0.6364
adverbialitzat,1,0.6364
illas,1,0.6364
ressuscitar,1,0.6364
llevàs,1,0.6364
pomell,1,0.6364
bibliòfils,1,0.6364
alors,1,0.6364
allora,1,0.6364
paɾonomázia,1,0.6364
reinstaurat,1,0.6364
paronomasĭa,1,0.6364
παρονομασ,1,0.6364
ί,1,0.6364
paronomasía,1,0.6364
paro,1,0.6364
onoma,1,0.6364
parònim,1,0.6364
paronímia,1,0.6364
eufemístic,1,0.6364
proferit,1,0.6364
paronomase,1,0.6364
paronomásia,1,0.6364
umiliasió,1,0.6364
oponent,1,0.6364
humiliatio,1,0.6364
humiliare,1,0.6364
desdoblar,1,0.6364
irremissible,1,0.6364
amadora,1,0.6364
sobresmeravellosa,1,0.6364
eternal,1,0.6364
infinida,1,0.6364
corruptible,1,0.6364
temau,1,0.6364
consentiu,1,0.6364
partiré,1,0.6364
delitarà,1,0.6364
profundíssima,1,0.6364
difusament,1,0.6364
humillación,1,0.6364
umiliazione,1,0.6364
humilhação,1,0.6364
tɾifúlka,1,0.6364
angoixosa,1,0.6364
treballosament,1,0.6364
avalot,1,0.6364
trifurca,1,0.6364
trifurcus,1,0.6364
corbats,1,0.6364
manxes,1,0.6364
insuflava,1,0.6364
forjaven,1,0.6364
martell,1,0.6364
trifulga,1,0.6364
bonilla,1,0.6364
agramadores,1,0.6364
garrotades,1,0.6364
blasquistes,1,0.6364
sorianistes,1,0.6364
brawl,1,0.6364
punch,1,0.6364
bagarre,1,0.6364
baston,1,0.6364
zuffa,1,0.6364
scazzottata,1,0.6364
briga,1,0.6364
bafafá,1,0.6364
iɱvestiðúɾa,1,0.6364
vestīre,1,0.6364
investīre,1,0.6364
ostentosa,1,0.6364
anells,1,0.6364
birrets,1,0.6364
casulles,1,0.6364
preservava,1,0.6364
matex,1,0.6364
gràçies,1,0.6364
prinçipat,1,0.6364
tricàrico,1,0.6364
carinola,1,0.6364
claramont,1,0.6364
lúria,1,0.6364
pertanyeren,1,0.6364
brocat,1,0.6364
investimento,1,0.6364
debát,1,0.6364
obturació,1,0.6364
legòric,1,0.6364
metòdiques,1,0.6364
debattuĕre,1,0.6364
battuĕre,1,0.6364
tremolaven,1,0.6364
debatien,1,0.6364
refrena,1,0.6364
montpesler,1,0.6364
huch,1,0.6364
calviley,1,0.6364
plauria,1,0.6364
tolt,1,0.6364
conesa,1,0.6364
determenar,1,0.6364
proejant,1,0.6364
appetit,1,0.6364
débat,1,0.6364
dibattito,1,0.6364
amnēstía,1,0.6364
mnéme,1,0.6364
mentir,1,0.6364
extingix,1,0.6364
trasibul,1,0.6364
tirans,1,0.6364
esparta,1,0.6364
contrarevolucionaris,1,0.6364
cops,1,0.6364
calomarde,1,0.6364
reaccionari,1,0.6364
reialista,1,0.6364
deixuplines,1,0.6364
amnesty,1,0.6364
amnistie,1,0.6364
gɛ,1,0.6364
ʤuðisiál,1,0.6364
indeguda,1,0.6364
debilitament,1,0.6364
derrocament,1,0.6364
fare,1,0.6364
warfare,1,0.6364
estratègiques,1,0.6364
carlson,1,0.6364
neville,1,0.6364
yeomans,1,0.6364
whither,1,0.6364
goeth,1,0.6364
humanity,1,0.6364
barbarity,1,0.6364
abusivament,1,0.6364
democràcies,1,0.6364
envaint,1,0.6364
nomdedéu,1,0.6364
independentistes,1,0.6364
giuridica,1,0.6364
klawðikáɾ,1,0.6364
rendir,1,0.6364
claudicāre,1,0.6364
claudus,1,0.6364
claudicant,1,0.6364
vehen,1,0.6364
deurien,1,0.6364
deven,1,0.6364
claudiquen,1,0.6364
guareix,1,0.6364
dreça,1,0.6364
enteresa,1,0.6364
claudicat,1,0.6364
desordre,1,0.6364
exacerbat,1,0.6364
rutinari,1,0.6364
masclisme,1,0.6364
abandon,1,0.6364
principles,1,0.6364
claudicate,1,0.6364
céder,1,0.6364
abandonner,1,0.6364
capituler,1,0.6364
claudiquer,1,0.6364
cedere,1,0.6364
capitolare,1,0.6364
desistere,1,0.6364
abbandonare,1,0.6364
claudicare,1,0.6364
ceder,1,0.6364
izlamofɔ,1,0.6364
bia,1,0.6364
sonoritza,1,0.6364
islamo,1,0.6364
cristianofòbia,1,0.6364
germanofòbia,1,0.6364
islām,1,0.6364
monoteista,1,0.6364
estigmatitzadors,1,0.6364
culpabilitzadors,1,0.6364
lillo,1,0.6364
lurdes,1,0.6364
musulmanes,1,0.6364
islamophobia,1,0.6364
islamophobie,1,0.6364
antisemitízme,1,0.6364
polít,1,0.6364
sociol,1,0.6364
denotat,1,0.6364
semita,1,0.6364
malquicédeq,1,0.6364
marr,1,0.6364
declina,1,0.6364
heine,1,0.6364
semitism,1,0.6364
antisémitisme,1,0.6364
semitismo,1,0.6364
apodíctica,1,0.6364
caraample,1,0.6364
caragròs,1,0.6364
carallarg,1,0.6364
caramenut,1,0.6364
caraprim,1,0.6364
carablanc,1,0.6364
caranegre,1,0.6364
carapigat,1,0.6364
caraalegre,1,0.6364
caracontent,1,0.6364
caraeixut,1,0.6364
defraudat,1,0.6364
botinflades,1,0.6364
agraciat,1,0.6364
roger,1,0.6364
llevà,1,0.6364
manotada,1,0.6364
rulla,1,0.6364
pamir,1,0.6364
rumiáɾ,1,0.6364
rumies,1,0.6364
rumíes,1,0.6364
rumia,1,0.6364
rumía,1,0.6364
rumien,1,0.6364
rumíen,1,0.6364
rumiem,1,0.6364
rumiém,1,0.6364
rumieu,1,0.6364
rumiéw,1,0.6364
rūmĭnare,1,0.6364
rominar,1,0.6364
rominant,1,0.6364
deuria,1,0.6364
viuria,1,0.6364
destorp,1,0.6364
soguorp,1,0.6364
recordí,1,0.6364
acordí,1,0.6364
beata,1,0.6364
hoir,1,0.6364
leta,1,0.6364
divinals,1,0.6364
devotíssimes,1,0.6364
tiraria,1,0.6364
méditer,1,0.6364
cogitar,1,0.6364
remuɣáɾ,1,0.6364
embargar,1,0.6364
desaprovació,1,0.6364
digerir,1,0.6364
ingerien,1,0.6364
regurgitaven,1,0.6364
rumegar,1,0.6364
remugua,1,0.6364
nabugua,1,0.6364
donosor,1,0.6364
omey,1,0.6364
crueldat,1,0.6364
proÿsme,1,0.6364
altisme,1,0.6364
remugà,1,0.6364
refunfuñar,1,0.6364
rezongar,1,0.6364
grumble,1,0.6364
gripe,1,0.6364
grommeler,1,0.6364
brontolare,1,0.6364
resmungar,1,0.6364
ʒásena,1,0.6364
ʧásena,1,0.6364
ʤásina,1,0.6364
ʤáseɾa,1,0.6364
ǧasr,1,0.6364
magrebí,1,0.6364
ǧâʾiza,1,0.6364
bastidors,1,0.6364
apitxada,1,0.6364
hordenaren,1,0.6364
vuy,1,0.6364
hosat,1,0.6364
jàcena,1,0.6364
limdar,1,0.6364
escorrims,1,0.6364
mullaven,1,0.6364
deformes,1,0.6364
evolucionaven,1,0.6364
pausat,1,0.6364
gegantí,1,0.6364
parpelleig,1,0.6364
cigalot,1,0.6364
doblegava,1,0.6364
mobila,1,0.6364
jácena,1,0.6364
beam,1,0.6364
poutre,1,0.6364
maîtresse,1,0.6364
paneʎét,1,0.6364
semiconsonàntica,1,0.6364
reiet,1,0.6364
panis,1,0.6364
pastar,1,0.6364
pets,1,0.6364
massapans,1,0.6364
embolicades,1,0.6364
volteta,1,0.6364
aɣúʎa,1,0.6364
veta,1,0.6364
caboteta,1,0.6364
adornada,1,0.6364
màrfega,1,0.6364
acūcŭla,1,0.6364
acus,1,0.6364
acūtus,1,0.6364
retràctil,1,0.6364
agulletes,1,0.6364
sinestèsicament,1,0.6364
punxada,1,0.6364
spay,1,0.6364
comprassen,1,0.6364
needle,1,0.6364
aiguille,1,0.6364
agulha,1,0.6364
empaɾáɾ,1,0.6364
ampaɾáɾ,1,0.6364
ampar,1,0.6364
parare,1,0.6364
lizana,1,0.6364
amparàs,1,0.6364
espediria,1,0.6364
albarrazí,1,0.6364
gambava,1,0.6364
faldiller,1,0.6364
aguait,1,0.6364
colzes,1,0.6364
perdiguers,1,0.6364
prussiana,1,0.6364
veterania,1,0.6364
ensumaven,1,0.6364
conillet,1,0.6364
protect,1,0.6364
protéger,1,0.6364
proteggere,1,0.6364
salvaguardare,1,0.6364
immúnt,1,0.6364
immunds,1,0.6364
immundus,1,0.6364
fahenes,1,0.6364
vestidura,1,0.6364
mundícia,1,0.6364
amesurats,1,0.6364
mengar,1,0.6364
luxuriosos,1,0.6364
inmundes,1,0.6364
fangoses,1,0.6364
pudents,1,0.6364
stalinista,1,0.6364
auschwitz,1,0.6364
immunde,1,0.6364
inmundo,1,0.6364
unclean,1,0.6364
filthy,1,0.6364
immonde,1,0.6364
immondo,1,0.6364
imundo,1,0.6364
aɣwajtáɾ,1,0.6364
anguila,1,0.6364
vigilant,1,0.6364
agayte,1,0.6364
furtant,1,0.6364
ladre,1,0.6364
aguayta,1,0.6364
enemiga,1,0.6364
aguaytes,1,0.6364
vellea,1,0.6364
inreparable,1,0.6364
degustava,1,0.6364
aguaitant,1,0.6364
guaitar,1,0.6364
avistar,1,0.6364
atisbar,1,0.6364
guetter,1,0.6364
guatare,1,0.6364
espreitar,1,0.6364
anoðí,1,0.6364
condir,1,0.6364
farm,1,0.6364
anōdynos,1,0.6364
ἀνώδῠνος,1,0.6364
anṓdỹnos,1,0.6364
odýnḗ,1,0.6364
liaven,1,0.6364
francês,1,0.6364
anodine,1,0.6364
anodyne,1,0.6364
anodin,1,0.6364
anódino,1,0.6364
rebondre,1,0.6364
reponĕre,1,0.6364
enfitada,1,0.6364
sopàs,1,0.6364
menejàs,1,0.6364
candeler,1,0.6364
escuder,1,0.6364
tastava,1,0.6364
elet,1,0.6364
apurat,1,0.6364
comanàs,1,0.6364
moça,1,0.6364
sclava,1,0.6364
olieres,1,0.6364
llenyer,1,0.6364
pantry,1,0.6364
larder,1,0.6364
manger,1,0.6364
dépense,1,0.6364
entéɾk,1,0.6364
enterques,1,0.6364
entercar,1,0.6364
terc,1,0.6364
tirchio,1,0.6364
terkos,1,0.6364
blasme,1,0.6364
amonestacions,1,0.6364
enguanats,1,0.6364
atres,1,0.6364
turchs,1,0.6364
ydolatres,1,0.6364
feroces,1,0.6364
braus,1,0.6364
sclaus,1,0.6364
descaminats,1,0.6364
enterch,1,0.6364
ebraych,1,0.6364
laych,1,0.6364
abdós,1,0.6364
servidós,1,0.6364
jovencells,1,0.6364
aze,1,0.6364
restats,1,0.6364
començador,1,0.6364
porfíes,1,0.6364
seidia,1,0.6364
casta,1,0.6364
stubborn,1,0.6364
obstinate,1,0.6364
entêté,1,0.6364
têtu,1,0.6364
obstiné,1,0.6364
cocciuto,1,0.6364
testardo,1,0.6364
teimoso,1,0.6364
estɾɛ,1,0.6364
astrol,1,0.6364
₂stḗr,1,0.6364
tostemps,1,0.6364
nocturno,1,0.6364
olvidar,1,0.6364
strelles,1,0.6364
miganit,1,0.6364
rubí,1,0.6364
estréla,1,0.6364
llucero,1,0.6364
rutilant,1,0.6364
iguale,1,0.6364
curios,1,0.6364
entretengut,1,0.6364
defres,1,0.6364
contí,1,0.6364
sina,1,0.6364
vetlaren,1,0.6364
contalla,1,0.6364
lakáɲes,1,0.6364
èpsilon,1,0.6364
inv,1,0.6364
pela,1,0.6364
pĭlare,1,0.6364
filleta,1,0.6364
afectuós,1,0.6364
pelagatos,1,0.6364
ragamuffin,1,0.6364
nobody,1,0.6364
hère,1,0.6364
spiantato,1,0.6364
zé,1,0.6364
ninguém,1,0.6364
immisíɾse,1,0.6364
immiscēre,1,0.6364
miscēre,1,0.6364
enmiscuir,1,0.6364
inmiscuir,1,0.6364
vaziero,1,0.6364
sobredit,1,0.6364
veneren,1,0.6364
capbreu,1,0.6364
òrfenes,1,0.6364
immiscí,1,0.6364
inmiscuirse,1,0.6364
interfere,1,0.6364
immiscer,1,0.6364
immischiarsi,1,0.6364
misturar,1,0.6364
envolver,1,0.6364
paʧóra,1,0.6364
pantex,1,0.6364
ĭcis,1,0.6364
panxarrut,1,0.6364
panxell,1,0.6364
panxó,1,0.6364
calmós,1,0.6364
pacientment,1,0.6364
contrarietats,1,0.6364
matisable,1,0.6364
marrat,1,0.6364
cegats,1,0.6364
petorrera,1,0.6364
embogits,1,0.6364
atrafegament,1,0.6364
culturplaza,1,0.6364
calm,1,0.6364
flegme,1,0.6364
flemma,1,0.6364
antonomázia,1,0.6364
valsista,1,0.6364
antonomasĭa,1,0.6364
isia,1,0.6364
punjes,1,0.6364
pedretes,1,0.6364
calcigava,1,0.6364
antonomase,1,0.6364
tɾaspuáɾ,1,0.6364
ranures,1,0.6364
traspuaven,1,0.6364
avale,1,0.6364
perdia,1,0.6364
traspues,1,0.6364
barrejades,1,0.6364
canalles,1,0.6364
sòrdids,1,0.6364
traspua,1,0.6364
exudar,1,0.6364
ooze,1,0.6364
exude,1,0.6364
écouler,1,0.6364
dégager,1,0.6364
trasudare,1,0.6364
exsudar,1,0.6364
seɲéɾa,1,0.6364
atorgen,1,0.6364
tinença,1,0.6364
endesemps,1,0.6364
segir,1,0.6364
osts,1,0.6364
vehinals,1,0.6364
democratacristià,1,0.6364
anv,1,0.6364
onejara,1,0.6364
depɔ,1,0.6364
zit,1,0.6364
sediment,1,0.6364
geol,1,0.6364
erosiu,1,0.6364
venuda,1,0.6364
deposĭtum,1,0.6364
jaciment,1,0.6364
posĭtum,1,0.6364
mantinent,1,0.6364
ahut,1,0.6364
conseyl,1,0.6364
gardat,1,0.6364
feent,1,0.6364
sentencialment,1,0.6364
deyms,1,0.6364
jutgam,1,0.6364
uncastel,1,0.6364
faneques,1,0.6364
jutgams,1,0.6364
deym,1,0.6364
traginava,1,0.6364
deposit,1,0.6364
dépôt,1,0.6364
deposito,1,0.6364
enʎueɾnáɾ,1,0.6364
enʎuɛ,1,0.6364
ɾna,1,0.6364
impressionar,1,0.6364
enlluernava,1,0.6364
fascinar,1,0.6364
fosforescència,1,0.6364
lŭcerna,1,0.6364
llàntia,1,0.6364
enluernat,1,0.6364
infinides,1,0.6364
enlluernada,1,0.6364
deslumbrar,1,0.6364
dazzle,1,0.6364
éblouir,1,0.6364
accecare,1,0.6364
ofuscar,1,0.6364
gilópo,1,0.6364
guilopa,1,0.6364
guilopes,1,0.6364
fugit,1,0.6364
galoper,1,0.6364
galopar,1,0.6364
picardiós,1,0.6364
guilla,1,0.6364
poro,1,0.6364
branchat,1,0.6364
gavatxos,1,0.6364
napoleònica,1,0.6364
galopín,1,0.6364
preguntarle,1,0.6364
sharper,1,0.6364
sharp,1,0.6364
ragazzino,1,0.6364
moleque,1,0.6364
kuḥúl,1,0.6364
kuḥl,1,0.6364
antimoni,1,0.6364
semimetàl,1,0.6364
ennegrir,1,0.6364
llaganya,1,0.6364
severament,1,0.6364
imitaven,1,0.6364
destil,1,0.6364
etílic,1,0.6364
gálta,1,0.6364
pistoles,1,0.6364
revòlvers,1,0.6364
ganivets,1,0.6364
vori,1,0.6364
bastiment,1,0.6364
lliç,1,0.6364
bagues,1,0.6364
telers,1,0.6364
prens,1,0.6364
lligatge,1,0.6364
natja,1,0.6364
gauta,1,0.6364
gáuota,1,0.6364
descendia,1,0.6364
gonunta,1,0.6364
besà,1,0.6364
bavera,1,0.6364
derrocà,1,0.6364
quexals,1,0.6364
mejilla,1,0.6364
cheek,1,0.6364
joue,1,0.6364
guancia,1,0.6364
bochecha,1,0.6364
eskaɾotáɾ,1,0.6364
escarota,1,0.6364
eskaɾɔ,1,0.6364
aviram,1,0.6364
escarotà,1,0.6364
desbandar,1,0.6364
escandalitzar,1,0.6364
escaroteu,1,0.6364
descabellar,1,0.6364
desordenar,1,0.6364
escarotava,1,0.6364
escarot,1,0.6364
esquera,1,0.6364
eskiere,1,0.6364
skara,1,0.6364
destacament,1,0.6364
veremadores,1,0.6364
lusives,1,0.6364
rusc,1,0.6364
escarotat,1,0.6364
amansia,1,0.6364
cansava,1,0.6364
pallers,1,0.6364
anca,1,0.6364
desfàs,1,0.6364
picotejaven,1,0.6364
fanguejaven,1,0.6364
sequiols,1,0.6364
rebúʧ,1,0.6364
rebutjos,1,0.6364
rebuigs,1,0.6364
sobrants,1,0.6364
aprofitables,1,0.6364
fisiol,1,0.6364
immunològica,1,0.6364
ataquen,1,0.6364
repudiare,1,0.6364
pudet,1,0.6364
sofria,1,0.6364
repudi,1,0.6364
marxava,1,0.6364
xurreria,1,0.6364
expeditius,1,0.6364
rantéʎa,1,0.6364
dípter,1,0.6364
hematòfag,1,0.6364
chironomus,1,0.6364
zinzala,1,0.6364
cincelle,1,0.6364
zanzalà,1,0.6364
zanzara,1,0.6364
rantolare,1,0.6364
rantolo,1,0.6364
rantoloso,1,0.6364
moribunds,1,0.6364
ventava,1,0.6364
parpelleja,1,0.6364
escrutadors,1,0.6364
molestara,1,0.6364
importunar,1,0.6364
rantells,1,0.6364
randell,1,0.6364
randella,1,0.6364
rantelleta,1,0.6364
rebaʎáɾ,1,0.6364
destorba,1,0.6364
enguantada,1,0.6364
reballada,1,0.6364
sortien,1,0.6364
disparats,1,0.6364
agafaven,1,0.6364
reballaven,1,0.6364
coet,1,0.6364
arrabassar,1,0.6364
rosegó,1,0.6364
agonia,1,0.6364
roveʎó,1,0.6364
micol,1,0.6364
deprimit,1,0.6364
ōnis,1,0.6364
ruber,1,0.6364
ellus,1,0.6364
motos,1,0.6364
inexperts,1,0.6364
tètanus,1,0.6364
pinenca,1,0.6364
níscalo,1,0.6364
níscaro,1,0.6364
sangue,1,0.6364
esneardotsu,1,0.6364
milk,1,0.6364
lactaire,1,0.6364
délicieux,1,0.6364
lattario,1,0.6364
voɾéɾa,1,0.6364
obr,1,0.6364
ōra,1,0.6364
oris,1,0.6364
eixires,1,0.6364
creuares,1,0.6364
hostatja,1,0.6364
acera,1,0.6364
sidewalk,1,0.6364
pavement,1,0.6364
trottoir,1,0.6364
marciapiede,1,0.6364
ebenistes,1,0.6364
empresonaven,1,0.6364
rebaixaven,1,0.6364
voltada,1,0.6364
garlopí,1,0.6364
amidaven,1,0.6364
meditaven,1,0.6364
rascant,1,0.6364
canicule,1,0.6364
forjament,1,0.6364
insuflat,1,0.6364
existirien,1,0.6364
maior,1,0.6364
rebatejada,1,0.6364
ula,1,0.6364
febrícula,1,0.6364
lluïa,1,0.6364
gosseta,1,0.6364
esguitaven,1,0.6364
seirios,1,0.6364
abrasador,1,0.6364
calorós,1,0.6364
refulgent,1,0.6364
canicular,1,0.6364
precessió,1,0.6364
sideral,1,0.6364
condensada,1,0.6364
niuada,1,0.6364
beçó,1,0.6364
cich,1,0.6364
caguaniu,1,0.6364
esfumat,1,0.6364
escolen,1,0.6364
cloaca,1,0.6364
retorç,1,0.6364
espavilats,1,0.6364
desnodrit,1,0.6364
atenim,1,0.6364
pulcres,1,0.6364
desinhibit,1,0.6364
aprensions,1,0.6364
ganxut,1,0.6364
repulsiu,1,0.6364
tenebrosa,1,0.6364
abillada,1,0.6364
beuratges,1,0.6364
càndids,1,0.6364
bruxa,1,0.6364
bruèissa,1,0.6364
bruxtia,1,0.6364
bríxt,1,0.6364
encantament,1,0.6364
kings,1,0.6364
inaccessible,1,0.6364
sanar,1,0.6364
maleficae,1,0.6364
malèfiques,1,0.6364
inquisidors,1,0.6364
corrompudes,1,0.6364
sagaç,1,0.6364
vullats,1,0.6364
deffendre,1,0.6364
enemichs,1,0.6364
travats,1,0.6364
fĕndĕre,1,0.6364
defĕndĕre,1,0.6364
generàrem,1,0.6364
capritxós,1,0.6364
textures,1,0.6364
ondulades,1,0.6364
cromàtiques,1,0.6364
estilitzades,1,0.6364
cultivaren,1,0.6364
extreien,1,0.6364
residí,1,0.6364
trossejava,1,0.6364
rossinyol,1,0.6364
ĭncīsāmen,1,0.6364
ĭncīsum,1,0.6364
ĭncīdĕre,1,0.6364
apropiàrem,1,0.6364
sinecdòquica,1,0.6364
enciam,1,0.6364
emmudim,1,0.6364
misericordiosos,1,0.6364
heràclit,1,0.6364
efes,1,0.6364
bifurcació,1,0.6364
perfidia,1,0.6364
tamisada,1,0.6364
teologals,1,0.6364
labials,1,0.6364
heretges,1,0.6364
inflexiblement,1,0.6364
defenien,1,0.6364
excomunicats,1,0.6364
acèrrima,1,0.6364
lancen,1,0.6364
vessen,1,0.6364
naffres,1,0.6364
reprovatòria,1,0.6364
manēre,1,0.6364
amonestació,1,0.6364
sanxa,1,0.6364
lóppiz,1,0.6364
remanen,1,0.6364
ccxlv,1,0.6364
remaner,1,0.6364
romanir,1,0.6364
experimentaria,1,0.6364
remain,1,0.6364
rimanere,1,0.6364
remanier,1,0.6364
recòndit,1,0.6364
permanecer,1,0.6364
plujosa,1,0.6364
humida,1,0.6364
ploguera,1,0.6364
hídric,1,0.6364
barrals,1,0.6364
buiden,1,0.6364
cántaros,1,0.6364
rain,1,0.6364
cats,1,0.6364
dogs,1,0.6364
companyons,1,0.6364
barr,1,0.6364
baril,1,0.6364
barile,1,0.6364
barrel,1,0.6364
elèctrics,1,0.6364
automobilístiques,1,0.6364
remodelarà,1,0.6364
generaran,1,0.6364
giga,1,0.6364
gígas,1,0.6364
eria,1,0.6364
adrogueria,1,0.6364
comerciava,1,0.6364
gigafactory,1,0.6364
ions,1,0.6364
liti,1,0.6364
expandiren,1,0.6364
lliguera,1,0.6364
deportiu,1,0.6364
lino,1,0.6364
sospiraren,1,0.6364
alleujades,1,0.6364
villamarín,1,0.6364
betis,1,0.6364
saldà,1,0.6364
instabilitat,1,0.6364
pocha,1,0.6364
permanencia,1,0.6364
fortune,1,0.6364
seguents,1,0.6364
satisfan,1,0.6364
tocades,1,0.6364
permanens,1,0.6364
manere,1,0.6364
aclarit,1,0.6364
stranya,1,0.6364
encontrem,1,0.6364
encontrada,1,0.6364
frígia,1,0.6364
contrée,1,0.6364
contrata,1,0.6364
budell,1,0.6364
capolada,1,0.6364
botir,1,0.6364
farra,1,0.6364
feminitzada,1,0.6364
cuyt,1,0.6364
polla,1,0.6364
pestilencial,1,0.6364
metá,1,0.6364
physiká,1,0.6364
andrònic,1,0.6364
aristotèlics,1,0.6364
confrontacions,1,0.6364
caciquisme,1,0.6364
euphoria,1,0.6364
phorō,1,0.6364
incomplides,1,0.6364
deceptio,1,0.6364
decĭpĕre,1,0.6364
desengany,1,0.6364
nefastos,1,0.6364
nefasts,1,0.6364
pressentiments,1,0.6364
nefastus,1,0.6364
fastus,1,0.6364
nefasti,1,0.6364
venerar,1,0.6364
rutinària,1,0.6364
colorit,1,0.6364
feixugues,1,0.6364
comicios,1,0.6364
comĭtĭum,1,0.6364
comīre,1,0.6364
incidents,1,0.6364
mestalla,1,0.6364
abominable,1,0.6364
racista,1,0.6364
associables,1,0.6364
propícies,1,0.6364
metecs,1,0.6364
feixistes,1,0.6364
racism,1,0.6364
ing,1,0.6364
transmutats,1,0.6364
mitin,1,0.6364
electors,1,0.6364
candidus,1,0.6364
candida,1,0.6364
ompliran,1,0.6364
convocaran,1,0.6364
tertulians,1,0.6364
intentaran,1,0.6364
abstencionistes,1,0.6364
aclamats,1,0.6364
ewart,1,0.6364
gladstone,1,0.6364
xapes,1,0.6364
calara,1,0.6364
funcionà,1,0.6364
tendira,1,0.6364
andalusina,1,0.6364
canyelles,1,0.6364
şara,1,0.6364
şar,1,0.6364
esprémer,1,0.6364
premsar,1,0.6364
granit,1,0.6364
xafant,1,0.6364
depositara,1,0.6364
trituració,1,0.6364
molinada,1,0.6364
pinyolada,1,0.6364
remolta,1,0.6364
filtratge,1,0.6364
trulls,1,0.6364
tafona,1,0.6364
bellament,1,0.6364
ramosa,1,0.6364
olīva,1,0.6364
elaíwa,1,0.6364
encadenats,1,0.6364
olea,1,0.6364
europaea,1,0.6364
extraguem,1,0.6364
reportava,1,0.6364
colesterol,1,0.6364
adobant,1,0.6364
gustosos,1,0.6364
macerant,1,0.6364
proliferaren,1,0.6364
rameta,1,0.6364
reproduí,1,0.6364
judeocristianisme,1,0.6364
encallà,1,0.6364
ararat,1,0.6364
soltà,1,0.6364
comprengué,1,0.6364
restablit,1,0.6364
predilecta,1,0.6364
rellamp,1,0.6364
esberlava,1,0.6364
successora,1,0.6364
pacificadora,1,0.6364
incitant,1,0.6364
apitxats,1,0.6364
ortològiques,1,0.6364
sesseig,1,0.6364
desfiguren,1,0.6364
deformacions,1,0.6364
contemporàniament,1,0.6364
desordenades,1,0.6364
injustificable,1,0.6364
canonitzats,1,0.6364
samain,1,0.6364
recolliment,1,0.6364
confirmant,1,0.6364
promulgades,1,0.6364
paschua,1,0.6364
tenguts,1,0.6364
banchs,1,0.6364
esgleyes,1,0.6364
tempestas,1,0.6364
confessava,1,0.6364
fochs,1,0.6364
propris,1,0.6364
correlats,1,0.6364
tempestad,1,0.6364
tempestade,1,0.6364
tempête,1,0.6364
sostrar,1,0.6364
substrāre,1,0.6364
taulades,1,0.6364
atalls,1,0.6364
amaguatalls,1,0.6364
sostres,1,0.6364
caves,1,0.6364
baxes,1,0.6364
trespol,1,0.6364
desperdicis,1,0.6364
escampats,1,0.6364
ostre,1,0.6364
tetxo,1,0.6364
sibylla,1,0.6364
profetessa,1,0.6364
sacerdotesses,1,0.6364
endevinatoris,1,0.6364
heròfila,1,0.6364
marpessa,1,0.6364
troiana,1,0.6364
pronostica,1,0.6364
rugositat,1,0.6364
cacen,1,0.6364
ecolocalització,1,0.6364
insectívors,1,0.6364
electromagnètica,1,0.6364
fotogràfiques,1,0.6364
wilhem,1,0.6364
röntgenstrahlung,1,0.6364
pedota,1,0.6364
pēdṓtēs,1,0.6364
indoeupea,1,0.6364
pedestre,1,0.6364
menant,1,0.6364
discrets,1,0.6364
abtes,1,0.6364
menaven,1,0.6364
brúxola,1,0.6364
bòlid,1,0.6364
motocicleta,1,0.6364
deambulat,1,0.6364
somiada,1,0.6364
cistell,1,0.6364
transmutara,1,0.6364
rotllos,1,0.6364
pessigant,1,0.6364
poquets,1,0.6364
paradis,1,0.6364
llanxa,1,0.6364
congraciar,1,0.6364
pastissers,1,0.6364
quallen,1,0.6364
denotava,1,0.6364
multiplique,1,0.6364
exponencialment,1,0.6364
lennistes,1,0.6364
irrompent,1,0.6364
plagada,1,0.6364
redundància,1,0.6364
captaires,1,0.6364
esmola,1,0.6364
incauts,1,0.6364
magarrufa,1,0.6364
cabdellar,1,0.6364
maghrûfa,1,0.6364
afalacs,1,0.6364
enganyosos,1,0.6364
xufes,1,0.6364
sincers,1,0.6364
palmadetes,1,0.6364
mosseguem,1,0.6364
callem,1,0.6364
skot,1,0.6364
scot,1,0.6364
gremials,1,0.6364
escoti,1,0.6364
marejat,1,0.6364
rebolicades,1,0.6364
ivern,1,0.6364
entrò,1,0.6364
remotíssims,1,0.6364
truculentes,1,0.6364
responsabilitza,1,0.6364
calamitosa,1,0.6364
diatribe,1,0.6364
diatribḗ,1,0.6364
versava,1,0.6364
hivernar,1,0.6364
despuntar,1,0.6364
paganes,1,0.6364
exaltaven,1,0.6364
simbolitzaven,1,0.6364
alcança,1,0.6364
albacetenya,1,0.6364
apriorismes,1,0.6364
induïsquen,1,0.6364
postisses,1,0.6364
incalciare,1,0.6364
calx,1,0.6364
calcis,1,0.6364
talons,1,0.6364
incalzare,1,0.6364
encalzar,1,0.6364
qanṣa,1,0.6364
obeynt,1,0.6364
denigra,1,0.6364
pedigrí,1,0.6364
intersticis,1,0.6364
descuyt,1,0.6364
proliferaven,1,0.6364
assaltaven,1,0.6364
aventuraven,1,0.6364
freqüentats,1,0.6364
proscrits,1,0.6364
desprevinguts,1,0.6364
apalissar,1,0.6364
barbarisme,1,0.6364
modele,1,0.6364
readapta,1,0.6364
recòndits,1,0.6364
despersonalitzats,1,0.6364
queixem,1,0.6364
guirigalls,1,0.6364
armen,1,0.6364
melania,1,0.6364
poa,1,0.6364
trinxar,1,0.6364
sphígx,1,0.6364
shesepankh,1,0.6364
esfinge,1,0.6364
muntanyós,1,0.6364
equivocacions,1,0.6364
erraven,1,0.6364
devorava,1,0.6364
endevinalla,1,0.6364
donarien,1,0.6364
fugissera,1,0.6364
fŭndus,1,0.6364
citges,1,0.6364
affŭndāre,1,0.6364
derruïx,1,0.6364
separà,1,0.6364
desfonar,1,0.6364
ensorrar,1,0.6364
pastada,1,0.6364
pessics,1,0.6364
monjàvina,1,0.6364
almoixàvena,1,0.6364
almonjàvena,1,0.6364
mujabbana,1,0.6364
almojábana,1,0.6364
pasqüeres,1,0.6364
poligonal,1,0.6364
amollant,1,0.6364
miloca,1,0.6364
rapaç,1,0.6364
varies,1,0.6364
sucseides,1,0.6364
miloches,1,0.6364
alimoche,1,0.6364
palmireno,1,0.6364
caygué,1,0.6364
deshidratats,1,0.6364
stopa,1,0.6364
pansus,1,0.6364
pandĕre,1,0.6364
dessecar,1,0.6364
pansificació,1,0.6364
escaldament,1,0.6364
pròtesi,1,0.6364
aglà,1,0.6364
glans,1,0.6364
abona,1,0.6364
inalterables,1,0.6364
fonamentava,1,0.6364
aizò,1,0.6364
aital,1,0.6364
tĕnĕbra,1,0.6364
caòtica,1,0.6364
desolada,1,0.6364
cobrien,1,0.6364
luminat,1,0.6364
tenebrari,1,0.6364
consumint,1,0.6364
centurió,1,0.6364
tètrics,1,0.6364
ressuscità,1,0.6364
saetes,1,0.6364
tamborades,1,0.6364
capirots,1,0.6364
paenitentia,1,0.6364
ofesa,1,0.6364
penitencials,1,0.6364
imputat,1,0.6364
porno,1,0.6364
entremesclada,1,0.6364
pornographie,1,0.6364
pórnē,1,0.6364
gráph,1,0.6364
paleolítiques,1,0.6364
admiratiu,1,0.6364
focalitzen,1,0.6364
adultera,1,0.6364
dūcĕre,1,0.6364
consseyl,1,0.6364
pròpries,1,0.6364
qualsevulle,1,0.6364
eclesiàstich,1,0.6364
climàtics,1,0.6364
emergint,1,0.6364
aprīlis,1,0.6364
aphrós,1,0.6364
drogar,1,0.6364
rotar,1,0.6364
subrogāre,1,0.6364
pusca,1,0.6364
aministracio,1,0.6364
handreu,1,0.6364
subrogada,1,0.6364
geste,1,0.6364
amotinats,1,0.6364
oronetes,1,0.6364
gràcils,1,0.6364
acrobàtic,1,0.6364
hirundĭtta,1,0.6364
hĭrŭndo,1,0.6364
hirundu,1,0.6364
rustica,1,0.6364
rogencs,1,0.6364
orendella,1,0.6364
oreneta,1,0.6364
orenella,1,0.6364
orenol,1,0.6364
orenola,1,0.6364
orenyola,1,0.6364
oronell,1,0.6364
rondine,1,0.6364
desgranen,1,0.6364
elidí,1,0.6364
antiquíssims,1,0.6364
moralitzants,1,0.6364
sertoriana,1,0.6364
infinits,1,0.6364
zephyrum,1,0.6364
sifr,1,0.6364
contaminants,1,0.6364
xòrrec,1,0.6364
chorrant,1,0.6364
chorrear,1,0.6364
jorrar,1,0.6364
jorro,1,0.6364
jurr,1,0.6364
quimèrica,1,0.6364
paranchet,1,0.6364
xiuxiuejar,1,0.6364
xiuxiueig,1,0.6364
cicisbeo,1,0.6364
servent,1,0.6364
chichisbeo,1,0.6364
sigisbée,1,0.6364
galanteig,1,0.6364
orelleta,1,0.6364
retorcen,1,0.6364
nois,1,0.6364
chiqua,1,0.6364
creatures,1,0.6364
chiques,1,0.6364
ciccum,1,0.6364
desdenyava,1,0.6364
xeno,1,0.6364
xénos,1,0.6364
phóbos,1,0.6364
xénophobie,1,0.6364
superficialment,1,0.6364
emmascarades,1,0.6364
escampara,1,0.6364
adria,1,0.6364
exotisme,1,0.6364
revestix,1,0.6364
cosines,1,0.6364
coaccionador,1,0.6364
chanter,1,0.6364
argòtic,1,0.6364
chantaje,1,0.6364
chantagem,1,0.6364
xantaia,1,0.6364
xancleta,1,0.6364
empenya,1,0.6364
subjectava,1,0.6364
xanca,1,0.6364
fangosos,1,0.6364
zanca,1,0.6364
zanga,1,0.6364
hedificar,1,0.6364
antíochus,1,0.6364
venturós,1,0.6364
orogènesi,1,0.6364
colades,1,0.6364
vulcano,1,0.6364
eòlies,1,0.6364
eruptives,1,0.6364
juno,1,0.6364
farga,1,0.6364
substantivar,1,0.6364
volare,1,0.6364
perplexitat,1,0.6364
leonora,1,0.6364
naranjos,1,0.6364
vogue,1,0.6364
vogaren,1,0.6364
escolten,1,0.6364
calvados,1,0.6364
cançonetista,1,0.6364
olivier,1,0.6364
basselin,1,0.6364
vaux,1,0.6364
assimilava,1,0.6364
equívoques,1,0.6364
còmiques,1,0.6364
venies,1,0.6364
vivĕre,1,0.6364
vivendus,1,0.6364
consignable,1,0.6364
alertava,1,0.6364
desfavorits,1,0.6364
capsicum,1,0.6364
frutescens,1,0.6364
pimentonet,1,0.6364
corbada,1,0.6364
coentes,1,0.6364
vĕcte,1,0.6364
viril,1,0.6364
translacions,1,0.6364
metonímiques,1,0.6364
palatalitzà,1,0.6364
vitx,1,0.6364
bitx,1,0.6364
bitxos,1,0.6364
pebrera,1,0.6364
viró,1,0.6364
cirereta,1,0.6364
pesteta,1,0.6364
coralet,1,0.6364
propagar,1,0.6364
expandixen,1,0.6364
virtualis,1,0.6364
alembert,1,0.6364
defensives,1,0.6364
coronant,1,0.6364
longitudinalment,1,0.6364
rectilinis,1,0.6364
ampliaren,1,0.6364
hortícola,1,0.6364
trepidant,1,0.6364
exportadora,1,0.6364
citrícoles,1,0.6364
reconvertiren,1,0.6364
escandinaus,1,0.6364
accentuant,1,0.6364
vikings,1,0.6364
destacaren,1,0.6364
labrador,1,0.6364
víkingr,1,0.6364
vikinga,1,0.6364
marisa,1,0.6364
caldet,1,0.6364
fotries,1,0.6364
flonja,1,0.6364
oblonga,1,0.6364
baguet,1,0.6364
fogassa,1,0.6364
vicarius,1,0.6364
eximeno,1,0.6364
afrontava,1,0.6364
parròchia,1,0.6364
denominà,1,0.6364
vicària,1,0.6364
vicarious,1,0.6364
violence,1,0.6364
interposada,1,0.6364
exparella,1,0.6364
vestis,1,0.6364
morada,1,0.6364
versare,1,0.6364
rotatori,1,0.6364
macedònica,1,0.6364
berénike,1,0.6364
portadora,1,0.6364
eixugara,1,0.6364
venerades,1,0.6364
ressemblances,1,0.6364
icòniques,1,0.6364
tauromàquia,1,0.6364
subjectant,1,0.6364
oleracea,1,0.6364
portŭla,1,0.6364
porteta,1,0.6364
bardilâqa,1,0.6364
arrapades,1,0.6364
espàtula,1,0.6364
solitàries,1,0.6364
grocs,1,0.6364
macerades,1,0.6364
àcids,1,0.6364
grassos,1,0.6364
irritacions,1,0.6364
eixutes,1,0.6364
llebeig,1,0.6364
mestral,1,0.6364
borrasca,1,0.6364
ventus,1,0.6364
anglogermànica,1,0.6364
wind,1,0.6364
fahent,1,0.6364
duptosos,1,0.6364
líope,1,0.6364
musa,1,0.6364
vĭllus,1,0.6364
borrissol,1,0.6364
villus,1,0.6364
vello,1,0.6364
vellutero,1,0.6364
vandalĭcus,1,0.6364
riberenques,1,0.6364
bàltic,1,0.6364
vàndal,1,0.6364
saquejaren,1,0.6364
carthago,1,0.6364
catagena,1,0.6364
historiogràfiques,1,0.6364
bloise,1,0.6364
valentīnus,1,0.6364
oficiat,1,0.6364
prohibien,1,0.6364
lluitaren,1,0.6364
distragueren,1,0.6364
valens,1,0.6364
valēre,1,0.6364
temeritat,1,0.6364
vaissel,1,0.6364
vaisseau,1,0.6364
vascello,1,0.6364
bajel,1,0.6364
capritxosos,1,0.6364
reprendria,1,0.6364
cohesiona,1,0.6364
unívoques,1,0.6364
enriquidorament,1,0.6364
zòdiac,1,0.6364
caiac,1,0.6364
piragua,1,0.6364
balandre,1,0.6364
catamarà,1,0.6364
faluga,1,0.6364
junc,1,0.6364
immunització,1,0.6364
jenner,1,0.6364
contreien,1,0.6364
provà,1,0.6364
benigne,1,0.6364
eradicada,1,0.6364
vaccí,1,0.6364
vaccinus,1,0.6364
vaccine,1,0.6364
vaccin,1,0.6364
vakzine,1,0.6364
vaccino,1,0.6364
tonel,1,0.6364
tonell,1,0.6364
excavaven,1,0.6364
talpó,1,0.6364
tàmesi,1,0.6364
penosa,1,0.6364
esperançadora,1,0.6364
tŭmŭltus,1,0.6364
tumēre,1,0.6364
tumefacció,1,0.6364
tumescència,1,0.6364
desborden,1,0.6364
aïradament,1,0.6364
decemere,1,0.6364
tumultum,1,0.6364
alçament,1,0.6364
assaltaren,1,0.6364
incitaven,1,0.6364
dediquem,1,0.6364
sisme,1,0.6364
submarines,1,0.6364
tsu,1,0.6364
nami,1,0.6364
sismòleg,1,0.6364
beno,1,0.6364
bayona,1,0.6364
triümfo,1,0.6364
triumphus,1,0.6364
venç,1,0.6364
colls,1,0.6364
guanyava,1,0.6364
oros,1,0.6364
trumfos,1,0.6364
truand,1,0.6364
inhonests,1,0.6364
subtilitzat,1,0.6364
vividor,1,0.6364
thronus,1,0.6364
thronos,1,0.6364
mils,1,0.6364
restablí,1,0.6364
celestials,1,0.6364
angèlica,1,0.6364
troncocònica,1,0.6364
almàsseres,1,0.6364
mecanització,1,0.6364
adornen,1,0.6364
bellugadissa,1,0.6364
desgavelladament,1,0.6364
raspall,1,0.6364
frontons,1,0.6364
canxa,1,0.6364
trinket,1,0.6364
tridens,1,0.6364
dentis,1,0.6364
neptú,1,0.6364
reciaris,1,0.6364
davanters,1,0.6364
coordinadament,1,0.6364
trĭfŭlus,1,0.6364
tríphyllon,1,0.6364
phýllon,1,0.6364
piloses,1,0.6364
rematades,1,0.6364
trévols,1,0.6364
ferratgera,1,0.6364
èczemes,1,0.6364
conjuntivitis,1,0.6364
trébol,1,0.6364
falconiformes,1,0.6364
gypaetus,1,0.6364
barbatus,1,0.6364
altures,1,0.6364
trencalòs,1,0.6364
crebalòs,1,0.6364
ossífrag,1,0.6364
transalpí,1,0.6364
travesses,1,0.6364
trast,1,0.6364
rems,1,0.6364
donàvem,1,0.6364
transsibirskaya,1,0.6364
transliterar,1,0.6364
gorbachev,1,0.6364
gorbatchev,1,0.6364
gorbaciov,1,0.6364
michail,1,0.6364
gorbatschow,1,0.6364
desintegra,1,0.6364
tornaràs,1,0.6364
inanitat,1,0.6364
volatilitza,1,0.6364
engalanats,1,0.6364
transīre,1,0.6364
extàtic,1,0.6364
veé,1,0.6364
tramsya,1,0.6364
stava,1,0.6364
eximplis,1,0.6364
ligendes,1,0.6364
transit,1,0.6364
trànsits,1,0.6364
aleixandre,1,0.6364
transits,1,0.6364
transportaven,1,0.6364
repudiats,1,0.6364
vessaria,1,0.6364
fŭg,1,0.6364
fugere,1,0.6364
militat,1,0.6364
subscrigueren,1,0.6364
antitransfuguisme,1,0.6364
lenticular,1,0.6364
turmus,1,0.6364
tramussos,1,0.6364
comissura,1,0.6364
xarrant,1,0.6364
llobí,1,0.6364
altramuz,1,0.6364
tremoço,1,0.6364
cognats,1,0.6364
tradĕre,1,0.6364
dare,1,0.6364
traïdors,1,0.6364
ubica,1,0.6364
esclatant,1,0.6364
petards,1,0.6364
asfalt,1,0.6364
bacanal,1,0.6364
estridents,1,0.6364
tric,1,0.6364
totem,1,0.6364
ototeman,1,0.6364
ojibwa,1,0.6364
algonquina,1,0.6364
totemisme,1,0.6364
tŭssis,1,0.6364
requerint,1,0.6364
sebaste,1,0.6364
sivas,1,0.6364
paremiològiques,1,0.6364
blais,1,0.6364
torquere,1,0.6364
tortures,1,0.6364
basaven,1,0.6364
retorciment,1,0.6364
confessara,1,0.6364
torturadores,1,0.6364
abolit,1,0.6364
sàdic,1,0.6364
coarten,1,0.6364
columbiformes,1,0.6364
streptopelia,1,0.6364
brunes,1,0.6364
parrupa,1,0.6364
tortra,1,0.6364
tórtola,1,0.6364
torta,1,0.6364
tortes,1,0.6364
llaura,1,0.6364
torcen,1,0.6364
nuno,1,0.6364
juheu,1,0.6364
torcimany,1,0.6364
turjuman,1,0.6364
accadi,1,0.6364
turgamānu,1,0.6364
turgemana,1,0.6364
convisqueren,1,0.6364
esquives,1,0.6364
rectangulars,1,0.6364
confitada,1,0.6364
tŏrrāre,1,0.6364
tŏrrēre,1,0.6364
exposada,1,0.6364
borratxes,1,0.6364
distorsionà,1,0.6364
transvestit,1,0.6364
cumulonimbus,1,0.6364
arremolinar,1,0.6364
tornare,1,0.6364
tornus,1,0.6364
regressar,1,0.6364
rutinaris,1,0.6364
raza,1,0.6364
tordo,1,0.6364
culo,1,0.6364
trozdos,1,0.6364
drodz,1,0.6364
cantora,1,0.6364
perseguidors,1,0.6364
philo,1,0.6364
melos,1,0.6364
ornitòleg,1,0.6364
cristian,1,0.6364
brehm,1,0.6364
panquemao,1,0.6364
tŭnna,1,0.6364
tunna,1,0.6364
creuré,1,0.6364
mastega,1,0.6364
toña,1,0.6364
titŭlus,1,0.6364
transcendien,1,0.6364
nobiliària,1,0.6364
kirieleison,1,0.6364
dotava,1,0.6364
espadaler,1,0.6364
intrepidesa,1,0.6364
arrojo,1,0.6364
niuar,1,0.6364
teuladà,1,0.6364
viler,1,0.6364
vilero,1,0.6364
despobla,1,0.6364
monògames,1,0.6364
mareta,1,0.6364
parot,1,0.6364
lexicalitzà,1,0.6364
nominalment,1,0.6364
influent,1,0.6364
salvaguardant,1,0.6364
tiesto,1,0.6364
tĕstu,1,0.6364
alquímia,1,0.6364
comprovava,1,0.6364
preciosos,1,0.6364
mckeen,1,0.6364
cattel,1,0.6364
cessat,1,0.6364
thesis,1,0.6364
títhēmi,1,0.6364
hegel,1,0.6364
vibratori,1,0.6364
rocosos,1,0.6364
terrae,1,0.6364
trĕmor,1,0.6364
tremolor,1,0.6364
escurí,1,0.6364
resucitar,1,0.6364
terracea,1,0.6364
gerreta,1,0.6364
sucumbixen,1,0.6364
ombrel,1,0.6364
consumicions,1,0.6364
geològic,1,0.6364
terminium,1,0.6364
plaç,1,0.6364
terminus,1,0.6364
acotada,1,0.6364
algebraica,1,0.6364
visio,1,0.6364
konstantin,1,0.6364
perski,1,0.6364
tẽle,1,0.6364
telecinèsia,1,0.6364
aksakov,1,0.6364
kínēsis,1,0.6364
parapsicòlegs,1,0.6364
telecinètics,1,0.6364
carrie,1,0.6364
looper,1,0.6364
stranger,1,0.6364
things,1,0.6364
tarifes,1,0.6364
taxímetre,1,0.6364
recorreguda,1,0.6364
taxameter,1,0.6364
meter,1,0.6364
mesurador,1,0.6364
taximètre,1,0.6364
beina,1,0.6364
sinecdòquic,1,0.6364
tabella,1,0.6364
tabula,1,0.6364
corbella,1,0.6364
curvatura,1,0.6364
fillet,1,0.6364
díscol,1,0.6364
independitzat,1,0.6364
entravessen,1,0.6364
embarbussaments,1,0.6364
fisioterapeuta,1,0.6364
otorrino,1,0.6364
físio,1,0.6364
conferim,1,0.6364
acurtats,1,0.6364
cris,1,0.6364
plasmats,1,0.6364
poli,1,0.6364
xamba,1,0.6364
asfaltats,1,0.6364
crescudes,1,0.6364
inundats,1,0.6364
tarkîm,1,0.6364
amuntonament,1,0.6364
escombradures,1,0.6364
terquim,1,0.6364
aquela,1,0.6364
angoixant,1,0.6364
podrimenta,1,0.6364
tartare,1,0.6364
tatār,1,0.6364
tartària,1,0.6364
tatarstan,1,0.6364
tàrtara,1,0.6364
cebollí,1,0.6364
cogombrets,1,0.6364
tàperes,1,0.6364
steak,1,0.6364
tartar,1,0.6364
astronòmics,1,0.6364
otonyo,1,0.6364
tardaó,1,0.6364
tardatiōne,1,0.6364
tardança,1,0.6364
rebulls,1,0.6364
lejar,1,0.6364
balle,1,0.6364
otosí,1,0.6364
pepiqueta,1,0.6364
androies,1,0.6364
insensat,1,0.6364
depravat,1,0.6364
tanin,1,0.6364
tanna,1,0.6364
astringents,1,0.6364
tanins,1,0.6364
genives,1,0.6364
aspror,1,0.6364
atrapades,1,0.6364
digressions,1,0.6364
distraccions,1,0.6364
contractava,1,0.6364
talar,1,0.6364
siam,1,0.6364
tais,1,0.6364
tai,1,0.6364
thai,1,0.6364
supersticiosos,1,0.6364
irracionals,1,0.6364
redifusora,1,0.6364
cook,1,0.6364
taboo,1,0.6364
polinèsia,1,0.6364
inviolable,1,0.6364
finíssimes,1,0.6364
fumerals,1,0.6364
tubs,1,0.6364
respirem,1,0.6364
carcinògens,1,0.6364
follí,1,0.6364
hollín,1,0.6364
sollí,1,0.6364
sollini,1,0.6364
estalzim,1,0.6364
sutge,1,0.6364
suie,1,0.6364
sueja,1,0.6364
baltoeslau,1,0.6364
atàvics,1,0.6364
suspendere,1,0.6364
pendere,1,0.6364
inhabilitar,1,0.6364
susceptibilis,1,0.6364
suscipere,1,0.6364
ofenen,1,0.6364
susceptibilitat,1,0.6364
hipersensibles,1,0.6364
breton,1,0.6364
reclosa,1,0.6364
subconscient,1,0.6364
psicoanalista,1,0.6364
surréalisme,1,0.6364
réalisme,1,0.6364
superrealisme,1,0.6364
absurdes,1,0.6364
sūber,1,0.6364
quercus,1,0.6364
suber,1,0.6364
aïllant,1,0.6364
taps,1,0.6364
siure,1,0.6364
venecià,1,0.6364
sûr,1,0.6364
superfluus,1,0.6364
fluere,1,0.6364
vessava,1,0.6364
inoportuna,1,0.6364
squivar,1,0.6364
supèrﬂues,1,0.6364
messions,1,0.6364
supèrfol,1,0.6364
virtuosos,1,0.6364
summare,1,0.6364
summus,1,0.6364
zumo,1,0.6364
cide,1,0.6364
ï,1,0.6364
remede,1,0.6364
succedĕre,1,0.6364
subventio,1,0.6364
subvenire,1,0.6364
comminava,1,0.6364
subvenir,1,0.6364
nar,1,0.6364
liminar,1,0.6364
limen,1,0.6364
subliminal,1,0.6364
percebuts,1,0.6364
paüra,1,0.6364
everest,1,0.6364
glass,1,0.6364
ceiling,1,0.6364
advers,1,0.6364
fia,1,0.6364
sŏrtis,1,0.6364
soror,1,0.6364
sorority,1,0.6364
solidaris,1,0.6364
aromatitzants,1,0.6364
refrescat,1,0.6364
lactis,1,0.6364
califes,1,0.6364
bagdag,1,0.6364
raspat,1,0.6364
sorbetto,1,0.6364
şerbet,1,0.6364
šarbât,1,0.6364
arterials,1,0.6364
recolze,1,0.6364
apanyat,1,0.6364
drenar,1,0.6364
injectar,1,0.6364
sonde,1,0.6364
sund,1,0.6364
sundline,1,0.6364
sundrap,1,0.6364
insultant,1,0.6364
malena,1,0.6364
montés,1,0.6364
silveri,1,0.6364
ostalrich,1,0.6364
emanacions,1,0.6364
dissenyen,1,0.6364
soliloquium,1,0.6364
entaulen,1,0.6364
simulacre,1,0.6364
autocomplaent,1,0.6364
sóar,1,0.6364
fòsfors,1,0.6364
laxants,1,0.6364
insecticides,1,0.6364
sulphur,1,0.6364
sufur,1,0.6364
sulfat,1,0.6364
sulfit,1,0.6364
sulfúric,1,0.6364
sulfamida,1,0.6364
çoques,1,0.6364
lley,1,0.6364
tsŭkka,1,0.6364
souche,1,0.6364
sobreseure,1,0.6364
supersedere,1,0.6364
poguessen,1,0.6364
sobresehiment,1,0.6364
sopressa,1,0.6364
soprassata,1,0.6364
soppressata,1,0.6364
soppressare,1,0.6364
comprimir,1,0.6364
salami,1,0.6364
marineta,1,0.6364
untosa,1,0.6364
conservaren,1,0.6364
supinus,1,0.6364
sobí,1,0.6364
beneyt,1,0.6364
estiraçaven,1,0.6364
clavaren,1,0.6364
seirḗn,1,0.6364
sīrēna,1,0.6364
tors,1,0.6364
siren,1,0.6364
mermaid,1,0.6364
seductora,1,0.6364
hipnòticament,1,0.6364
turmenta,1,0.6364
cagniard,1,0.6364
sinusoide,1,0.6364
sinus,1,0.6364
eidos,1,0.6364
sinusoïdal,1,0.6364
idal,1,0.6364
contituïx,1,0.6364
helicoide,1,0.6364
synecdŏche,1,0.6364
rescatant,1,0.6364
guanyaràs,1,0.6364
amplificadament,1,0.6364
syndromḗ,1,0.6364
dromḗ,1,0.6364
avicenna,1,0.6364
simptomatologia,1,0.6364
syndĭcus,1,0.6364
sýndikos,1,0.6364
díkē,1,0.6364
acròpolis,1,0.6364
vulneraren,1,0.6364
apropiem,1,0.6364
syncrétisme,1,0.6364
syncretismus,1,0.6364
irreconciliables,1,0.6364
kriti,1,0.6364
moralia,1,0.6364
moralitats,1,0.6364
sýn,1,0.6364
krētismós,1,0.6364
krēti,1,0.6364
allunyant,1,0.6364
symptoma,1,0.6364
sýmptōma,1,0.6364
sým,1,0.6364
sincronia,1,0.6364
ptō,1,0.6364
asimptomàtics,1,0.6364
contagiant,1,0.6364
sanguínia,1,0.6364
immunitàries,1,0.6364
lexicalitzen,1,0.6364
impostor,1,0.6364
calumniador,1,0.6364
imprecises,1,0.6364
sykophántēs,1,0.6364
sýkon,1,0.6364
prohibira,1,0.6364
delatar,1,0.6364
incomplien,1,0.6364
menyspreables,1,0.6364
latins,1,0.6364
coltellades,1,0.6364
corneli,1,0.6364
sicariis,1,0.6364
veneficis,1,0.6364
apunyaladors,1,0.6364
enverinadors,1,0.6364
sica,1,0.6364
punyal,1,0.6364
daga,1,0.6364
apunyalar,1,0.6364
congregacions,1,0.6364
exquisits,1,0.6364
sibaris,1,0.6364
théodore,1,0.6364
bèze,1,0.6364
sybarite,1,0.6364
cuisine,1,0.6364
papale,1,0.6364
maquina,1,0.6364
assetjar,1,0.6364
abusant,1,0.6364
nuus,1,0.6364
dormíem,1,0.6364
sestes,1,0.6364
dormida,1,0.6364
migdiada,1,0.6364
siesta,1,0.6364
sieste,1,0.6364
serren,1,0.6364
fabriquen,1,0.6364
barberia,1,0.6364
aserradero,1,0.6364
reconvertida,1,0.6364
serrava,1,0.6364
serendipity,1,0.6364
abdul,1,0.6364
resolent,1,0.6364
serendipia,1,0.6364
serendipitats,1,0.6364
penicil,1,0.6364
alexander,1,0.6364
fleming,1,0.6364
regallà,1,0.6364
comprovà,1,0.6364
investigant,1,0.6364
lisozim,1,0.6364
glòbuls,1,0.6364
desmunten,1,0.6364
reutilitzable,1,0.6364
sembrant,1,0.6364
cagalló,1,0.6364
navega,1,0.6364
desinhibidament,1,0.6364
sĭnn,1,0.6364
invasions,1,0.6364
senno,1,0.6364
sensus,1,0.6364
convulses,1,0.6364
presentable,1,0.6364
punxades,1,0.6364
calcides,1,0.6364
isquera,1,0.6364
benes,1,0.6364
amortallar,1,0.6364
sententia,1,0.6364
sentire,1,0.6364
dogmàticament,1,0.6364
sĕntīre,1,0.6364
inadvertides,1,0.6364
sensiblerie,1,0.6364
senātus,1,0.6364
senex,1,0.6364
senil,1,0.6364
sénior,1,0.6364
ātus,1,0.6364
empresariat,1,0.6364
bicamerals,1,0.6364
subsidiàries,1,0.6364
parere,1,0.6364
ovípar,1,0.6364
vivípar,1,0.6364
larvípar,1,0.6364
lamont,1,0.6364
salmó,1,0.6364
semel,1,0.6364
tebana,1,0.6364
hera,1,0.6364
convencé,1,0.6364
antropomòrfica,1,0.6364
cofoi,1,0.6364
gràvid,1,0.6364
condensat,1,0.6364
sema,1,0.6364
forós,1,0.6364
islamista,1,0.6364
boko,1,0.6364
haram,1,0.6364
haussa,1,0.6364
sequestrare,1,0.6364
secrestar,1,0.6364
encontinent,1,0.6364
seqüestre,1,0.6364
seditio,1,0.6364
seditiōnis,1,0.6364
sed,1,0.6364
itio,1,0.6364
itiōnis,1,0.6364
satúrnio,1,0.6364
glàucia,1,0.6364
offici,1,0.6364
pretoria,1,0.6364
equícius,1,0.6364
comogudes,1,0.6364
sedicions,1,0.6364
tipifica,1,0.6364
tumultuàriament,1,0.6364
sectus,1,0.6364
sequi,1,0.6364
doctrinals,1,0.6364
saxophone,1,0.6364
clarinet,1,0.6364
fondello,1,0.6364
sarāwīl,1,0.6364
xarvar,1,0.6364
zaragüelles,1,0.6364
rinconete,1,0.6364
cortadillo,1,0.6364
pandèmiques,1,0.6364
memfis,1,0.6364
adinerada,1,0.6364
repartí,1,0.6364
necessitades,1,0.6364
retirà,1,0.6364
sanctus,1,0.6364
sancīre,1,0.6364
sacrilegi,1,0.6364
sak,1,0.6364
desemparat,1,0.6364
impreca,1,0.6364
salvaticu,1,0.6364
silvaticum,1,0.6364
inhabitats,1,0.6364
inhabitables,1,0.6364
domesticats,1,0.6364
inhumana,1,0.6364
trià,1,0.6364
salus,1,0.6364
ūtis,1,0.6364
salvus,1,0.6364
conserve,1,0.6364
copat,1,0.6364
sentirem,1,0.6364
antisèptic,1,0.6364
ocupador,1,0.6364
transvasament,1,0.6364
hidrogràfics,1,0.6364
dessalació,1,0.6364
comercialitzava,1,0.6364
refinar,1,0.6364
salzburg,1,0.6364
qualificà,1,0.6364
sainete,1,0.6364
saín,1,0.6364
mosset,1,0.6364
cervellets,1,0.6364
percebera,1,0.6364
sahrauís,1,0.6364
transhumant,1,0.6364
polisario,1,0.6364
saharià,1,0.6364
ṣaḥrā,1,0.6364
saginosa,1,0.6364
seginosa,1,0.6364
tenie,1,0.6364
sagīnum,1,0.6364
pollastres,1,0.6364
tèpals,1,0.6364
dessecats,1,0.6364
guisos,1,0.6364
receptaris,1,0.6364
zaʿfarân,1,0.6364
ambientador,1,0.6364
ṣahrîǧ,1,0.6364
safaretjos,1,0.6364
comentaven,1,0.6364
otambé,1,0.6364
xafardeig,1,0.6364
mulgere,1,0.6364
munyir,1,0.6364
mamaven,1,0.6364
chotacabras,1,0.6364
chotar,1,0.6364
rufus,1,0.6364
collum,1,0.6364
bruns,1,0.6364
rasants,1,0.6364
batent,1,0.6364
corteja,1,0.6364
embenades,1,0.6364
abrasió,1,0.6364
rekhmire,1,0.6364
sapato,1,0.6364
savate,1,0.6364
pantofles,1,0.6364
chaussure,1,0.6364
sabbat,1,0.6364
zabata,1,0.6364
xafe,1,0.6364
mortificacions,1,0.6364
purifiquen,1,0.6364
deshonesta,1,0.6364
estafes,1,0.6364
ruffiano,1,0.6364
rufula,1,0.6364
proxeneta,1,0.6364
apparici,1,0.6364
mundani,1,0.6364
gayol,1,0.6364
bagasses,1,0.6364
bolets,1,0.6364
apreciats,1,0.6364
gastronòmicament,1,0.6364
deprimir,1,0.6364
pinatell,1,0.6364
vinader,1,0.6364
hirsuts,1,0.6364
alternades,1,0.6364
lanceolats,1,0.6364
sedant,1,0.6364
antidiarreiques,1,0.6364
rosàcies,1,0.6364
rōs,1,0.6364
rōris,1,0.6364
fossilitzada,1,0.6364
reixiu,1,0.6364
convertim,1,0.6364
transposem,1,0.6364
absté,1,0.6364
ronyes,1,0.6364
agarrades,1,0.6364
àcar,1,0.6364
sarcoptes,1,0.6364
aràcnids,1,0.6364
rōnĕa,1,0.6364
aneus,1,0.6364
oneus,1,0.6364
rŭbĕa,1,0.6364
rugosos,1,0.6364
rissant,1,0.6364
repartiren,1,0.6364
padrí,1,0.6364
romarius,1,0.6364
marinus,1,0.6364
blavoses,1,0.6364
pendreu,1,0.6364
salvia,1,0.6364
romarin,1,0.6364
rosemary,1,0.6364
abjecte,1,0.6364
malicioses,1,0.6364
roÿns,1,0.6364
tenca,1,0.6364
cercanías,1,0.6364
deduint,1,0.6364
enginyar,1,0.6364
pegara,1,0.6364
arqueològics,1,0.6364
irak,1,0.6364
rŏta,1,0.6364
credulitat,1,0.6364
emergí,1,0.6364
devorat,1,0.6364
assimilables,1,0.6364
fragmentar,1,0.6364
valerius,1,0.6364
compilà,1,0.6364
vencia,1,0.6364
foragitats,1,0.6364
botí,1,0.6364
resecare,1,0.6364
risque,1,0.6364
risk,1,0.6364
rīpa,1,0.6364
vorejava,1,0.6364
regada,1,0.6364
glossada,1,0.6364
riberencs,1,0.6364
vigilare,1,0.6364
esclafixen,1,0.6364
luminosament,1,0.6364
negror,1,0.6364
larvat,1,0.6364
recalar,1,0.6364
lligall,1,0.6364
feixos,1,0.6364
vincīcŭlum,1,0.6364
vĭncŭlum,1,0.6364
vencillar,1,0.6364
vencills,1,0.6364
torsió,1,0.6364
assotada,1,0.6364
altaret,1,0.6364
bertí,1,0.6364
rettore,1,0.6364
dottore,1,0.6364
reunīre,1,0.6364
ūnus,1,0.6364
restrictio,1,0.6364
patrimonialment,1,0.6364
apretar,1,0.6364
string,1,0.6364
vòmits,1,0.6364
nervioses,1,0.6364
resaca,1,0.6364
sacar,1,0.6364
resistĕre,1,0.6364
sistĕre,1,0.6364
assetjant,1,0.6364
resseguim,1,0.6364
resiliens,1,0.6364
xoquen,1,0.6364
sitala,1,0.6364
avingueren,1,0.6364
oprobi,1,0.6364
rescabalarà,1,0.6364
putades,1,0.6364
acabalar,1,0.6364
descabalar,1,0.6364
enfilada,1,0.6364
marea,1,0.6364
cosit,1,0.6364
extrapolant,1,0.6364
cosida,1,0.6364
cotitzacions,1,0.6364
turixí,1,0.6364
processat,1,0.6364
apiadà,1,0.6364
eximí,1,0.6364
esquarterat,1,0.6364
misericordiosament,1,0.6364
garrot,1,0.6364
recentare,1,0.6364
refrescar,1,0.6364
recens,1,0.6364
recentis,1,0.6364
reciente,1,0.6364
unicel,1,0.6364
levadura,1,0.6364
modĕllus,1,0.6364
remodelada,1,0.6364
remodeler,1,0.6364
remodel,1,0.6364
remodelació,1,0.6364
rellevar,1,0.6364
rēgŭla,1,0.6364
regĕre,1,0.6364
rectament,1,0.6364
auditives,1,0.6364
refugium,1,0.6364
fŭgĕre,1,0.6364
afganesos,1,0.6364
siris,1,0.6364
cues,1,0.6364
desesperadament,1,0.6364
refrangĕre,1,0.6364
refringĕre,1,0.6364
refringir,1,0.6364
refractar,1,0.6364
refranh,1,0.6364
estribillo,1,0.6364
refrain,1,0.6364
alliçonar,1,0.6364
reflexio,1,0.6364
reflectĕre,1,0.6364
flectĕre,1,0.6364
encorbar,1,0.6364
sospesant,1,0.6364
sinuositats,1,0.6364
flexions,1,0.6364
bolleta,1,0.6364
engomada,1,0.6364
ficats,1,0.6364
redolins,1,0.6364
elegien,1,0.6364
rabka,1,0.6364
comitiva,1,0.6364
caravana,1,0.6364
rècues,1,0.6364
melsuda,1,0.6364
ensopits,1,0.6364
rècula,1,0.6364
recua,1,0.6364
récua,1,0.6364
recorder,1,0.6364
branqueta,1,0.6364
contagis,1,0.6364
abaixen,1,0.6364
comercialitzen,1,0.6364
estocs,1,0.6364
consumisme,1,0.6364
excedents,1,0.6364
soldes,1,0.6364
saldi,1,0.6364
liquidação,1,0.6364
rebajas,1,0.6364
baratas,1,0.6364
diferisquen,1,0.6364
anarquista,1,0.6364
claudius,1,0.6364
koënigstein,1,0.6364
marie,1,0.6364
ravachol,1,0.6364
guillotinat,1,0.6364
atenuat,1,0.6364
descuides,1,0.6364
rixous,1,0.6364
predisposada,1,0.6364
batusser,1,0.6364
ratxa,1,0.6364
abilita,1,0.6364
suant,1,0.6364
pegunta,1,0.6364
pectoral,1,0.6364
menjaran,1,0.6364
apreci,1,0.6364
denigratòries,1,0.6364
rapum,1,0.6364
nap,1,0.6364
parlotejar,1,0.6364
rapers,1,0.6364
pasturen,1,0.6364
gregàriament,1,0.6364
lligaven,1,0.6364
ramadan,1,0.6364
ramada,1,0.6364
absolució,1,0.6364
laǧora,1,0.6364
aǧúr,1,0.6364
babilònia,1,0.6364
homínids,1,0.6364
refugis,1,0.6364
rajol,1,0.6364
secada,1,0.6364
vidriat,1,0.6364
paviments,1,0.6364
gestades,1,0.6364
enfrascat,1,0.6364
tonto,1,0.6364
dubtosament,1,0.6364
ráfaga,1,0.6364
raffica,1,0.6364
rafale,1,0.6364
raf,1,0.6364
projectils,1,0.6364
rapidíssima,1,0.6364
accionant,1,0.6364
intermitentment,1,0.6364
guglielmo,1,0.6364
marconi,1,0.6364
patentà,1,0.6364
nikola,1,0.6364
reconegué,1,0.6364
apaguen,1,0.6364
detection,1,0.6364
ranging,1,0.6364
radioelèctriques,1,0.6364
sustentats,1,0.6364
excrescència,1,0.6364
peduncular,1,0.6364
xxii,1,0.6364
qaf,1,0.6364
kaf,1,0.6364
referí,1,0.6364
catharrei,1,0.6364
ptolemeu,1,0.6364
catara,1,0.6364
riquíssimes,1,0.6364
exien,1,0.6364
purnes,1,0.6364
ardents,1,0.6364
prūna,1,0.6364
metatètic,1,0.6364
enredar,1,0.6364
enredrar,1,0.6364
sospiten,1,0.6364
pyr,1,0.6364
piròman,1,0.6364
pirotècnia,1,0.6364
guspira,1,0.6364
espira,1,0.6364
xispa,1,0.6364
desfets,1,0.6364
sobrat,1,0.6364
pudding,1,0.6364
boudin,1,0.6364
budín,1,0.6364
pernio,1,0.6364
perna,1,0.6364
osi,1,0.6364
ôsis,1,0.6364
prinyó,1,0.6364
penelló,1,0.6364
infiltre,1,0.6364
rascar,1,0.6364
prunyons,1,0.6364
picor,1,0.6364
tumefaccions,1,0.6364
pernione,1,0.6364
prunyoner,1,0.6364
sabañón,1,0.6364
engelure,1,0.6364
geladura,1,0.6364
frieira,1,0.6364
gelone,1,0.6364
inveterada,1,0.6364
obren,1,0.6364
croades,1,0.6364
pontifícies,1,0.6364
proselitistes,1,0.6364
qatarians,1,0.6364
prosèlit,1,0.6364
prosely,1,0.6364
prosḗlytos,1,0.6364
processio,1,0.6364
procedere,1,0.6364
tessalònica,1,0.6364
professione,1,0.6364
professó,1,0.6364
provessó,1,0.6364
proactive,1,0.6364
active,1,0.6364
consigue,1,0.6364
complaguts,1,0.6364
aestivum,1,0.6364
verament,1,0.6364
auctus,1,0.6364
pressupondre,1,0.6364
anticipat,1,0.6364
supost,1,0.6364
ocorrerà,1,0.6364
invertiran,1,0.6364
rapats,1,0.6364
tatuatges,1,0.6364
praecipitĭum,1,0.6364
prae,1,0.6364
cipitĭum,1,0.6364
espenyaven,1,0.6364
desgraciats,1,0.6364
prâgma,1,0.6364
ism,1,0.6364
sanders,1,0.6364
peirce,1,0.6364
forjats,1,0.6364
truth,1,0.6364
populisme,1,0.6364
divergix,1,0.6364
postremus,1,0.6364
posterus,1,0.6364
postrero,1,0.6364
mester,1,0.6364
confitures,1,0.6364
persistixen,1,0.6364
síndica,1,0.6364
naiara,1,0.6364
lliça,1,0.6364
portantveu,1,0.6364
abolí,1,0.6364
confits,1,0.6364
porratar,1,0.6364
prorratar,1,0.6364
sustentació,1,0.6364
purpura,1,0.6364
porphyra,1,0.6364
múrex,1,0.6364
segrega,1,0.6364
tint,1,0.6364
purgare,1,0.6364
garbellar,1,0.6364
sobrers,1,0.6364
purguen,1,0.6364
envit,1,0.6364
poker,1,0.6364
poque,1,0.6364
inexpressiu,1,0.6364
ortodòncia,1,0.6364
ponte,1,0.6364
weekend,1,0.6364
feriado,1,0.6364
prolongado,1,0.6364
poinsettia,1,0.6364
joel,1,0.6364
roberts,1,0.6364
poinsett,1,0.6364
cuetlaxochitl,1,0.6364
ofrenaven,1,0.6364
habilità,1,0.6364
bufarà,1,0.6364
octopus,1,0.6364
octòpodes,1,0.6364
zoòlegs,1,0.6364
pigmentàries,1,0.6364
mimetitze,1,0.6364
pŏlўpus,1,0.6364
polýpous,1,0.6364
pex,1,0.6364
mular,1,0.6364
coha,1,0.6364
incorrent,1,0.6364
immoralitats,1,0.6364
legalitats,1,0.6364
pocalliga,1,0.6364
pocapena,1,0.6364
pocatraça,1,0.6364
demòcrata,1,0.6364
hillary,1,0.6364
clinton,1,0.6364
pneúmon,1,0.6364
pneumonía,1,0.6364
neumonía,1,0.6364
pneumonie,1,0.6364
plŏia,1,0.6364
plŭvia,1,0.6364
meteorits,1,0.6364
impertèrrit,1,0.6364
abstrau,1,0.6364
resignat,1,0.6364
aïrada,1,0.6364
destacàvem,1,0.6364
ocorren,1,0.6364
estentòriament,1,0.6364
esbossen,1,0.6364
creguen,1,0.6364
immerescuda,1,0.6364
sageta,1,0.6364
ploramicar,1,0.6364
ploramiquejar,1,0.6364
ploraven,1,0.6364
pleonasmus,1,0.6364
pleonasmós,1,0.6364
pléon,1,0.6364
asmós,1,0.6364
sobreabundància,1,0.6364
pleonasmes,1,0.6364
emfatitzadors,1,0.6364
redundants,1,0.6364
pleonàstiques,1,0.6364
plūma,1,0.6364
còrnies,1,0.6364
barbetes,1,0.6364
submergia,1,0.6364
patentada,1,0.6364
petrache,1,0.6364
poenaru,1,0.6364
efeminats,1,0.6364
vedets,1,0.6364
ornamentats,1,0.6364
ressenyant,1,0.6364
emprenedors,1,0.6364
pleiádes,1,0.6364
plèione,1,0.6364
beòcia,1,0.6364
orió,1,0.6364
correspostos,1,0.6364
capturara,1,0.6364
transformades,1,0.6364
colomes,1,0.6364
deïficades,1,0.6364
ronsard,1,0.6364
platanus,1,0.6364
jaspiades,1,0.6364
redons,1,0.6364
bulevards,1,0.6364
secallós,1,0.6364
tapís,1,0.6364
bressa,1,0.6364
congreguen,1,0.6364
plaquetes,1,0.6364
leucòcits,1,0.6364
eritròcits,1,0.6364
explorant,1,0.6364
validen,1,0.6364
bipontinus,1,0.6364
schultz,1,0.6364
plásma,1,0.6364
modelada,1,0.6364
orinar,1,0.6364
evacue,1,0.6364
proferir,1,0.6364
pejorativa,1,0.6364
atàvica,1,0.6364
pròsperes,1,0.6364
desdenyaven,1,0.6364
pobletans,1,0.6364
vilans,1,0.6364
referien,1,0.6364
finolis,1,0.6364
pixavins,1,0.6364
presumptuosos,1,0.6364
rodegen,1,0.6364
adversària,1,0.6364
rebots,1,0.6364
anotant,1,0.6364
gals,1,0.6364
lumínic,1,0.6364
pixacolònia,1,0.6364
lechuguino,1,0.6364
gentilhome,1,0.6364
refinades,1,0.6364
rebuscat,1,0.6364
pretensiós,1,0.6364
epistemològic,1,0.6364
pessĭmus,1,0.6364
pejor,1,0.6364
súmmum,1,0.6364
schopenhauer,1,0.6364
pesolera,1,0.6364
pĭsŭlum,1,0.6364
pĭsum,1,0.6364
guisante,1,0.6364
pisum,1,0.6364
sapĭdum,1,0.6364
saborós,1,0.6364
contracta,1,0.6364
biššáuṭ,1,0.6364
xítxero,1,0.6364
examinadores,1,0.6364
insòlits,1,0.6364
prósōpon,1,0.6364
teològiques,1,0.6364
canviaven,1,0.6364
persienne,1,0.6364
apuja,1,0.6364
cordeta,1,0.6364
pentēkostḗ,1,0.6364
pente,1,0.6364
oste,1,0.6364
reinterpretació,1,0.6364
pĭscis,1,0.6364
ittus,1,0.6364
lepisma,1,0.6364
lavabos,1,0.6364
caspa,1,0.6364
glòries,1,0.6364
ornamentades,1,0.6364
rancis,1,0.6364
patums,1,0.6364
radicalsocialisme,1,0.6364
mulassa,1,0.6364
omnipresent,1,0.6364
tum,1,0.6364
assaciar,1,0.6364
patrimonium,1,0.6364
patri,1,0.6364
seríem,1,0.6364
patér,1,0.6364
père,1,0.6364
patre,1,0.6364
father,1,0.6364
vater,1,0.6364
fader,1,0.6364
pedar,1,0.6364
psicoanàlisi,1,0.6364
freixura,1,0.6364
aleuta,1,0.6364
aleutianes,1,0.6364
alaska,1,0.6364
gèlides,1,0.6364
esquimals,1,0.6364
jaquetó,1,0.6364
confeccionada,1,0.6364
embuatat,1,0.6364
parásitos,1,0.6364
comensal,1,0.6364
sitos,1,0.6364
paránoia,1,0.6364
adquirirà,1,0.6364
monomania,1,0.6364
persecutòria,1,0.6364
paranoic,1,0.6364
paraguay,1,0.6364
esclafada,1,0.6364
rotllet,1,0.6364
bunyolet,1,0.6364
tomateta,1,0.6364
maricons,1,0.6364
prunus,1,0.6364
persica,1,0.6364
platycarpa,1,0.6364
chinese,1,0.6364
donut,1,0.6364
doughnut,1,0.6364
doxa,1,0.6364
suprems,1,0.6364
inhòspit,1,0.6364
oasis,1,0.6364
emmurallats,1,0.6364
ascendira,1,0.6364
plaentera,1,0.6364
intuïble,1,0.6364
apaciblement,1,0.6364
inquietar,1,0.6364
avantguardisme,1,0.6364
acusava,1,0.6364
poetoides,1,0.6364
panxacontents,1,0.6364
panxacontentisme,1,0.6364
autosatisfeta,1,0.6364
pantomim,1,0.6364
mímos,1,0.6364
imitador,1,0.6364
dionisíaques,1,0.6364
obscens,1,0.6364
fingit,1,0.6364
pantaleone,1,0.6364
panteleemon,1,0.6364
compadix,1,0.6364
camals,1,0.6364
bolcada,1,0.6364
passarel,1,0.6364
flotant,1,0.6364
pilons,1,0.6364
amarratge,1,0.6364
pantalán,1,0.6364
tagal,1,0.6364
atraquen,1,0.6364
barcasses,1,0.6364
esmorzars,1,0.6364
panolis,1,0.6364
cuites,1,0.6364
aromatitzades,1,0.6364
anisets,1,0.6364
mistela,1,0.6364
crèdula,1,0.6364
innocentades,1,0.6364
galdós,1,0.6364
pangolins,1,0.6364
malai,1,0.6364
peng,1,0.6364
guling,1,0.6364
cuirassa,1,0.6364
pinçades,1,0.6364
llaüts,1,0.6364
pandoũra,1,0.6364
epimeteu,1,0.6364
destapà,1,0.6364
blatta,1,0.6364
orientalis,1,0.6364
periplaneta,1,0.6364
filiformes,1,0.6364
panderoles,1,0.6364
càlides,1,0.6364
pandus,1,0.6364
arquejat,1,0.6364
panerola,1,0.6364
escarabatola,1,0.6364
pandorius,1,0.6364
pandoúra,1,0.6364
estirada,1,0.6364
fregant,1,0.6364
cascavells,1,0.6364
pâs,1,0.6364
panafricanisme,1,0.6364
panamericanisme,1,0.6364
propugnen,1,0.6364
dem,1,0.6364
demofòfia,1,0.6364
multituds,1,0.6364
pamflets,1,0.6364
represàlies,1,0.6364
pamphlet,1,0.6364
pamphilet,1,0.6364
pamphilus,1,0.6364
ito,1,0.6364
ventar,1,0.6364
vergallines,1,0.6364
palmitos,1,0.6364
tarragonines,1,0.6364
tĕmpus,1,0.6364
bufava,1,0.6364
dimercres,1,0.6364
salou,1,0.6364
alcudià,1,0.6364
bonus,1,0.6364
ops,1,0.6364
opulència,1,0.6364
sumida,1,0.6364
deparar,1,0.6364
gottfried,1,0.6364
teodicea,1,0.6364
optimismus,1,0.6364
entrants,1,0.6364
undecim,1,0.6364
camisola,1,0.6364
professo,1,0.6364
simulant,1,0.6364
anthrōpos,1,0.6364
lluminoses,1,0.6364
sotragueig,1,0.6364
linealitat,1,0.6364
reportaven,1,0.6364
sacerdoci,1,0.6364
plaés,1,0.6364
mullés,1,0.6364
instructiva,1,0.6364
méditerranée,1,0.6364
esllavissant,1,0.6364
abismes,1,0.6364
ōkeanós,1,0.6364
tetis,1,0.6364
oceànides,1,0.6364
personificaven,1,0.6364
encuriosits,1,0.6364
cabussem,1,0.6364
naveguem,1,0.6364
térbols,1,0.6364
assalten,1,0.6364
inveterats,1,0.6364
alcaniç,1,0.6364
anni,1,0.6364
strany,1,0.6364
esdevench,1,0.6364
satisfaccions,1,0.6364
malforjada,1,0.6364
articulistes,1,0.6364
turguénev,1,0.6364
nihilista,1,0.6364
refús,1,0.6364
ancorats,1,0.6364
plasmaria,1,0.6364
ordenadora,1,0.6364
teleològica,1,0.6364
ultraterrenals,1,0.6364
mencionàvem,1,0.6364
coard,1,0.6364
panxuts,1,0.6364
scius,1,0.6364
nècies,1,0.6364
qüestionen,1,0.6364
critiquen,1,0.6364
interdicció,1,0.6364
mūscŭlus,1,0.6364
mūs,1,0.6364
culus,1,0.6364
senderistes,1,0.6364
mochilla,1,0.6364
mochila,1,0.6364
motxil,1,0.6364
motil,1,0.6364
mŭtĭlus,1,0.6364
rapat,1,0.6364
marjava,1,0.6364
mogilla,1,0.6364
molsuts,1,0.6364
caricaturitzada,1,0.6364
xafa,1,0.6364
remirat,1,0.6364
mordācis,1,0.6364
mossega,1,0.6364
mordēre,1,0.6364
corrosiu,1,0.6364
veloç,1,0.6364
mordaços,1,0.6364
mūnn,1,0.6364
moño,1,0.6364
monho,1,0.6364
ganxets,1,0.6364
polisèmiques,1,0.6364
reemplacem,1,0.6364
avantbraç,1,0.6364
govanella,1,0.6364
govanilla,1,0.6364
gomanilla,1,0.6364
gomanella,1,0.6364
canell,1,0.6364
muno,1,0.6364
monyó,1,0.6364
amputat,1,0.6364
uberta,1,0.6364
moñyca,1,0.6364
suborde,1,0.6364
antropomorfs,1,0.6364
ximpanzés,1,0.6364
bonobos,1,0.6364
orangutans,1,0.6364
gineta,1,0.6364
talp,1,0.6364
maimona,1,0.6364
maimûn,1,0.6364
simis,1,0.6364
bollits,1,0.6364
encastats,1,0.6364
máwna,1,0.6364
vituperi,1,0.6364
abillats,1,0.6364
desmitificadora,1,0.6364
voluminoses,1,0.6364
muela,1,0.6364
acurtant,1,0.6364
modernus,1,0.6364
cassiodor,1,0.6364
plaen,1,0.6364
antiquat,1,0.6364
resultarien,1,0.6364
inexplicables,1,0.6364
definitva,1,0.6364
mỹthos,1,0.6364
legòriques,1,0.6364
distorsionant,1,0.6364
desmitificar,1,0.6364
mediĕtas,1,0.6364
meytat,1,0.6364
insegurs,1,0.6364
dissuadits,1,0.6364
cruament,1,0.6364
milícies,1,0.6364
palestines,1,0.6364
lamentacions,1,0.6364
missile,1,0.6364
missĭlis,1,0.6364
mittere,1,0.6364
projectil,1,0.6364
autopropulsat,1,0.6364
miserabilis,1,0.6364
commiseració,1,0.6364
paupèrrimes,1,0.6364
mesquina,1,0.6364
abjecta,1,0.6364
misérables,1,0.6364
mīracŭlum,1,0.6364
mirāri,1,0.6364
curacions,1,0.6364
exorcismes,1,0.6364
resurreccions,1,0.6364
miracler,1,0.6364
garrigues,1,0.6364
erigisquen,1,0.6364
messianicus,1,0.6364
messīas,1,0.6364
mĕšīāḥ,1,0.6364
salvífics,1,0.6364
miskín,1,0.6364
miskēn,1,0.6364
acadi,1,0.6364
muškēnu,1,0.6364
awilum,1,0.6364
muškenu,1,0.6364
wardum,1,0.6364
adagis,1,0.6364
desventurat,1,0.6364
pobret,1,0.6364
malparlats,1,0.6364
emmascaren,1,0.6364
sobten,1,0.6364
distés,1,0.6364
cotitzen,1,0.6364
cúller,1,0.6364
albudeques,1,0.6364
letugues,1,0.6364
erba,1,0.6364
melōnis,1,0.6364
mēlopépōn,1,0.6364
mē,1,0.6364
pépōn,1,0.6364
pepene,1,0.6364
pepita,1,0.6364
pepònide,1,0.6364
carnós,1,0.6364
gustatiu,1,0.6364
diürètic,1,0.6364
rehidratant,1,0.6364
abatuda,1,0.6364
apàtica,1,0.6364
melancholia,1,0.6364
melagkholía,1,0.6364
mélas,1,0.6364
kholḗ,1,0.6364
flema,1,0.6364
melangia,1,0.6364
desaconsellava,1,0.6364
gelatinós,1,0.6364
casquet,1,0.6364
urticants,1,0.6364
cnidòcits,1,0.6364
médousa,1,0.6364
gorgones,1,0.6364
atrevira,1,0.6364
brollà,1,0.6364
desplacen,1,0.6364
mediterraneus,1,0.6364
medius,1,0.6364
interplanetari,1,0.6364
menejant,1,0.6364
fahena,1,0.6364
archebisbe,1,0.6364
oristany,1,0.6364
medialĭa,1,0.6364
mediālis,1,0.6364
medĭus,1,0.6364
denari,1,0.6364
medaglia,1,0.6364
treballades,1,0.6364
mausolēum,1,0.6364
mausṓleion,1,0.6364
mausol,1,0.6364
governava,1,0.6364
cària,1,0.6364
artemísia,1,0.6364
halicarnàs,1,0.6364
mausoleus,1,0.6364
taj,1,0.6364
mahal,1,0.6364
subtropicals,1,0.6364
reialistes,1,0.6364
gaditana,1,0.6364
sagristà,1,0.6364
ferí,1,0.6364
nina,1,0.6364
encaixen,1,0.6364
imparell,1,0.6364
matrioshka,1,0.6364
matryoshka,1,0.6364
matriochka,1,0.6364
matriarcal,1,0.6364
poliàndria,1,0.6364
poliamor,1,0.6364
matri,1,0.6364
legitimaven,1,0.6364
matrimonium,1,0.6364
connubium,1,0.6364
xarrera,1,0.6364
aspa,1,0.6364
maces,1,0.6364
maṭráqa,1,0.6364
ṭáraq,1,0.6364
categorial,1,0.6364
trona,1,0.6364
antonomàstica,1,0.6364
forçut,1,0.6364
descuidat,1,0.6364
llagues,1,0.6364
becquerel,1,0.6364
einstein,1,0.6364
gauss,1,0.6364
denuncià,1,0.6364
joslyn,1,0.6364
gage,1,0.6364
inventora,1,0.6364
rossiter,1,0.6364
elasticitat,1,0.6364
atlètic,1,0.6364
crin,1,0.6364
xinxes,1,0.6364
poliuretà,1,0.6364
maṭraḥ,1,0.6364
almatrach,1,0.6364
dificultà,1,0.6364
maestría,1,0.6364
magíster,1,0.6364
publicàrem,1,0.6364
informàvem,1,0.6364
medicar,1,0.6364
narcòtics,1,0.6364
maske,1,0.6364
mascareta,1,0.6364
mascherina,1,0.6364
mascarada,1,0.6364
joglar,1,0.6364
legòrica,1,0.6364
emmasquerats,1,0.6364
masca,1,0.6364
sáhara,1,0.6364
sáhir,1,0.6364
cobrint,1,0.6364
màixquera,1,0.6364
màixqueres,1,0.6364
hàmsters,1,0.6364
depressius,1,0.6364
severs,1,0.6364
mascotte,1,0.6364
mascoto,1,0.6364
amulet,1,0.6364
sortilegi,1,0.6364
masco,1,0.6364
mascletada,1,0.6364
disparada,1,0.6364
traques,1,0.6364
carrega,1,0.6364
petard,1,0.6364
faxes,1,0.6364
grossos,1,0.6364
trèveris,1,0.6364
trier,1,0.6364
marxista,1,0.6364
marxià,1,0.6364
martyr,1,0.6364
mártys,1,0.6364
saludats,1,0.6364
galán,1,0.6364
màrtirs,1,0.6364
estilista,1,0.6364
lúriques,1,0.6364
clorofil,1,0.6364
glacé,1,0.6364
confitades,1,0.6364
marrone,1,0.6364
musaranyes,1,0.6364
castors,1,0.6364
construïts,1,0.6364
bill,1,0.6364
murray,1,0.6364
marmotte,1,0.6364
marmoter,1,0.6364
murmurar,1,0.6364
individualitzat,1,0.6364
recalen,1,0.6364
cannabis,1,0.6364
triturades,1,0.6364
euforitzants,1,0.6364
cànnabis,1,0.6364
titlada,1,0.6364
stojà,1,0.6364
floreta,1,0.6364
margherite,1,0.6364
margarýtēs,1,0.6364
chamai,1,0.6364
garballó,1,0.6364
barballó,1,0.6364
fibres,1,0.6364
graneres,1,0.6364
estores,1,0.6364
trenat,1,0.6364
margallons,1,0.6364
palmeretes,1,0.6364
dàtils,1,0.6364
reemplaçant,1,0.6364
escultòrica,1,0.6364
advocacions,1,0.6364
geperudeta,1,0.6364
moreneta,1,0.6364
pregà,1,0.6364
tornassen,1,0.6364
alma,1,0.6364
nutrícia,1,0.6364
provisora,1,0.6364
agermanen,1,0.6364
mother,1,0.6364
mutter,1,0.6364
moder,1,0.6364
matka,1,0.6364
maika,1,0.6364
engendrà,1,0.6364
exuberant,1,0.6364
canalitzaven,1,0.6364
resignadament,1,0.6364
mansus,1,0.6364
mansuetus,1,0.6364
mansuescĕre,1,0.6364
amansir,1,0.6364
manus,1,0.6364
suescĕre,1,0.6364
bellvitges,1,0.6364
juglà,1,0.6364
mansuet,1,0.6364
mansoi,1,0.6364
reconvenció,1,0.6364
inhibix,1,0.6364
maçana,1,0.6364
nasalització,1,0.6364
ssa,1,0.6364
dexà,1,0.6364
malgré,1,0.6364
podets,1,0.6364
sarrahins,1,0.6364
cmyk,1,0.6364
impremtes,1,0.6364
fúcsia,1,0.6364
pigments,1,0.6364
emmanuel,1,0.6364
anilina,1,0.6364
francopiemontesos,1,0.6364
cruenta,1,0.6364
carner,1,0.6364
privà,1,0.6364
cofoy,1,0.6364
maques,1,0.6364
insinuava,1,0.6364
emanà,1,0.6364
luxŭrĭa,1,0.6364
úria,1,0.6364
vellúria,1,0.6364
ascètica,1,0.6364
dominà,1,0.6364
pecaminoses,1,0.6364
luxo,1,0.6364
brotaven,1,0.6364
luxació,1,0.6364
luxury,1,0.6364
insuflem,1,0.6364
erràtics,1,0.6364
tripulada,1,0.6364
criminalitat,1,0.6364
epilèptics,1,0.6364
lumínica,1,0.6364
engrossir,1,0.6364
paracelsiana,1,0.6364
lucina,1,0.6364
saturn,1,0.6364
carnívor,1,0.6364
erectes,1,0.6364
lupus,1,0.6364
atemorint,1,0.6364
campaven,1,0.6364
detestem,1,0.6364
fers,1,0.6364
astuts,1,0.6364
deliciosament,1,0.6364
asseia,1,0.6364
nueteta,1,0.6364
rentava,1,0.6364
labrĕllum,1,0.6364
labrum,1,0.6364
banyera,1,0.6364
gibrell,1,0.6364
ribell,1,0.6364
termòmetres,1,0.6364
lipotímies,1,0.6364
calorosos,1,0.6364
lipothymie,1,0.6364
défaillance,1,0.6364
esprits,1,0.6364
lipo,1,0.6364
leípo,1,0.6364
tímia,1,0.6364
thymós,1,0.6364
beguen,1,0.6364
temptats,1,0.6364
coeditores,1,0.6364
linguistik,1,0.6364
interconnectades,1,0.6364
positivista,1,0.6364
entrevue,1,0.6364
entrevoir,1,0.6364
insultus,1,0.6364
insilīre,1,0.6364
silīre,1,0.6364
lesionar,1,0.6364
tarat,1,0.6364
mamó,1,0.6364
ofensiu,1,0.6364
institūtum,1,0.6364
epĭcus,1,0.6364
epikós,1,0.6364
épos,1,0.6364
recreats,1,0.6364
grandiositat,1,0.6364
destins,1,0.6364
glorioses,1,0.6364
èpiques,1,0.6364
heroisme,1,0.6364
droga,1,0.6364
idōlum,1,0.6364
eídōlon,1,0.6364
abrahàmiques,1,0.6364
teològics,1,0.6364
confusos,1,0.6364
idolatria,1,0.6364
futbolistes,1,0.6364
hôtel,1,0.6364
circumflex,1,0.6364
hostel,1,0.6364
hōspitalis,1,0.6364
hospici,1,0.6364
climatològicament,1,0.6364
minora,1,0.6364
hibernar,1,0.6364
lusitanidade,1,0.6364
arabitat,1,0.6364
germanitat,1,0.6364
entràrem,1,0.6364
observaren,1,0.6364
grandiosos,1,0.6364
eriçons,1,0.6364
escasseja,1,0.6364
cavernes,1,0.6364
metabòlica,1,0.6364
hibernatio,1,0.6364
hibernus,1,0.6364
espies,1,0.6364
ordides,1,0.6364
heroic,1,0.6364
canallesc,1,0.6364
infiltrat,1,0.6364
radioactiva,1,0.6364
hḗlios,1,0.6364
hèlios,1,0.6364
solcant,1,0.6364
ridiculitzat,1,0.6364
hedera,1,0.6364
helix,1,0.6364
enfiladissa,1,0.6364
sarmentoses,1,0.6364
raïls,1,0.6364
agarren,1,0.6364
alternes,1,0.6364
peciolades,1,0.6364
medicinalment,1,0.6364
expectorants,1,0.6364
mucolítiques,1,0.6364
vullau,1,0.6364
licosa,1,0.6364
licista,1,0.6364
substituí,1,0.6364
evolucionades,1,0.6364
werra,1,0.6364
elenc,1,0.6364
widarlon,1,0.6364
widar,1,0.6364
donum,1,0.6364
retut,1,0.6364
galardó,1,0.6364
gualardón,1,0.6364
guerdon,1,0.6364
galardão,1,0.6364
evaporat,1,0.6364
penetrà,1,0.6364
juerga,1,0.6364
altercats,1,0.6364
graecisca,1,0.6364
graeciscus,1,0.6364
llicenciosos,1,0.6364
amfibi,1,0.6364
protràctil,1,0.6364
rauc,1,0.6364
jugaven,1,0.6364
grums,1,0.6364
metar,1,0.6364
météorologique,1,0.6364
aviation,1,0.6364
régulière,1,0.6364
geodialectal,1,0.6364
calamarsa,1,0.6364
calabruixó,1,0.6364
granissó,1,0.6364
adossant,1,0.6364
congelen,1,0.6364
precipiten,1,0.6364
granum,1,0.6364
grando,1,0.6364
grandine,1,0.6364
grindina,1,0.6364
granizo,1,0.6364
graínzo,1,0.6364
grammatĭca,1,0.6364
grammatĭcus,1,0.6364
grammatikḗ,1,0.6364
grámma,1,0.6364
atorgam,1,0.6364
servii,1,0.6364
gramatges,1,0.6364
explicitació,1,0.6364
formalitzada,1,0.6364
gracŭla,1,0.6364
nidificar,1,0.6364
rocoses,1,0.6364
saltironejant,1,0.6364
gratus,1,0.6364
gʷrh,1,0.6364
lloat,1,0.6364
evidenciant,1,0.6364
vassalls,1,0.6364
tuyt,1,0.6364
jachme,1,0.6364
malorqua,1,0.6364
monperler,1,0.6364
autàrquicament,1,0.6364
gouvernance,1,0.6364
gubernare,1,0.6364
kybernõ,1,0.6364
gŭtta,1,0.6364
viscoses,1,0.6364
filtraven,1,0.6364
úric,1,0.6364
familiaris,1,0.6364
comodí,1,0.6364
hajats,1,0.6364
afluixa,1,0.6364
joie,1,0.6364
vivre,1,0.6364
predefinit,1,0.6364
maquinació,1,0.6364
bucs,1,0.6364
genuīnus,1,0.6364
genus,1,0.6364
coneguta,1,0.6364
ceratonia,1,0.6364
siliqua,1,0.6364
solejats,1,0.6364
encorbades,1,0.6364
folíols,1,0.6364
revaloració,1,0.6364
ḫarrûbah,1,0.6364
ẖar,1,0.6364
lup,1,0.6364
interessà,1,0.6364
dispersava,1,0.6364
irrespirable,1,0.6364
confitura,1,0.6364
galette,1,0.6364
galeta,1,0.6364
travessies,1,0.6364
galet,1,0.6364
cudolets,1,0.6364
cookie,1,0.6364
hansel,1,0.6364
gretel,1,0.6364
incinerar,1,0.6364
funeralis,1,0.6364
mortuòria,1,0.6364
esquelets,1,0.6364
neandertals,1,0.6364
desprengueren,1,0.6364
olors,1,0.6364
fètides,1,0.6364
embalsamaven,1,0.6364
sarcòfags,1,0.6364
clarins,1,0.6364
accidental,1,0.6364
estàticament,1,0.6364
lance,1,0.6364
ivanhoe,1,0.6364
postor,1,0.6364
frĭgdus,1,0.6364
frīgĭdus,1,0.6364
frígid,1,0.6364
frigorífic,1,0.6364
copèrnic,1,0.6364
abriguen,1,0.6364
hereditària,1,0.6364
ixqué,1,0.6364
gesaran,1,0.6364
frangeta,1,0.6364
davantera,1,0.6364
pentinen,1,0.6364
flequillo,1,0.6364
perdedors,1,0.6364
fracasos,1,0.6364
llinache,1,0.6364
fracasso,1,0.6364
destrossar,1,0.6364
casser,1,0.6364
quassare,1,0.6364
fŏdĕre,1,0.6364
sèptica,1,0.6364
vanitoses,1,0.6364
calcigaran,1,0.6364
calcigar,1,0.6364
xafaran,1,0.6364
fornicare,1,0.6364
fornix,1,0.6364
arcades,1,0.6364
acceptaven,1,0.6364
frūmĕntum,1,0.6364
quimereta,1,0.6364
desfan,1,0.6364
calfats,1,0.6364
beterana,1,0.6364
mitològicament,1,0.6364
thoms,1,0.6364
lore,1,0.6364
folkloristes,1,0.6364
prismes,1,0.6364
béla,1,0.6364
bartók,1,0.6364
albéniz,1,0.6364
basaren,1,0.6364
orbita,1,0.6364
pandèmics,1,0.6364
caricaturesques,1,0.6364
fŏcus,1,0.6364
preromans,1,0.6364
tornarem,1,0.6364
botarem,1,0.6364
riurem,1,0.6364
ballarem,1,0.6364
fregarem,1,0.6364
voluptuosament,1,0.6364
fogar,1,0.6364
traiem,1,0.6364
destruït,1,0.6364
polze,1,0.6364
estupefaents,1,0.6364
entusiasmat,1,0.6364
perfumades,1,0.6364
saltamartí,1,0.6364
endolcim,1,0.6364
anís,1,0.6364
moscatell,1,0.6364
aloma,1,0.6364
menjàs,1,0.6364
flaon,1,0.6364
flado,1,0.6364
degustar,1,0.6364
deliciosos,1,0.6364
ness,1,0.6364
shortness,1,0.6364
happiness,1,0.6364
entrelligats,1,0.6364
aerarium,1,0.6364
firmare,1,0.6364
reinterpretats,1,0.6364
escribes,1,0.6364
certificador,1,0.6364
fērĭa,1,0.6364
firat,1,0.6364
terminar,1,0.6364
finir,1,0.6364
escomençar,1,0.6364
finalisar,1,0.6364
finalize,1,0.6364
catapultat,1,0.6364
philosophía,1,0.6364
sophia,1,0.6364
prosaica,1,0.6364
hamburguesa,1,0.6364
mesenteri,1,0.6364
fegatello,1,0.6364
fegato,1,0.6364
corsa,1,0.6364
figatellu,1,0.6364
àvids,1,0.6364
donants,1,0.6364
figatells,1,0.6364
desaprofiten,1,0.6364
flaskô,1,0.6364
frasco,1,0.6364
bolonyés,1,0.6364
domenico,1,0.6364
biancolelli,1,0.6364
exasperat,1,0.6364
miquetes,1,0.6364
fetiche,1,0.6364
dieux,1,0.6364
fétiches,1,0.6364
comparava,1,0.6364
feticcio,1,0.6364
feitiço,1,0.6364
enxís,1,0.6364
adorat,1,0.6364
eròtics,1,0.6364
festum,1,0.6364
incomplia,1,0.6364
arravataments,1,0.6364
concatenats,1,0.6364
nomenà,1,0.6364
febris,1,0.6364
fovere,1,0.6364
malauta,1,0.6364
fortment,1,0.6364
apostermacions,1,0.6364
deixàvem,1,0.6364
fornícula,1,0.6364
obrada,1,0.6364
navegants,1,0.6364
fanal,1,0.6364
etimologistes,1,0.6364
fanale,1,0.6364
mossarabisme,1,0.6364
jactància,1,0.6364
presumint,1,0.6364
amenaçadores,1,0.6364
desconfien,1,0.6364
contrincant,1,0.6364
emparella,1,0.6364
scyrus,1,0.6364
lirón,1,0.6364
arda,1,0.6364
esquilo,1,0.6364
agarda,1,0.6364
explanar,1,0.6364
mudèjars,1,0.6364
endú,1,0.6364
lusament,1,0.6364
reaprofitament,1,0.6364
fardo,1,0.6364
farcell,1,0.6364
ancorar,1,0.6364
indagant,1,0.6364
poliestiré,1,0.6364
facŭla,1,0.6364
antorxa,1,0.6364
treien,1,0.6364
facula,1,0.6364
torxa,1,0.6364
fogueretes,1,0.6364
encenia,1,0.6364
fusteries,1,0.6364
domicilis,1,0.6364
fachada,1,0.6364
encarat,1,0.6364
autodestructiu,1,0.6364
eutanasia,1,0.6364
tànatos,1,0.6364
voluntariosament,1,0.6364
refusà,1,0.6364
gità,1,0.6364
sobrevinguera,1,0.6364
aetiologia,1,0.6364
aitiología,1,0.6364
aitía,1,0.6364
logía,1,0.6364
patològics,1,0.6364
infligits,1,0.6364
tardat,1,0.6364
abrigant,1,0.6364
stufa,1,0.6364
extuphāre,1,0.6364
caldejar,1,0.6364
tuf,1,0.6364
emanació,1,0.6364
calfades,1,0.6364
calenta,1,0.6364
suaren,1,0.6364
calefactor,1,0.6364
radiador,1,0.6364
tufs,1,0.6364
muta,1,0.6364
endocrinòleg,1,0.6364
selye,1,0.6364
hormones,1,0.6364
estrece,1,0.6364
ofegats,1,0.6364
faltara,1,0.6364
boltà,1,0.6364
estentoris,1,0.6364
stentoreus,1,0.6364
stentóreios,1,0.6364
stèntor,1,0.6364
combaté,1,0.6364
statunitense,1,0.6364
estadunidense,1,0.6364
bulbena,1,0.6364
penjava,1,0.6364
brodaven,1,0.6364
bayx,1,0.6364
ensenyes,1,0.6364
maixquerada,1,0.6364
staffare,1,0.6364
staffa,1,0.6364
repose,1,0.6364
crèdulament,1,0.6364
barcelonesa,1,0.6364
vaguistes,1,0.6364
scuriolus,1,0.6364
skíouros,1,0.6364
skía,1,0.6364
ourá,1,0.6364
écureuil,1,0.6364
squirrel,1,0.6364
subespècies,1,0.6364
disseminades,1,0.6364
doblega,1,0.6364
frontals,1,0.6364
rosegament,1,0.6364
skiran,1,0.6364
esquirar,1,0.6364
scëran,1,0.6364
sceran,1,0.6364
scieran,1,0.6364
scissors,1,0.6364
rapaven,1,0.6364
republicanes,1,0.6364
baum,1,0.6364
serrana,1,0.6364
escafit,1,0.6364
espigat,1,0.6364
rosers,1,0.6364
escafides,1,0.6364
cervells,1,0.6364
excelses,1,0.6364
mesquinesa,1,0.6364
coloració,1,0.6364
llaurats,1,0.6364
palustres,1,0.6364
allotgen,1,0.6364
sega,1,0.6364
espigolament,1,0.6364
desheretats,1,0.6364
espigolable,1,0.6364
regirar,1,0.6364
espigolant,1,0.6364
rostoll,1,0.6364
morisc,1,0.6364
morisques,1,0.6364
spaíha,1,0.6364
lla,1,0.6364
ascí,1,0.6364
conexeu,1,0.6364
aytal,1,0.6364
obriu,1,0.6364
spy,1,0.6364
spyware,1,0.6364
esperpento,1,0.6364
bohemia,1,0.6364
deformada,1,0.6364
còncau,1,0.6364
hilarant,1,0.6364
transeünts,1,0.6364
còmicament,1,0.6364
planyia,1,0.6364
merx,1,0.6364
mercis,1,0.6364
etrusc,1,0.6364
acomanats,1,0.6364
esmerçats,1,0.6364
neguociant,1,0.6364
redoblaràs,1,0.6364
multiplicats,1,0.6364
rèdit,1,0.6364
slovenija,1,0.6364
desintegraria,1,0.6364
assustar,1,0.6364
asustar,1,0.6364
difuminat,1,0.6364
esglaiat,1,0.6364
intimidar,1,0.6364
morien,1,0.6364
inserint,1,0.6364
tragaperras,1,0.6364
escotar,1,0.6364
escots,1,0.6364
ocultaven,1,0.6364
turmells,1,0.6364
torbadores,1,0.6364
concupiscents,1,0.6364
exconspuĕre,1,0.6364
esputs,1,0.6364
escopiren,1,0.6364
gargalls,1,0.6364
escopidores,1,0.6364
escopidora,1,0.6364
gratuïtat,1,0.6364
gargall,1,0.6364
escombrall,1,0.6364
enronquiment,1,0.6364
carraspear,1,0.6364
excomborare,1,0.6364
comboros,1,0.6364
escombros,1,0.6364
schŏla,1,0.6364
begueren,1,0.6364
antitètics,1,0.6364
dividien,1,0.6364
askholía,1,0.6364
anápausis,1,0.6364
skaírnjan,1,0.6364
mortificar,1,0.6364
jesuchrist,1,0.6364
escarnien,1,0.6364
escarní,1,0.6364
cagamandúrria,1,0.6364
escarnecer,1,0.6364
reprensió,1,0.6364
reprotxats,1,0.6364
airada,1,0.6364
escardussons,1,0.6364
escardussen,1,0.6364
reprotxes,1,0.6364
mutus,1,0.6364
capbaix,1,0.6364
decibels,1,0.6364
escardussar,1,0.6364
escardussa,1,0.6364
posteta,1,0.6364
guarnida,1,0.6364
escapism,1,0.6364
houdini,1,0.6364
figuracions,1,0.6364
fantasioses,1,0.6364
tamisant,1,0.6364
esvaïra,1,0.6364
escàndal,1,0.6364
escàndil,1,0.6364
scandălum,1,0.6364
skándalon,1,0.6364
entropessó,1,0.6364
scalextric,1,0.6364
cotxets,1,0.6364
controlats,1,0.6364
scale,1,0.6364
electric,1,0.6364
scāla,1,0.6364
travessers,1,0.6364
fortificat,1,0.6364
alarmant,1,0.6364
scaccus,1,0.6364
sah,1,0.6364
castellví,1,0.6364
publicaren,1,0.6364
scachs,1,0.6364
sogorbí,1,0.6364
schacs,1,0.6364
garrafal,1,0.6364
errare,1,0.6364
diabòlica,1,0.6364
complaguda,1,0.6364
entusiàstica,1,0.6364
unilateralment,1,0.6364
abúlia,1,0.6364
desesperança,1,0.6364
theós,1,0.6364
ousia,1,0.6364
guiara,1,0.6364
inspirara,1,0.6364
atribuïble,1,0.6364
mundà,1,0.6364
neollatina,1,0.6364
enthusiasmus,1,0.6364
theos,1,0.6364
furor,1,0.6364
airós,1,0.6364
inventiva,1,0.6364
vetlava,1,0.6364
innates,1,0.6364
enginyoses,1,0.6364
malvats,1,0.6364
induhits,1,0.6364
diabulical,1,0.6364
diabòlic,1,0.6364
boniques,1,0.6364
lletges,1,0.6364
frugalitat,1,0.6364
incita,1,0.6364
instituint,1,0.6364
fisiològica,1,0.6364
perperir,1,0.6364
codonyat,1,0.6364
sobrepassen,1,0.6364
liberalitat,1,0.6364
infictus,1,0.6364
infigĕre,1,0.6364
atapeït,1,0.6364
meteren,1,0.6364
degú,1,0.6364
engires,1,0.6364
encabotar,1,0.6364
encaputxar,1,0.6364
eixuga,1,0.6364
batedora,1,0.6364
afaitadora,1,0.6364
agranadora,1,0.6364
externalitat,1,0.6364
assecar,1,0.6364
sequem,1,0.6364
secadora,1,0.6364
vetos,1,0.6364
bancarrota,1,0.6364
oeconomĭa,1,0.6364
oikonomía,1,0.6364
oikonómos,1,0.6364
oĩkos,1,0.6364
némō,1,0.6364
smith,1,0.6364
dejunar,1,0.6364
construïra,1,0.6364
implacablement,1,0.6364
aniquilant,1,0.6364
venerats,1,0.6364
odiló,1,0.6364
regentà,1,0.6364
cluny,1,0.6364
regirem,1,0.6364
paradisos,1,0.6364
reconfortants,1,0.6364
piadoses,1,0.6364
turmentat,1,0.6364
défunt,1,0.6364
defunto,1,0.6364
patits,1,0.6364
destructora,1,0.6364
tectòniques,1,0.6364
destruïts,1,0.6364
fratricides,1,0.6364
devastacions,1,0.6364
dévastation,1,0.6364
vastare,1,0.6364
abordàvem,1,0.6364
morbosa,1,0.6364
despedí,1,0.6364
multíssima,1,0.6364
expetēre,1,0.6364
soscaven,1,0.6364
decĕmber,1,0.6364
decem,1,0.6364
decembre,1,0.6364
deembre,1,0.6364
dembre,1,0.6364
depressio,1,0.6364
circumdants,1,0.6364
degradar,1,0.6364
prĕmĕre,1,0.6364
colpejat,1,0.6364
irritabilitat,1,0.6364
incapacitar,1,0.6364
blackmore,1,0.6364
melsa,1,0.6364
bajanades,1,0.6364
conformava,1,0.6364
bolero,1,0.6364
peturrero,1,0.6364
perolero,1,0.6364
fumero,1,0.6364
dotors,1,0.6364
boticaris,1,0.6364
seruchans,1,0.6364
curanderos,1,0.6364
harbolaris,1,0.6364
menescals,1,0.6364
sanadors,1,0.6364
supersticiós,1,0.6364
terapèutiques,1,0.6364
cuculiformes,1,0.6364
ornitològic,1,0.6364
cuculus,1,0.6364
cucus,1,0.6364
bitonal,1,0.6364
fonador,1,0.6364
afusat,1,0.6364
canyars,1,0.6364
parasitisme,1,0.6364
detecte,1,0.6364
adoptius,1,0.6364
cuquella,1,0.6364
cucuc,1,0.6364
cugul,1,0.6364
cucūlus,1,0.6364
regomello,1,0.6364
cognātus,1,0.6364
gnatus,1,0.6364
gnasci,1,0.6364
consanguini,1,0.6364
cathĕdra,1,0.6364
motacilla,1,0.6364
cuereta,1,0.6364
cuetina,1,0.6364
gafarda,1,0.6364
pastoreta,1,0.6364
titina,1,0.6364
esveltes,1,0.6364
aguzanieves,1,0.6364
pajarita,1,0.6364
lavandera,1,0.6364
manejables,1,0.6364
reccorre,1,0.6364
cudolàs,1,0.6364
chafa,1,0.6364
cotŭlu,1,0.6364
cote,1,0.6364
crucificare,1,0.6364
crux,1,0.6364
fixio,1,0.6364
isis,1,0.6364
xara,1,0.6364
cruelment,1,0.6364
chrysanthĕmum,1,0.6364
chrysánthemon,1,0.6364
khrysós,1,0.6364
ánthemon,1,0.6364
fixà,1,0.6364
empelts,1,0.6364
transmissora,1,0.6364
crisantems,1,0.6364
congelar,1,0.6364
reanimació,1,0.6364
criogenització,1,0.6364
criogènia,1,0.6364
crio,1,0.6364
krýos,1,0.6364
gènia,1,0.6364
geneá,1,0.6364
reprensible,1,0.6364
imperdonable,1,0.6364
crīmen,1,0.6364
incriminar,1,0.6364
inculpar,1,0.6364
recriminar,1,0.6364
hipèrbole,1,0.6364
crétin,1,0.6364
valais,1,0.6364
chrétien,1,0.6364
endèmic,1,0.6364
tiroide,1,0.6364
deformitats,1,0.6364
beneit,1,0.6364
misericordiós,1,0.6364
escopiu,1,0.6364
papasseit,1,0.6364
musicà,1,0.6364
ramifica,1,0.6364
informalitat,1,0.6364
irritat,1,0.6364
cremare,1,0.6364
flameja,1,0.6364
trosset,1,0.6364
aromatitzar,1,0.6364
beuratge,1,0.6364
cremadet,1,0.6364
cremaet,1,0.6364
bulbs,1,0.6364
tuberosum,1,0.6364
prolixes,1,0.6364
creadilla,1,0.6364
creaïlla,1,0.6364
creguilla,1,0.6364
creiaïlla,1,0.6364
criaïlla,1,0.6364
queradilla,1,0.6364
queraïlla,1,0.6364
quereguilla,1,0.6364
quereïlla,1,0.6364
pataca,1,0.6364
sement,1,0.6364
gònades,1,0.6364
compartira,1,0.6364
fregue,1,0.6364
ffortment,1,0.6364
orins,1,0.6364
crepacĕa,1,0.6364
assimile,1,0.6364
còrvid,1,0.6364
papagai,1,0.6364
puntegudes,1,0.6364
acollides,1,0.6364
prensores,1,0.6364
dessubstanciats,1,0.6364
cutenna,1,0.6364
cotenna,1,0.6364
couenne,1,0.6364
côdea,1,0.6364
amenitzada,1,0.6364
sogres,1,0.6364
trompetetes,1,0.6364
estrambòtiques,1,0.6364
virolats,1,0.6364
antifaços,1,0.6364
diademes,1,0.6364
daurades,1,0.6364
collars,1,0.6364
hawaians,1,0.6364
subvertint,1,0.6364
cotte,1,0.6364
sinagües,1,0.6364
sublimació,1,0.6364
gravitacional,1,0.6364
grandiosament,1,0.6364
dualista,1,0.6364
contraposava,1,0.6364
antagònica,1,0.6364
subornació,1,0.6364
corruptio,1,0.6364
corrumpere,1,0.6364
rumpere,1,0.6364
oculten,1,0.6364
llance,1,0.6364
correfocs,1,0.6364
disfressades,1,0.6364
currĕre,1,0.6364
geomorfològiques,1,0.6364
unirien,1,0.6364
corredors,1,0.6364
desmilitaritzada,1,0.6364
combois,1,0.6364
compilats,1,0.6364
corpora,1,0.6364
corps,1,0.6364
corpo,1,0.6364
rueda,1,0.6364
pareguts,1,0.6364
coronaviridae,1,0.6364
ornament,1,0.6364
verinoses,1,0.6364
severe,1,0.6364
acute,1,0.6364
respiratory,1,0.6364
syndrome,1,0.6364
qórfa,1,0.6364
avellanes,1,0.6364
añel,1,0.6364
mostrave,1,0.6364
deguessen,1,0.6364
cordarius,1,0.6364
borreguets,1,0.6364
mansuetud,1,0.6364
xai,1,0.6364
coratĭcu,1,0.6364
cŏr,1,0.6364
circulatori,1,0.6364
coratges,1,0.6364
spiritual,1,0.6364
aigyptos,1,0.6364
gyptios,1,0.6364
qubt,1,0.6364
etnoreligiosa,1,0.6364
demòtic,1,0.6364
constructors,1,0.6364
piràmides,1,0.6364
convergit,1,0.6364
couche,1,0.6364
colche,1,0.6364
culcĭta,1,0.6364
colchón,1,0.6364
rodolphe,1,0.6364
lindt,1,0.6364
removent,1,0.6364
lecitina,1,0.6364
deliciós,1,0.6364
enconxament,1,0.6364
convulsio,1,0.6364
vellĕre,1,0.6364
convellere,1,0.6364
contòrcer,1,0.6364
distensió,1,0.6364
convocare,1,0.6364
revocar,1,0.6364
concórreguen,1,0.6364
alien,1,0.6364
qüestionables,1,0.6364
judeomaçònic,1,0.6364
crémieux,1,0.6364
francmaçó,1,0.6364
contubernium,1,0.6364
tubernium,1,0.6364
conxorxes,1,0.6364
contubernis,1,0.6364
contagium,1,0.6364
tagium,1,0.6364
tangĕre,1,0.6364
contagiones,1,0.6364
malorum,1,0.6364
narrant,1,0.6364
storyteller,1,0.6364
cuentacuentos,1,0.6364
inimitables,1,0.6364
captava,1,0.6364
estatuir,1,0.6364
statuere,1,0.6364
ancorat,1,0.6364
insuflada,1,0.6364
atinga,1,0.6364
desviat,1,0.6364
practicà,1,0.6364
descartes,1,0.6364
autoimposà,1,0.6364
entusiasmes,1,0.6364
idolatració,1,0.6364
camaraderia,1,0.6364
conllogar,1,0.6364
laborativa,1,0.6364
coniurāre,1,0.6364
iurāre,1,0.6364
conjuració,1,0.6364
ordida,1,0.6364
esotèriques,1,0.6364
àlamo,1,0.6364
crepuscle,1,0.6364
swift,1,0.6364
gulliver,1,0.6364
reconeixereu,1,0.6364
conjuren,1,0.6364
pulitzer,1,0.6364
conjures,1,0.6364
conjux,1,0.6364
conjugis,1,0.6364
yugo,1,0.6364
espentant,1,0.6364
encarant,1,0.6364
oryctolagus,1,0.6364
coniculus,1,0.6364
orycto,1,0.6364
orýssein,1,0.6364
excavadors,1,0.6364
lagomorfs,1,0.6364
incisives,1,0.6364
rosegant,1,0.6364
transformàrem,1,0.6364
flexiu,1,0.6364
confundĕre,1,0.6364
fundĕre,1,0.6364
mesclaren,1,0.6364
gragees,1,0.6364
confĕctu,1,0.6364
confĭcere,1,0.6364
confit,1,0.6364
confitar,1,0.6364
naya,1,0.6364
tapiçat,1,0.6364
alfombra,1,0.6364
decretat,1,0.6364
ajuntat,1,0.6364
vultur,1,0.6364
gryphus,1,0.6364
voraç,1,0.6364
carúncula,1,0.6364
inaccessibles,1,0.6364
kutur,1,0.6364
fecundació,1,0.6364
higienista,1,0.6364
ideà,1,0.6364
intestins,1,0.6364
lubricats,1,0.6364
sífilis,1,0.6364
alcoves,1,0.6364
caputxó,1,0.6364
capot,1,0.6364
consuetudinaris,1,0.6364
opíparament,1,0.6364
besos,1,0.6364
abraços,1,0.6364
efusivitat,1,0.6364
modelen,1,0.6364
cordis,1,0.6364
corporeïtat,1,0.6364
dedicaren,1,0.6364
concilià,1,0.6364
pernoliaren,1,0.6364
concilier,1,0.6364
conciliate,1,0.6364
pugnes,1,0.6364
fomentà,1,0.6364
acordió,1,0.6364
hexagonal,1,0.6364
octogonal,1,0.6364
teclat,1,0.6364
subjecten,1,0.6364
wheatstone,1,0.6364
estereoscopi,1,0.6364
rolls,1,0.6364
penitenciaris,1,0.6364
perímetres,1,0.6364
causaven,1,0.6364
concĭpĕre,1,0.6364
cip,1,0.6364
suposaven,1,0.6364
engendrament,1,0.6364
concebir,1,0.6364
concebisc,1,0.6364
concebixes,1,0.6364
conceps,1,0.6364
commemorāre,1,0.6364
memorāre,1,0.6364
exordi,1,0.6364
factis,1,0.6364
dictisque,1,0.6364
memorabilibus,1,0.6364
compilava,1,0.6364
fasts,1,0.6364
moralitzador,1,0.6364
fútil,1,0.6364
memorialístic,1,0.6364
supervivent,1,0.6364
lidiar,1,0.6364
barbeta,1,0.6364
consignà,1,0.6364
sarraïna,1,0.6364
infundat,1,0.6364
acastellanats,1,0.6364
prosperara,1,0.6364
nomenaria,1,0.6364
magistratura,1,0.6364
nunciatura,1,0.6364
cató,1,0.6364
censors,1,0.6364
reconvindre,1,0.6364
recriminació,1,0.6364
empinats,1,0.6364
aterrat,1,0.6364
antoixen,1,0.6364
catxirulos,1,0.6364
empinava,1,0.6364
cachirulo,1,0.6364
dentista,1,0.6364
sostret,1,0.6364
dissimuladament,1,0.6364
motxilles,1,0.6364
tallabosses,1,0.6364
saltamarges,1,0.6364
furtagallines,1,0.6364
carabassera,1,0.6364
cucurbitàcies,1,0.6364
cogombre,1,0.6364
estriada,1,0.6364
aplatada,1,0.6364
hipertensió,1,0.6364
antioxidants,1,0.6364
caparazón,1,0.6364
navata,1,0.6364
carabaces,1,0.6364
suspensos,1,0.6364
defraudades,1,0.6364
carbassa,1,0.6364
calabaza,1,0.6364
cabaça,1,0.6364
calebasse,1,0.6364
calabash,1,0.6364
cappella,1,0.6364
cappa,1,0.6364
plovia,1,0.6364
miraculosos,1,0.6364
reliquari,1,0.6364
tours,1,0.6364
masies,1,0.6364
caneller,1,0.6364
lauràcies,1,0.6364
kinnamomon,1,0.6364
ceilan,1,0.6364
cannella,1,0.6364
canviàvem,1,0.6364
aberdeenshire,1,0.6364
calendarium,1,0.6364
calendae,1,0.6364
despuntava,1,0.6364
cavalers,1,0.6364
antropomorfitzat,1,0.6364
embenats,1,0.6364
xafen,1,0.6364
topògrafs,1,0.6364
proferisca,1,0.6364
burrico,1,0.6364
burrīcus,1,0.6364
zebres,1,0.6364
audibles,1,0.6364
auriculars,1,0.6364
prestos,1,0.6364
paraulògic,1,0.6364
saquet,1,0.6364
subjectat,1,0.6364
pudendes,1,0.6364
micció,1,0.6364
engonal,1,0.6364
braguette,1,0.6364
gargantua,1,0.6364
embriagat,1,0.6364
libidinosos,1,0.6364
infundades,1,0.6364
triomfs,1,0.6364
eurobasket,1,0.6364
desitjava,1,0.6364
gèlids,1,0.6364
calca,1,0.6364
ponderen,1,0.6364
acreditatius,1,0.6364
baris,1,0.6364
barcassa,1,0.6364
barcatge,1,0.6364
embarcador,1,0.6364
caucas,1,0.6364
governà,1,0.6364
àzeris,1,0.6364
aviver,1,0.6364
avvivare,1,0.6364
advīvāre,1,0.6364
aclimatant,1,0.6364
metafísiques,1,0.6364
suptil,1,0.6364
enfinit,1,0.6364
nostr,1,0.6364
enfenit,1,0.6364
amortida,1,0.6364
depositades,1,0.6364
avivats,1,0.6364
nínxols,1,0.6364
ern,1,0.6364
poen,1,0.6364
avernus,1,0.6364
campània,1,0.6364
anquises,1,0.6364
emanaven,1,0.6364
sulfurosos,1,0.6364
sobrevolaren,1,0.6364
ornos,1,0.6364
ornitologia,1,0.6364
adventura,1,0.6364
advenīre,1,0.6364
venīre,1,0.6364
abantiare,1,0.6364
abante,1,0.6364
alvançar,1,0.6364
avençar,1,0.6364
rizotònica,1,0.6364
esvaïx,1,0.6364
fruyts,1,0.6364
autumpne,1,0.6364
dexe,1,0.6364
corfes,1,0.6364
calant,1,0.6364
automne,1,0.6364
autumn,1,0.6364
autunno,1,0.6364
desembocat,1,0.6364
outono,1,0.6364
otoño,1,0.6364
autokratḗs,1,0.6364
autos,1,0.6364
kratḗs,1,0.6364
sobirans,1,0.6364
tsars,1,0.6364
actuara,1,0.6364
tirànicament,1,0.6364
nantes,1,0.6364
omnès,1,0.6364
fortuït,1,0.6364
psicòtic,1,0.6364
neurològic,1,0.6364
retraïment,1,0.6364
autismus,1,0.6364
bleuler,1,0.6364
autós,1,0.6364
ismus,1,0.6364
botulisme,1,0.6364
estigmatisme,1,0.6364
nanisme,1,0.6364
somnambulisme,1,0.6364
espúries,1,0.6364
defugint,1,0.6364
erigint,1,0.6364
paradigmàtics,1,0.6364
mistifica,1,0.6364
authenticus,1,0.6364
authentikós,1,0.6364
authentés,1,0.6364
fictíciament,1,0.6364
arbitràriament,1,0.6364
augurium,1,0.6364
aui,1,0.6364
gusio,1,0.6364
rellamps,1,0.6364
budells,1,0.6364
institucionalitzades,1,0.6364
presagiem,1,0.6364
lāzûrd,1,0.6364
azzurro,1,0.6364
droguers,1,0.6364
jaspis,1,0.6364
niellada,1,0.6364
rèpliques,1,0.6364
tocaren,1,0.6364
zuqâq,1,0.6364
llòbrec,1,0.6364
instruïts,1,0.6364
pasat,1,0.6364
açucach,1,0.6364
adzucach,1,0.6364
asucach,1,0.6364
austericidi,1,0.6364
impredictible,1,0.6364
atzaroses,1,0.6364
retardat,1,0.6364
blaise,1,0.6364
cleopatra,1,0.6364
azahar,1,0.6364
exacerben,1,0.6364
atrocĭtas,1,0.6364
importà,1,0.6364
atrocité,1,0.6364
desmesurades,1,0.6364
extremada,1,0.6364
brutalitat,1,0.6364
alcayt,1,0.6364
atròs,1,0.6364
atrox,1,0.6364
atrocis,1,0.6364
ater,1,0.6364
ennegrides,1,0.6364
esparsa,1,0.6364
áith,1,0.6364
avèstic,1,0.6364
ātarš,1,0.6364
átharvan,1,0.6364
irritables,1,0.6364
corprén,1,0.6364
atroces,1,0.6364
amarrar,1,0.6364
taráqqa,1,0.6364
atráqqà,1,0.6364
atracades,1,0.6364
contaminat,1,0.6364
definí,1,0.6364
acarar,1,0.6364
terrats,1,0.6364
aterrissar,1,0.6364
atterrir,1,0.6364
atterrare,1,0.6364
earth,1,0.6364
amartar,1,0.6364
allunar,1,0.6364
atordiment,1,0.6364
xarra,1,0.6364
embotiment,1,0.6364
ineptituds,1,0.6364
taràntula,1,0.6364
atordides,1,0.6364
inocula,1,0.6364
refila,1,0.6364
desficaciada,1,0.6364
nonats,1,0.6364
astrakhan,1,0.6364
volga,1,0.6364
sudd,1,0.6364
deslligada,1,0.6364
rahon,1,0.6364
molin,1,0.6364
assuts,1,0.6364
proveïa,1,0.6364
llavadors,1,0.6364
assertiveness,1,0.6364
asserĕre,1,0.6364
asserir,1,0.6364
assertiu,1,0.6364
asseveratiu,1,0.6364
asseveració,1,0.6364
seguidisme,1,0.6364
acrític,1,0.6364
discrepants,1,0.6364
equidistant,1,0.6364
manipuladora,1,0.6364
assertiva,1,0.6364
assemblée,1,0.6364
assembler,1,0.6364
adsimulare,1,0.6364
sĭmŭl,1,0.6364
bufaven,1,0.6364
güefa,1,0.6364
ḥaššāšîn,1,0.6364
ḥašîš,1,0.6364
fumades,1,0.6364
bevedors,1,0.6364
nizarita,1,0.6364
nizar,1,0.6364
mustànsir,1,0.6364
califal,1,0.6364
embriagats,1,0.6364
sanguinàries,1,0.6364
venjances,1,0.6364
axixins,1,0.6364
llevaven,1,0.6364
assassina,1,0.6364
asper,1,0.6364
inclement,1,0.6364
ponderatives,1,0.6364
fregall,1,0.6364
arkhḗ,1,0.6364
arxidiaca,1,0.6364
pèleg,1,0.6364
pĕlăgus,1,0.6364
egeo,1,0.6364
pèlagos,1,0.6364
colonitzables,1,0.6364
arkhipelagos,1,0.6364
arcipelago,1,0.6364
geomòrfiques,1,0.6364
retroacció,1,0.6364
anivellar,1,0.6364
roscidāre,1,0.6364
roscĭdus,1,0.6364
remata,1,0.6364
descarregada,1,0.6364
inalterades,1,0.6364
ruixar,1,0.6364
roscidare,1,0.6364
roscidus,1,0.6364
alçara,1,0.6364
kate,1,0.6364
winslet,1,0.6364
lagen,1,0.6364
dèrmics,1,0.6364
rūga,1,0.6364
simbolitzada,1,0.6364
variava,1,0.6364
mètric,1,0.6364
litorals,1,0.6364
deltes,1,0.6364
gabilondo,1,0.6364
arrythmĭa,1,0.6364
arrythmía,1,0.6364
rhythmós,1,0.6364
radiada,1,0.6364
modernor,1,0.6364
rael,1,0.6364
arreglaparroquias,1,0.6364
arregla,1,0.6364
onse,1,0.6364
sorpresos,1,0.6364
arruïnant,1,0.6364
infart,1,0.6364
albicelest,1,0.6364
tanda,1,0.6364
alegraren,1,0.6364
aixoplugar,1,0.6364
solidàriament,1,0.6364
lopo,1,0.6364
homem,1,0.6364
argentea,1,0.6364
estuari,1,0.6364
argentífers,1,0.6364
argós,1,0.6364
rossejar,1,0.6364
ġarnaṭī,1,0.6364
granadí,1,0.6364
palometes,1,0.6364
larva,1,0.6364
arr,1,0.6364
mudd,1,0.6364
litres,1,0.6364
quarterons,1,0.6364
mesuretes,1,0.6364
barcella,1,0.6364
cafís,1,0.6364
onces,1,0.6364
sorgisquen,1,0.6364
interludi,1,0.6364
armisticio,1,0.6364
armistice,1,0.6364
armistitium,1,0.6364
destrals,1,0.6364
armarium,1,0.6364
arium,1,0.6364
enigmàticament,1,0.6364
llenyoses,1,0.6364
simbionts,1,0.6364
ulex,1,0.6364
gilaqa,1,0.6364
gingoler,1,0.6364
guarauller,1,0.6364
guavarera,1,0.6364
romeguera,1,0.6364
argilagua,1,0.6364
argelaga,1,0.6364
argelac,1,0.6364
gatosa,1,0.6364
gatova,1,0.6364
argīlla,1,0.6364
árgillos,1,0.6364
quars,1,0.6364
calcita,1,0.6364
coloracions,1,0.6364
doní,1,0.6364
blancha,1,0.6364
emmotlable,1,0.6364
dúctil,1,0.6364
habite,1,0.6364
perdurarà,1,0.6364
sàvies,1,0.6364
archaïsmós,1,0.6364
arque,1,0.6364
imperfectes,1,0.6364
platònica,1,0.6364
antiquada,1,0.6364
arcanes,1,0.6364
opac,1,0.6364
resistiren,1,0.6364
valerosament,1,0.6364
èglogues,1,0.6364
exalçà,1,0.6364
bucòlica,1,0.6364
jacopo,1,0.6364
sannazzaro,1,0.6364
desenganyat,1,0.6364
descobria,1,0.6364
ensonyament,1,0.6364
visionaris,1,0.6364
epicarpi,1,0.6364
granulosa,1,0.6364
arbutus,1,0.6364
unedo,1,0.6364
unum,1,0.6364
alborç,1,0.6364
brotà,1,0.6364
gerió,1,0.6364
rebrotar,1,0.6364
superposades,1,0.6364
araucàries,1,0.6364
xilena,1,0.6364
arauco,1,0.6364
glossava,1,0.6364
enteranyinaven,1,0.6364
escalonaven,1,0.6364
aurèoles,1,0.6364
rendides,1,0.6364
teranyina,1,0.6364
embrancament,1,0.6364
antàrtida,1,0.6364
artells,1,0.6364
prènsils,1,0.6364
quelícers,1,0.6364
inoculen,1,0.6364
pedipalps,1,0.6364
mamil,1,0.6364
proteica,1,0.6364
filamentosa,1,0.6364
radicular,1,0.6364
teranyines,1,0.6364
afluent,1,0.6364
pirinenca,1,0.6364
jacetània,1,0.6364
repartida,1,0.6364
assentades,1,0.6364
arganda,1,0.6364
arguenzuela,1,0.6364
arganzón,1,0.6364
akelarre,1,0.6364
aker,1,0.6364
larre,1,0.6364
oficiaven,1,0.6364
bruixots,1,0.6364
supersticioses,1,0.6364
apresses,1,0.6364
equivocaré,1,0.6364
acuciar,1,0.6364
apremiar,1,0.6364
garres,1,0.6364
aprenia,1,0.6364
apprehendĕre,1,0.6364
farmacèutica,1,0.6364
preparaven,1,0.6364
prescrivien,1,0.6364
deurà,1,0.6364
obehir,1,0.6364
apothecari,1,0.6364
meges,1,0.6364
faedores,1,0.6364
concernents,1,0.6364
apothecarius,1,0.6364
apothēca,1,0.6364
apotheke,1,0.6364
ari,1,0.6364
regenta,1,0.6364
apocalíptiques,1,0.6364
catastrofistes,1,0.6364
atenuades,1,0.6364
divisen,1,0.6364
calamitat,1,0.6364
salvífica,1,0.6364
intencionades,1,0.6364
apocalypsis,1,0.6364
apokálypsis,1,0.6364
apó,1,0.6364
kálypsis,1,0.6364
revelacions,1,0.6364
vaticinava,1,0.6364
cataclismes,1,0.6364
conclourien,1,0.6364
mireu,1,0.6364
florixen,1,0.6364
llumenetes,1,0.6364
lants,1,0.6364
annus,1,0.6364
anxiĕtas,1,0.6364
anxiosus,1,0.6364
angina,1,0.6364
angh,1,0.6364
taquicàrdia,1,0.6364
autoprotecció,1,0.6364
desvia,1,0.6364
disfuncionalitat,1,0.6364
benevolents,1,0.6364
angĕlus,1,0.6364
ángelos,1,0.6364
mazdeisme,1,0.6364
zoroastre,1,0.6364
partia,1,0.6364
mesopotàmiques,1,0.6364
genis,1,0.6364
bondadosa,1,0.6364
candor,1,0.6364
anellus,1,0.6364
anus,1,0.6364
diminuts,1,0.6364
carrils,1,0.6364
andron,1,0.6364
andrõn,1,0.6364
andrós,1,0.6364
litzà,1,0.6364
ràfec,1,0.6364
pluvials,1,0.6364
aviament,1,0.6364
ambulare,1,0.6364
andar,1,0.6364
gandura,1,0.6364
frívola,1,0.6364
andurriales,1,0.6364
andalusiya,1,0.6364
àndalus,1,0.6364
goda,1,0.6364
bètica,1,0.6364
landahlauts,1,0.6364
landa,1,0.6364
conquistades,1,0.6364
pròpriament,1,0.6364
turdetans,1,0.6364
andaluzos,1,0.6364
monticle,1,0.6364
montuós,1,0.6364
existisquen,1,0.6364
amīcus,1,0.6364
sublimant,1,0.6364
focalitzada,1,0.6364
connotar,1,0.6364
contraus,1,0.6364
deferència,1,0.6364
amphitryon,1,0.6364
plaute,1,0.6364
comediògraf,1,0.6364
recreava,1,0.6364
electrió,1,0.6364
micenes,1,0.6364
camaleònicament,1,0.6364
hèracles,1,0.6364
íficles,1,0.6364
amygdăla,1,0.6364
recuperàrem,1,0.6364
drupa,1,0.6364
amyndŭla,1,0.6364
amenla,1,0.6364
metla,1,0.6364
armela,1,0.6364
waldseemüller,1,0.6364
geographia,1,0.6364
amerigo,1,0.6364
vespucci,1,0.6364
américo,1,0.6364
vespucio,1,0.6364
equipat,1,0.6364
ambular,1,0.6364
hôpital,1,0.6364
ance,1,0.6364
ambulance,1,0.6364
encoratjava,1,0.6364
blasmava,1,0.6364
renunciaven,1,0.6364
ambitio,1,0.6364
ambire,1,0.6364
ambi,1,0.6364
awákatl,1,0.6364
ovoide,1,0.6364
acaloradament,1,0.6364
altercare,1,0.6364
stigueren,1,0.6364
altercant,1,0.6364
altercació,1,0.6364
altercation,1,0.6364
altercação,1,0.6364
altercado,1,0.6364
vitets,1,0.6364
espessir,1,0.6364
pinyonets,1,0.6364
anguiles,1,0.6364
llissa,1,0.6364
estandarditzats,1,0.6364
casolana,1,0.6364
capicua,1,0.6364
coliflor,1,0.6364
deliciosa,1,0.6364
encantadora,1,0.6364
afligix,1,0.6364
transmutació,1,0.6364
tumors,1,0.6364
sinovials,1,0.6364
garretes,1,0.6364
rocí,1,0.6364
vorm,1,0.6364
alifacs,1,0.6364
wazīr,1,0.6364
procurador,1,0.6364
ban,1,0.6364
algerins,1,0.6364
jaza,1,0.6364
algiers,1,0.6364
algeri,1,0.6364
metatètica,1,0.6364
argel,1,0.6364
roglades,1,0.6364
escandalosos,1,0.6364
retafila,1,0.6364
contraplà,1,0.6364
mirats,1,0.6364
ergere,1,0.6364
alaherta,1,0.6364
terroristes,1,0.6364
eventualitats,1,0.6364
hereditatem,1,0.6364
alchayd,1,0.6364
colzentaina,1,0.6364
alchoy,1,0.6364
colzontaina,1,0.6364
alcaid,1,0.6364
protestaren,1,0.6364
xiular,1,0.6364
estanys,1,0.6364
salabrosa,1,0.6364
fluvials,1,0.6364
aquàtica,1,0.6364
osat,1,0.6364
volateria,1,0.6364
aviam,1,0.6364
encalç,1,0.6364
buḥäira,1,0.6364
baḥr,1,0.6364
bufera,1,0.6364
ajourner,1,0.6364
señalado,1,0.6364
focalitzant,1,0.6364
cortesos,1,0.6364
meare,1,0.6364
parva,1,0.6364
abandonara,1,0.6364
jerarquitzada,1,0.6364
noucentista,1,0.6364
revisava,1,0.6364
córrega,1,0.6364
desagradables,1,0.6364
anime,1,0.6364
involucraren,1,0.6364
subtítol,1,0.6364
akademeia,1,0.6364
refutar,1,0.6364
hodie,1,0.6364
oie,1,0.6364
huy,1,0.6364
uy,1,0.6364
vúj,1,0.6364
pronunciaven,1,0.6364
coexistixen,1,0.6364
avwí,1,0.6364
postissa,1,0.6364
perpetrar,1,0.6364
infaustus,1,0.6364
faustus,1,0.6364
irat,1,0.6364
pujà,1,0.6364
infausta,1,0.6364
assí,1,0.6364
seuha,1,0.6364
duya,1,0.6364
nugant,1,0.6364
calmosa,1,0.6364
malfaener,1,0.6364
polièdrics,1,0.6364
parsimonia,1,0.6364
parcere,1,0.6364
torneu,1,0.6364
parçimònia,1,0.6364
moderaçió,1,0.6364
superfluïtats,1,0.6364
oradures,1,0.6364
moderació,1,0.6364
exasperant,1,0.6364
incendiava,1,0.6364
incriminatori,1,0.6364
culpabilitat,1,0.6364
maldecaps,1,0.6364
pertorbadorament,1,0.6364
aferrem,1,0.6364
esgarro,1,0.6364
modernitzador,1,0.6364
hā,1,0.6364
emmudir,1,0.6364
hansa,1,0.6364
haiku,1,0.6364
judicium,1,0.6364
actorem,1,0.6364
reum,1,0.6364
resolguera,1,0.6364
advertint,1,0.6364
jhesu,1,0.6364
xrist,1,0.6364
juhí,1,0.6364
determinaria,1,0.6364
corresponguera,1,0.6364
subjectivisme,1,0.6364
vilesa,1,0.6364
fabricarem,1,0.6364
fràgils,1,0.6364
geològics,1,0.6364
biomèdiques,1,0.6364
gwei,1,0.6364
bíos,1,0.6364
ludira,1,0.6364
zoon,1,0.6364
psykhḗ,1,0.6364
intangible,1,0.6364
fisiològicament,1,0.6364
hipotàlem,1,0.6364
obsessiu,1,0.6364
erich,1,0.6364
fromm,1,0.6364
trob,1,0.6364
tructa,1,0.6364
trúkanta,1,0.6364
salmònids,1,0.6364
salmo,1,0.6364
trutta,1,0.6364
fresques,1,0.6364
oxigenades,1,0.6364
pintes,1,0.6364
ataronjades,1,0.6364
trucha,1,0.6364
truite,1,0.6364
trout,1,0.6364
trota,1,0.6364
truta,1,0.6364
enteranyina,1,0.6364
hooke,1,0.6364
canalitzà,1,0.6364
micrographia,1,0.6364
deformables,1,0.6364
centrà,1,0.6364
barbi,1,0.6364
dissociat,1,0.6364
glamurós,1,0.6364
grammatiké,1,0.6364
analfabet,1,0.6364
fàtua,1,0.6364
sabuts,1,0.6364
importat,1,0.6364
irca,1,0.6364
bna,1,0.6364
fluctua,1,0.6364
meridianament,1,0.6364
turismo,1,0.6364
fisico,1,0.6364
medico,1,0.6364
fòbies,1,0.6364
esmunyit,1,0.6364
arrecerats,1,0.6364
astrazeneca,1,0.6364
fusell,1,0.6364
thrómbos,1,0.6364
grum,1,0.6364
roiç,1,0.6364
consentien,1,0.6364
embrancades,1,0.6364
trĭchĭla,1,0.6364
trigua,1,0.6364
cordellat,1,0.6364
texit,1,0.6364
sensata,1,0.6364
tripaliare,1,0.6364
torturar,1,0.6364
tripalium,1,0.6364
travagliare,1,0.6364
afligir,1,0.6364
lavorare,1,0.6364
remunerada,1,0.6364
reemplaçada,1,0.6364
embolicar,1,0.6364
troca,1,0.6364
rematar,1,0.6364
trapassa,1,0.6364
trapasser,1,0.6364
enredrador,1,0.6364
trapalatrop,1,0.6364
tramp,1,0.6364
trapp,1,0.6364
trappola,1,0.6364
trappe,1,0.6364
senblants,1,0.6364
tranpes,1,0.6364
enbarbulla,1,0.6364
maliciosa,1,0.6364
contravenció,1,0.6364
trampós,1,0.6364
ometia,1,0.6364
darle,1,0.6364
capones,1,0.6364
toussaint,1,0.6364
ognissanti,1,0.6364
torcat,1,0.6364
molletes,1,0.6364
escatològics,1,0.6364
exhala,1,0.6364
titanique,1,0.6364
titánico,1,0.6364
titãn,1,0.6364
icus,1,0.6364
governaren,1,0.6364
hesíode,1,0.6364
teogonia,1,0.6364
personifica,1,0.6364
temorós,1,0.6364
destronat,1,0.6364
masmorra,1,0.6364
alià,1,0.6364
adamantina,1,0.6364
socialisme,1,0.6364
comunisme,1,0.6364
anarquisme,1,0.6364
premeditat,1,0.6364
jacobí,1,0.6364
empresonava,1,0.6364
executava,1,0.6364
processal,1,0.6364
novak,1,0.6364
deportació,1,0.6364
tenez,1,0.6364
nis,1,0.6364
alteraren,1,0.6364
abandoni,1,0.6364
escenificacions,1,0.6364
executades,1,0.6364
temuts,1,0.6364
tupí,1,0.6364
ameríndies,1,0.6364
uperú,1,0.6364
tubarâo,1,0.6364
tiburón,1,0.6364
taburó,1,0.6364
taburón,1,0.6364
gallons,1,0.6364
tųrųnǧa,1,0.6364
mers,1,0.6364
indopèrsica,1,0.6364
toronja,1,0.6364
vy,1,0.6364
toronges,1,0.6364
naronja,1,0.6364
naranja,1,0.6364
laranja,1,0.6364
arancia,1,0.6364
orange,1,0.6364
nàvel,1,0.6364
navelate,1,0.6364
navelina,1,0.6364
sanguina,1,0.6364
washingtona,1,0.6364
verna,1,0.6364
clausellina,1,0.6364
ṭālibān,1,0.6364
ṭālib,1,0.6364
madrasses,1,0.6364
mohammad,1,0.6364
fonamentalista,1,0.6364
hostilment,1,0.6364
dogmàtica,1,0.6364
morfofonètiques,1,0.6364
talibana,1,0.6364
vivendi,1,0.6364
freqüenta,1,0.6364
tafurs,1,0.6364
caracteritzant,1,0.6364
pereós,1,0.6364
malendrí,1,0.6364
takfūr,1,0.6364
thaphúr,1,0.6364
antioquia,1,0.6364
croats,1,0.6364
irrealitzable,1,0.6364
universĭtas,1,0.6364
atribuiríem,1,0.6364
englobava,1,0.6364
tengudes,1,0.6364
cumú,1,0.6364
universitas,1,0.6364
magistrorum,1,0.6364
scholarium,1,0.6364
unicornis,1,0.6364
antílop,1,0.6364
banyut,1,0.6364
ctèsies,1,0.6364
cnidos,1,0.6364
situava,1,0.6364
enverinaments,1,0.6364
rinoceront,1,0.6364
unicornio,1,0.6364
rinoceronte,1,0.6364
incorruptible,1,0.6364
inflare,1,0.6364
flare,1,0.6364
flatulència,1,0.6364
jactar,1,0.6364
unflen,1,0.6364
farten,1,0.6364
souffler,1,0.6364
souffle,1,0.6364
ultratomba,1,0.6364
extremista,1,0.6364
ultradretà,1,0.6364
ultraesquerrà,1,0.6364
ultranacionalista,1,0.6364
ultraortodox,1,0.6364
ūlŭlare,1,0.6364
uuuu,1,0.6364
udols,1,0.6364
penetrants,1,0.6364
udolen,1,0.6364
ulular,1,0.6364
ululaven,1,0.6364
leons,1,0.6364
chiular,1,0.6364
serpents,1,0.6364
mongetes,1,0.6364
involuntari,1,0.6364
planícies,1,0.6364
regades,1,0.6364
cabalosos,1,0.6364
fundaren,1,0.6364
rutènia,1,0.6364
ukɾaína,1,0.6364
neve,1,0.6364
volves,1,0.6364
ulva,1,0.6364
elegíac,1,0.6364
borralló,1,0.6364
vetare,1,0.6364
tribuns,1,0.6364
lesiva,1,0.6364
himenòpters,1,0.6364
polistes,1,0.6364
gallicus,1,0.6364
estilet,1,0.6364
llancetes,1,0.6364
vespes,1,0.6364
inoculació,1,0.6364
feromona,1,0.6364
pulcre,1,0.6364
viridis,1,0.6364
immadur,1,0.6364
vehicŭlum,1,0.6364
véhicule,1,0.6364
possesió,1,0.6364
véhiculaire,1,0.6364
véhiculer,1,0.6364
vehiculant,1,0.6364
vampiro,1,0.6364
vampire,1,0.6364
imaginades,1,0.6364
corporeïtzació,1,0.6364
anhelar,1,0.6364
sotmetent,1,0.6364
evolucione,1,0.6364
drómos,1,0.6364
patinòdrom,1,0.6364
compositiva,1,0.6364
vacunacions,1,0.6364
vacunòdroms,1,0.6364
vacació,1,0.6364
onis,1,0.6364
cessava,1,0.6364
retribuït,1,0.6364
forchs,1,0.6364
ciüsma,1,0.6364
ciurma,1,0.6364
celeŭsma,1,0.6364
chauffer,1,0.6364
locomotores,1,0.6364
xòfera,1,0.6364
xocoatl,1,0.6364
xoco,1,0.6364
atl,1,0.6364
chocolat,1,0.6364
cioccolato,1,0.6364
xocolata,1,0.6364
sinistra,1,0.6364
avans,1,0.6364
sinotibetanes,1,0.6364
pequinesa,1,0.6364
adjuntat,1,0.6364
explorador,1,0.6364
barbosa,1,0.6364
governat,1,0.6364
qin,1,0.6364
filmines,1,0.6364
rebobinant,1,0.6364
ciarrare,1,0.6364
ciarlare,1,0.6364
charlar,1,0.6364
suggeria,1,0.6364
repetitiu,1,0.6364
genovesa,1,0.6364
estressant,1,0.6364
ottiene,1,0.6364
tutto,1,0.6364
vaticanes,1,0.6364
curat,1,0.6364
malalteta,1,0.6364
champagne,1,0.6364
espumós,1,0.6364
xampanya,1,0.6364
vinum,1,0.6364
titillum,1,0.6364
méthode,1,0.6364
champenoise,1,0.6364
beuries,1,0.6364
chalet,1,0.6364
francoprovençal,1,0.6364
alpines,1,0.6364
rousseau,1,0.6364
heloïsa,1,0.6364
chalà,1,0.6364
scialare,1,0.6364
desficacis,1,0.6364
diàfans,1,0.6364
morbós,1,0.6364
intimitats,1,0.6364
propalaven,1,0.6364
murmuracions,1,0.6364
safareigs,1,0.6364
xafarders,1,0.6364
crioll,1,0.6364
zonbie,1,0.6364
vudú,1,0.6364
ressuscitades,1,0.6364
nzambi,1,0.6364
zumbi,1,0.6364
horripilant,1,0.6364
penjolls,1,0.6364
despresos,1,0.6364
autòmats,1,0.6364
linears,1,0.6364
temulentia,1,0.6364
embriagadors,1,0.6364
borrachuela,1,0.6364
malparlant,1,0.6364
discòrdies,1,0.6364
enemistats,1,0.6364
çemt,1,0.6364
sämt,1,0.6364
confongueren,1,0.6364
zénith,1,0.6364
zenít,1,0.6364
sabanes,1,0.6364
austral,1,0.6364
equĭfĕrus,1,0.6364
cebreiro,1,0.6364
cebreros,1,0.6364
atzebres,1,0.6364
navegacions,1,0.6364
temeràries,1,0.6364
desproporcionades,1,0.6364
quijote,1,0.6364
quiro,1,0.6364
kheír,1,0.6364
kheirós,1,0.6364
quiromància,1,0.6364
quiromassatge,1,0.6364
phanós,1,0.6364
diàfan,1,0.6364
piròfan,1,0.6364
ginecòleg,1,0.6364
busto,1,0.6364
chimaera,1,0.6364
khímaira,1,0.6364
vomitava,1,0.6364
molars,1,0.6364
molar,1,0.6364
queix,1,0.6364
capsĕum,1,0.6364
quijada,1,0.6364
queixo,1,0.6364
lambrots,1,0.6364
dessús,1,0.6364
dedins,1,0.6364
quixals,1,0.6364
quehacer,1,0.6364
desqueferat,1,0.6364
impertinents,1,0.6364
quet,1,0.6364
batallades,1,0.6364
replegats,1,0.6364
devastà,1,0.6364
bollit,1,0.6364
pastades,1,0.6364
endolcides,1,0.6364
puchero,1,0.6364
amanir,1,0.6364
clarobscurs,1,0.6364
pūtta,1,0.6364
xicona,1,0.6364
jovenetes,1,0.6364
putti,1,0.6364
amorets,1,0.6364
amorcillos,1,0.6364
puchol,1,0.6364
pŏdĭum,1,0.6364
rodejava,1,0.6364
pódion,1,0.6364
poús,1,0.6364
putente,1,0.6364
pudir,1,0.6364
olfactives,1,0.6364
publicare,1,0.6364
letres,1,0.6364
feytes,1,0.6364
citam,1,0.6364
següens,1,0.6364
oyr,1,0.6364
enantar,1,0.6364
pleyt,1,0.6364
protocollum,1,0.6364
prōtókollon,1,0.6364
prõtos,1,0.6364
kólla,1,0.6364
pegament,1,0.6364
jalonat,1,0.6364
peccadriu,1,0.6364
prostitut,1,0.6364
avenen,1,0.6364
prostitutus,1,0.6364
prostitutio,1,0.6364
triaren,1,0.6364
practicara,1,0.6364
humiliants,1,0.6364
prorogare,1,0.6364
pró,1,0.6364
rogare,1,0.6364
pròrrogues,1,0.6364
suplementari,1,0.6364
irrellevants,1,0.6364
procrastinatio,1,0.6364
cras,1,0.6364
desdoblen,1,0.6364
ponere,1,0.6364
pollutio,1,0.6364
impol,1,0.6364
lut,1,0.6364
tendí,1,0.6364
ejaculacions,1,0.6364
polseta,1,0.6364
espermatòfites,1,0.6364
gametòfit,1,0.6364
esperma,1,0.6364
gàmetes,1,0.6364
estams,1,0.6364
consuma,1,0.6364
germinació,1,0.6364
pollen,1,0.6364
polenta,1,0.6364
politiká,1,0.6364
apellada,1,0.6364
discrepar,1,0.6364
aromàtica,1,0.6364
pulejum,1,0.6364
pulex,1,0.6364
foragitar,1,0.6364
mija,1,0.6364
boriol,1,0.6364
calamenta,1,0.6364
catameus,1,0.6364
rementerola,1,0.6364
escoltades,1,0.6364
memoritzar,1,0.6364
poíēsis,1,0.6364
abastava,1,0.6364
delectaven,1,0.6364
plantare,1,0.6364
arrele,1,0.6364
planḗtēs,1,0.6364
asteres,1,0.6364
planetai,1,0.6364
saturnus,1,0.6364
amollava,1,0.6364
montsalvat,1,0.6364
plagium,1,0.6364
plágios,1,0.6364
oblic,1,0.6364
delictiva,1,0.6364
plagiar,1,0.6364
marcial,1,0.6364
plagiat,1,0.6364
quincià,1,0.6364
recitara,1,0.6364
proclamara,1,0.6364
avergonyir,1,0.6364
pítsa,1,0.6364
pans,1,0.6364
pinsa,1,0.6364
pinsere,1,0.6364
pizzicare,1,0.6364
pessigar,1,0.6364
bizzo,1,0.6364
pizzo,1,0.6364
broc,1,0.6364
pitxers,1,0.6364
senyats,1,0.6364
pichier,1,0.6364
becher,1,0.6364
bichiere,1,0.6364
pichel,1,0.6364
erithacus,1,0.6364
rubecula,1,0.6364
olivàcies,1,0.6364
petirrojo,1,0.6364
pettirosso,1,0.6364
rouge,1,0.6364
gorge,1,0.6364
pisco,1,0.6364
peito,1,0.6364
ruivo,1,0.6364
robin,1,0.6364
jaspiat,1,0.6364
amarronats,1,0.6364
frondosos,1,0.6364
pistatxer,1,0.6364
pistacia,1,0.6364
muntanyoses,1,0.6364
mediterrari,1,0.6364
pistacchio,1,0.6364
pistacium,1,0.6364
pistákion,1,0.6364
festuc,1,0.6364
alfóncigo,1,0.6364
fústaq,1,0.6364
pissara,1,0.6364
pissarres,1,0.6364
interactivament,1,0.6364
videoprojector,1,0.6364
tàctil,1,0.6364
geomètriques,1,0.6364
lapitz,1,0.6364
pseudollatina,1,0.6364
sacristanesca,1,0.6364
piscum,1,0.6364
labiis,1,0.6364
bocinet,1,0.6364
coníferes,1,0.6364
escames,1,0.6364
simbolitzen,1,0.6364
pĭllŭla,1,0.6364
clucà,1,0.6364
purga,1,0.6364
medecinal,1,0.6364
farmacològica,1,0.6364
pill,1,0.6364
pile,1,0.6364
daurar,1,0.6364
pĭla,1,0.6364
amuntonats,1,0.6364
damunts,1,0.6364
pilotta,1,0.6364
propiciaren,1,0.6364
carregaven,1,0.6364
arcabussos,1,0.6364
arrebossada,1,0.6364
mesclada,1,0.6364
julivert,1,0.6364
poxvirus,1,0.6364
variolae,1,0.6364
anuncià,1,0.6364
crostes,1,0.6364
ratada,1,0.6364
verola,1,0.6364
varus,1,0.6364
piga,1,0.6364
infectada,1,0.6364
périmètre,1,0.6364
perimĕtros,1,0.6364
perímetros,1,0.6364
metros,1,0.6364
rendix,1,0.6364
bàndol,1,0.6364
confiadament,1,0.6364
linàcia,1,0.6364
fasiànids,1,0.6364
alectoris,1,0.6364
rufa,1,0.6364
perdius,1,0.6364
perdigots,1,0.6364
perdigons,1,0.6364
espenyant,1,0.6364
joch,1,0.6364
juguador,1,0.6364
nomenen,1,0.6364
batailles,1,0.6364
loser,1,0.6364
exalça,1,0.6364
triomfador,1,0.6364
nòria,1,0.6364
triomfadors,1,0.6364
guanyen,1,0.6364
panet,1,0.6364
pisto,1,0.6364
arremullat,1,0.6364
arrebossat,1,0.6364
fregit,1,0.6364
filet,1,0.6364
pallorfa,1,0.6364
pellerofa,1,0.6364
pallarofa,1,0.6364
cercha,1,0.6364
peregrīnus,1,0.6364
peregre,1,0.6364
ager,1,0.6364
dissimilà,1,0.6364
pelegrinus,1,0.6364
peregrí,1,0.6364
lesques,1,0.6364
pege,1,0.6364
pḗgasos,1,0.6364
pegăsus,1,0.6364
prestà,1,0.6364
lluitara,1,0.6364
monstruosa,1,0.6364
disparant,1,0.6364
sagetes,1,0.6364
mortaldat,1,0.6364
sojorn,1,0.6364
picà,1,0.6364
encabritat,1,0.6364
perdera,1,0.6364
precipitara,1,0.6364
nimietat,1,0.6364
ajunta,1,0.6364
irreparable,1,0.6364
indemnitat,1,0.6364
pédérastie,1,0.6364
paiderastía,1,0.6364
paidós,1,0.6364
erastés,1,0.6364
impregnava,1,0.6364
gimnasos,1,0.6364
transitaven,1,0.6364
astuta,1,0.6364
sementals,1,0.6364
pécores,1,0.6364
satisfera,1,0.6364
pecadora,1,0.6364
patrius,1,0.6364
potestas,1,0.6364
emancipats,1,0.6364
reduiria,1,0.6364
sojornar,1,0.6364
enyoradissa,1,0.6364
amerant,1,0.6364
emotives,1,0.6364
pathetĭcus,1,0.6364
pathētikós,1,0.6364
persuasió,1,0.6364
sonate,1,0.6364
pascha,1,0.6364
pesah,1,0.6364
èxode,1,0.6364
pascuum,1,0.6364
odonats,1,0.6364
odontos,1,0.6364
parotets,1,0.6364
ixents,1,0.6364
nervació,1,0.6364
reticulada,1,0.6364
aquàtics,1,0.6364
cavallet,1,0.6364
espiadimonis,1,0.6364
parecabotes,1,0.6364
controlaven,1,0.6364
velletes,1,0.6364
filadores,1,0.6364
dècima,1,0.6364
debanava,1,0.6364
personificació,1,0.6364
parabola,1,0.6364
articulats,1,0.6364
volàtil,1,0.6364
parafernals,1,0.6364
parápherna,1,0.6364
pará,1,0.6364
pherné,1,0.6364
aparatositat,1,0.6364
agitada,1,0.6364
panteix,1,0.6364
siu,1,0.6364
asseu,1,0.6364
phantasia,1,0.6364
pantasiare,1,0.6364
pancarte,1,0.6364
charta,1,0.6364
codicologia,1,0.6364
subjectats,1,0.6364
pompelon,1,0.6364
estrabó,1,0.6364
cnaeus,1,0.6364
pompeius,1,0.6364
magnus,1,0.6364
iruñea,1,0.6364
pamplonica,1,0.6364
llestos,1,0.6364
compassius,1,0.6364
propiciatòries,1,0.6364
sarcasmes,1,0.6364
denigratori,1,0.6364
pamphĭlus,1,0.6364
pámphilos,1,0.6364
philos,1,0.6364
vessat,1,0.6364
apartada,1,0.6364
entretenen,1,0.6364
sarampió,1,0.6364
palatalitzar,1,0.6364
sirimpio,1,0.6364
palleta,1,0.6364
palea,1,0.6364
lluquets,1,0.6364
rònega,1,0.6364
retallar,1,0.6364
mistos,1,0.6364
enarborà,1,0.6364
pagliaccio,1,0.6364
paglia,1,0.6364
reomplien,1,0.6364
pertocava,1,0.6364
paillasse,1,0.6364
payaso,1,0.6364
issa,1,0.6364
piuladissa,1,0.6364
paena,1,0.6364
anses,1,0.6364
sartén,1,0.6364
patronímic,1,0.6364
paddle,1,0.6364
raqueta,1,0.6364
corcuera,1,0.6364
pactum,1,0.6364
pacisci,1,0.6364
von,1,0.6364
goethe,1,0.6364
contratemps,1,0.6364
impertorbablement,1,0.6364
infligix,1,0.6364
patientia,1,0.6364
páthos,1,0.6364
eros,1,0.6364
genèsic,1,0.6364
sofrent,1,0.6364
pásja,1,0.6364
immanuel,1,0.6364
kant,1,0.6364
compendiava,1,0.6364
contraposicions,1,0.6364
impaciència,1,0.6364
pabŭlum,1,0.6364
bul,1,0.6364
prostíbul,1,0.6364
vestíbul,1,0.6364
oxýmōron,1,0.6364
oxýs,1,0.6364
mōrós,1,0.6364
antagònic,1,0.6364
delimitant,1,0.6364
lisió,1,0.6364
docta,1,0.6364
clístenes,1,0.6364
plateret,1,0.6364
óstrakon,1,0.6364
ostrakismós,1,0.6364
fraudulenta,1,0.6364
higiènica,1,0.6364
australiana,1,0.6364
castor,1,0.6364
membranes,1,0.6364
esperó,1,0.6364
ornithorhynchus,1,0.6364
ornitho,1,0.6364
ornis,1,0.6364
rhynchus,1,0.6364
ŭrgōl,1,0.6364
ergull,1,0.6364
reebre,1,0.6364
lemna,1,0.6364
ingratitut,1,0.6364
desconexença,1,0.6364
pride,1,0.6364
autoafirmació,1,0.6364
reivindiquen,1,0.6364
lgtbiq,1,0.6364
despistara,1,0.6364
patracol,1,0.6364
familiaritzada,1,0.6364
batejades,1,0.6364
computers,1,0.6364
computadors,1,0.6364
computadores,1,0.6364
obstruïxen,1,0.6364
perret,1,0.6364
ordinateur,1,0.6364
ōrdo,1,0.6364
ordĭnis,1,0.6364
ordir,1,0.6364
ordidura,1,0.6364
ordim,1,0.6364
monàstics,1,0.6364
operetta,1,0.6364
etta,1,0.6364
nacionalitzat,1,0.6364
offenbach,1,0.6364
estrenà,1,0.6364
rose,1,0.6364
flour,1,0.6364
musicoteatral,1,0.6364
frívol,1,0.6364
orquestral,1,0.6364
onan,1,0.6364
cunyada,1,0.6364
semen,1,0.6364
balthazar,1,0.6364
becker,1,0.6364
onània,1,0.6364
autopol,1,0.6364
tissot,1,0.6364
nuvolada,1,0.6364
flayrós,1,0.6364
dolsa,1,0.6364
invadien,1,0.6364
mikrón,1,0.6364
mutacions,1,0.6364
perilloses,1,0.6364
botat,1,0.6364
khi,1,0.6364
caducifoli,1,0.6364
clevillada,1,0.6364
humides,1,0.6364
carenes,1,0.6364
quadernes,1,0.6364
ulmus,1,0.6364
orm,1,0.6364
hereditari,1,0.6364
viral,1,0.6364
discapacitats,1,0.6364
olígos,1,0.6364
phrén,1,0.6364
diafragma,1,0.6364
esquizofrènic,1,0.6364
subfrènic,1,0.6364
offerenda,1,0.6364
complaent,1,0.6364
imploració,1,0.6364
engalanar,1,0.6364
evacuades,1,0.6364
odisseu,1,0.6364
telèmac,1,0.6364
obtusus,1,0.6364
obtundĕre,1,0.6364
tundĕre,1,0.6364
tunda,1,0.6364
obtusangle,1,0.6364
subtileses,1,0.6364
obtusa,1,0.6364
badoc,1,0.6364
obsoletus,1,0.6364
obsolescĕre,1,0.6364
solēre,1,0.6364
desuetud,1,0.6364
adquirim,1,0.6364
suspeses,1,0.6364
tempestats,1,0.6364
augurava,1,0.6364
destroirà,1,0.6364
ennuvolar,1,0.6364
ennuvolat,1,0.6364
nublo,1,0.6364
nuclèu,1,0.6364
núcleu,1,0.6364
nucis,1,0.6364
fissió,1,0.6364
atòmics,1,0.6364
armamentística,1,0.6364
pacífics,1,0.6364
uffizi,1,0.6364
núbils,1,0.6364
nubilis,1,0.6364
núvia,1,0.6364
cobriment,1,0.6364
dissertatio,1,0.6364
medica,1,0.6364
nostalgia,1,0.6364
oder,1,0.6364
heimweh,1,0.6364
dolença,1,0.6364
romànticament,1,0.6364
juxtaposar,1,0.6364
nóstos,1,0.6364
álgos,1,0.6364
àlgia,1,0.6364
cefalàlgia,1,0.6364
neuràlgia,1,0.6364
contraresten,1,0.6364
matros,1,0.6364
natros,1,0.6364
morfosintàctiques,1,0.6364
emane,1,0.6364
nominare,1,0.6364
reservació,1,0.6364
oscar,1,0.6364
nominer,1,0.6364
anglicitzant,1,0.6364
nommer,1,0.6364
dinamita,1,0.6364
amassà,1,0.6364
nobɛ,1,0.6364
kazuo,1,0.6364
ishiguro,1,0.6364
severo,1,0.6364
desajustos,1,0.6364
nuvolades,1,0.6364
infligisquen,1,0.6364
oval,1,0.6364
groguenca,1,0.6364
nespĭrum,1,0.6364
mespĭlum,1,0.6364
méspilon,1,0.6364
mespilus,1,0.6364
germanica,1,0.6364
eriobotrya,1,0.6364
japonica,1,0.6364
nespra,1,0.6364
nespro,1,0.6364
nyespra,1,0.6364
nyespro,1,0.6364
saül,1,0.6364
proscriure,1,0.6364
disfressat,1,0.6364
endor,1,0.6364
evocara,1,0.6364
filisteus,1,0.6364
amenaçaven,1,0.6364
necromantia,1,0.6364
necromanteía,1,0.6364
nekrós,1,0.6364
manteía,1,0.6364
nécromancie,1,0.6364
necromancia,1,0.6364
necromanzia,1,0.6364
necromancy,1,0.6364
necro,1,0.6364
niger,1,0.6364
zaratustra,1,0.6364
nitxeà,1,0.6364
nietzschià,1,0.6364
ià,1,0.6364
malthusià,1,0.6364
picassià,1,0.6364
nietscheà,1,0.6364
nepotismo,1,0.6364
nepote,1,0.6364
prebenda,1,0.6364
abocant,1,0.6364
anímics,1,0.6364
opacitat,1,0.6364
fraus,1,0.6364
negacionista,1,0.6364
alarmista,1,0.6364
denialism,1,0.6364
irracionalment,1,0.6364
nekrópolis,1,0.6364
nekros,1,0.6364
soterraven,1,0.6364
sumptuosos,1,0.6364
fúnebres,1,0.6364
necròpoli,1,0.6364
extraga,1,0.6364
tionalso,1,0.6364
zi,1,0.6364
alist,1,0.6364
nacionalsocialista,1,0.6364
goebbels,1,0.6364
reich,1,0.6364
manifestament,1,0.6364
sobrevaloració,1,0.6364
enamora,1,0.6364
inanició,1,0.6364
naïve,1,0.6364
riteta,1,0.6364
trastocament,1,0.6364
natif,1,0.6364
athene,1,0.6364
noctua,1,0.6364
redonenca,1,0.6364
rèptils,1,0.6364
parats,1,0.6364
noctŭolus,1,0.6364
nŏctŭa,1,0.6364
myrtus,1,0.6364
communis,1,0.6364
lluentes,1,0.6364
murtó,1,0.6364
olorosa,1,0.6364
engalanades,1,0.6364
garlandes,1,0.6364
enramades,1,0.6364
murtia,1,0.6364
munus,1,0.6364
ajuntaven,1,0.6364
mulĭĕre,1,0.6364
ossona,1,0.6364
manifasser,1,0.6364
conjugals,1,0.6364
marito,1,0.6364
mettere,1,0.6364
dito,1,0.6364
moixiganga,1,0.6364
ovis,1,0.6364
musimon,1,0.6364
encorben,1,0.6364
mufro,1,0.6364
onsos,1,0.6364
llehons,1,0.6364
mufrons,1,0.6364
mansuets,1,0.6364
muflone,1,0.6364
mouflon,1,0.6364
muflón,1,0.6364
menjara,1,0.6364
cabuts,1,0.6364
mollicó,1,0.6364
llucet,1,0.6364
gitanetes,1,0.6364
burrets,1,0.6364
vexatòries,1,0.6364
desenfadadament,1,0.6364
adulatòriament,1,0.6364
laboriosa,1,0.6364
maure,1,0.6364
caduques,1,0.6364
limbe,1,0.6364
ovat,1,0.6364
arraïmada,1,0.6364
mōra,1,0.6364
mōrum,1,0.6364
morus,1,0.6364
rubus,1,0.6364
dermis,1,0.6364
ultravioleta,1,0.6364
maurīnus,1,0.6364
moré,1,0.6364
esmentava,1,0.6364
affable,1,0.6364
mordacia,1,0.6364
mordacis,1,0.6364
propens,1,0.6364
estenalles,1,0.6364
meteu,1,0.6364
constreny,1,0.6364
adormí,1,0.6364
alcú,1,0.6364
montó,1,0.6364
púbica,1,0.6364
truculència,1,0.6364
desemmascarar,1,0.6364
monstrum,1,0.6364
malformació,1,0.6364
anticipava,1,0.6364
boniato,1,0.6364
sweet,1,0.6364
potato,1,0.6364
apinyats,1,0.6364
morastell,1,0.6364
apenins,1,0.6364
morastello,1,0.6364
fondellol,1,0.6364
madures,1,0.6364
monesteriellu,1,0.6364
cultivava,1,0.6364
veguada,1,0.6364
prenyada,1,0.6364
voluptat,1,0.6364
prenyat,1,0.6364
mogué,1,0.6364
motio,1,0.6364
deliberant,1,0.6364
reprovar,1,0.6364
expirar,1,0.6364
mocs,1,0.6364
mocat,1,0.6364
impertinència,1,0.6364
candidesa,1,0.6364
mokaoɾá,1,0.6364
emboliquen,1,0.6364
tronador,1,0.6364
poalada,1,0.6364
carretada,1,0.6364
obsequiar,1,0.6364
vaixelles,1,0.6364
mystĭcus,1,0.6364
mystikós,1,0.6364
myein,1,0.6364
misterioses,1,0.6364
luminades,1,0.6364
dessacralitzat,1,0.6364
afectadament,1,0.6364
misánthrōpos,1,0.6364
ánthrōpos,1,0.6364
misantrops,1,0.6364
sospiraries,1,0.6364
misanthrope,1,0.6364
misàntrop,1,0.6364
minoritzar,1,0.6364
articulades,1,0.6364
diplòpodes,1,0.6364
plo,1,0.6364
podos,1,0.6364
calcificat,1,0.6364
fullaraca,1,0.6364
podrits,1,0.6364
milpunts,1,0.6364
milratlles,1,0.6364
migrare,1,0.6364
focalitzaven,1,0.6364
simiesc,1,0.6364
anzoátegui,1,0.6364
orpí,1,0.6364
simius,1,0.6364
caudatus,1,0.6364
continente,1,0.6364
nariz,1,0.6364
ancha,1,0.6364
suspende,1,0.6364
árboles,1,0.6364
colló,1,0.6364
consumien,1,0.6364
viagra,1,0.6364
virilitat,1,0.6364
curanderes,1,0.6364
medicinitzat,1,0.6364
emmetzinat,1,0.6364
sublimada,1,0.6364
fonamentadament,1,0.6364
meteco,1,0.6364
métoikos,1,0.6364
georges,1,0.6364
moustaki,1,0.6364
lirisme,1,0.6364
caca,1,0.6364
suavitza,1,0.6364
polisemàntic,1,0.6364
carruatges,1,0.6364
bonyigos,1,0.6364
abordem,1,0.6364
pubertat,1,0.6364
menopausa,1,0.6364
ortodox,1,0.6364
sumix,1,0.6364
eufemístiques,1,0.6364
òvuls,1,0.6364
fertilitzats,1,0.6364
uterina,1,0.6364
hemàtic,1,0.6364
mensis,1,0.6364
mén,1,0.6364
méne,1,0.6364
ŭmbĭlīcus,1,0.6364
umbo,1,0.6364
omelic,1,0.6364
meli,1,0.6364
esòfag,1,0.6364
hexagonals,1,0.6364
bresques,1,0.6364
mesolític,1,0.6364
lectant,1,0.6364
maular,1,0.6364
garra,1,0.6364
felí,1,0.6364
arterament,1,0.6364
fingixen,1,0.6364
indisposats,1,0.6364
inesperadament,1,0.6364
albacea,1,0.6364
pietosos,1,0.6364
manifestats,1,0.6364
marmessors,1,0.6364
atanyeran,1,0.6364
abintestats,1,0.6364
manūmĭssor,1,0.6364
manumittĕre,1,0.6364
manu,1,0.6364
emittere,1,0.6364
marciana,1,0.6364
astrològica,1,0.6364
extraterrestre,1,0.6364
marcianes,1,0.6364
dedicara,1,0.6364
marceja,1,0.6364
tautològicament,1,0.6364
celebraren,1,0.6364
feminitzant,1,0.6364
maratona,1,0.6364
derrotaren,1,0.6364
fidipides,1,0.6364
máratho,1,0.6364
èpics,1,0.6364
epopeu,1,0.6364
corint,1,0.6364
mundilofa,1,0.6364
manupŭlus,1,0.6364
acolxat,1,0.6364
rebutjable,1,0.6364
maniquees,1,0.6364
zoroàstrics,1,0.6364
herètica,1,0.6364
dualisme,1,0.6364
sojorns,1,0.6364
eterns,1,0.6364
kanjis,1,0.6364
evasió,1,0.6364
penúries,1,0.6364
devastada,1,0.6364
commocionada,1,0.6364
esguitades,1,0.6364
sensuals,1,0.6364
entroncades,1,0.6364
samurais,1,0.6364
maneggiare,1,0.6364
manicŭla,1,0.6364
condimentada,1,0.6364
moc,1,0.6364
albondiguilla,1,0.6364
albóndiga,1,0.6364
almóndiga,1,0.6364
albúnduqa,1,0.6364
encreuat,1,0.6364
mondongo,1,0.6364
almondonguilla,1,0.6364
mondonguilla,1,0.6364
bombat,1,0.6364
diapasó,1,0.6364
semitò,1,0.6364
afinades,1,0.6364
plectre,1,0.6364
mandolino,1,0.6364
mandola,1,0.6364
pandurium,1,0.6364
pandoûra,1,0.6364
violaci,1,0.6364
anyil,1,0.6364
estomacal,1,0.6364
tractare,1,0.6364
dispensat,1,0.6364
vexacions,1,0.6364
coactivament,1,0.6364
sŏmnus,1,0.6364
intranquil,1,0.6364
angoixants,1,0.6364
dorments,1,0.6364
pesadilla,1,0.6364
incubo,1,0.6364
entremesclat,1,0.6364
febrils,1,0.6364
febres,1,0.6364
intermitents,1,0.6364
protozous,1,0.6364
plasmodium,1,0.6364
anòfels,1,0.6364
ross,1,0.6364
quintilis,1,0.6364
majus,1,0.6364
clavé,1,0.6364
orfeons,1,0.6364
volubilitat,1,0.6364
descamisat,1,0.6364
bagassa,1,0.6364
primfilats,1,0.6364
arruixons,1,0.6364
hídrica,1,0.6364
globosa,1,0.6364
lòbuls,1,0.6364
translúcid,1,0.6364
membranós,1,0.6364
antibacterianes,1,0.6364
cartago,1,0.6364
magraner,1,0.6364
mago,1,0.6364
magus,1,0.6364
mágos,1,0.6364
maguix,1,0.6364
medes,1,0.6364
zoroàstrica,1,0.6364
versats,1,0.6364
magoi,1,0.6364
mafiusu,1,0.6364
mahya,1,0.6364
mafiusi,1,0.6364
mafiosos,1,0.6364
perdonavides,1,0.6364
rudes,1,0.6364
oposara,1,0.6364
intimidatoris,1,0.6364
galotxetes,1,0.6364
silicona,1,0.6364
suca,1,0.6364
goteja,1,0.6364
paulmier,1,0.6364
madaleneta,1,0.6364
metles,1,0.6364
rotllets,1,0.6364
madalenetes,1,0.6364
deshonrosa,1,0.6364
entela,1,0.6364
escamparé,1,0.6364
serets,1,0.6364
purificats,1,0.6364
dilatació,1,0.6364
macédoine,1,0.6364
makedónes,1,0.6364
aglutinà,1,0.6364
inspirador,1,0.6364
loterie,1,0.6364
loterij,1,0.6364
assignava,1,0.6364
rifa,1,0.6364
ressagats,1,0.6364
cosits,1,0.6364
simbiòticament,1,0.6364
temerari,1,0.6364
endinsem,1,0.6364
allevança,1,0.6364
imputar,1,0.6364
maliciosamente,1,0.6364
llevantu,1,0.6364
bolic,1,0.6364
desenredrar,1,0.6364
llevaren,1,0.6364
pathélin,1,0.6364
laska,1,0.6364
mengívol,1,0.6364
arrebossa,1,0.6364
endolcix,1,0.6364
aromatitza,1,0.6364
rosqueta,1,0.6364
torrija,1,0.6364
ghū,1,0.6364
lambĕre,1,0.6364
llepar,1,0.6364
lejía,1,0.6364
enquadra,1,0.6364
misògina,1,0.6364
rosegua,1,0.6364
llexiu,1,0.6364
lixīvum,1,0.6364
sals,1,0.6364
alcalines,1,0.6364
blanquejant,1,0.6364
berthollet,1,0.6364
sintetització,1,0.6364
hipoclorit,1,0.6364
infeccioses,1,0.6364
antisèptiques,1,0.6364
lotus,1,0.6364
lotos,1,0.6364
lledoner,1,0.6364
follament,1,0.6364
llidons,1,0.6364
almez,1,0.6364
lidón,1,0.6364
llavadores,1,0.6364
domèstiques,1,0.6364
washing,1,0.6364
laver,1,0.6364
lavar,1,0.6364
lavatrice,1,0.6364
llanternes,1,0.6364
luminaven,1,0.6364
laternarius,1,0.6364
llanta,1,0.6364
desperfecte,1,0.6364
arreglava,1,0.6364
conduccions,1,0.6364
aixetes,1,0.6364
cisternes,1,0.6364
fontaner,1,0.6364
lampista,1,0.6364
lampiste,1,0.6364
crustaci,1,0.6364
decàpodes,1,0.6364
decàpode,1,0.6364
pinces,1,0.6364
rebera,1,0.6364
lykopánthēr,1,0.6364
lýkos,1,0.6364
pánthēr,1,0.6364
pantera,1,0.6364
màntol,1,0.6364
llomàntol,1,0.6364
gramàntol,1,0.6364
bogavante,1,0.6364
inusitat,1,0.6364
litŏtes,1,0.6364
litótēs,1,0.6364
admonitori,1,0.6364
amonestat,1,0.6364
thin,1,0.6364
terrence,1,0.6364
malick,1,0.6364
delgada,1,0.6364
libíðo,1,0.6364
libidinós,1,0.6364
libidinositat,1,0.6364
pecaminós,1,0.6364
estimant,1,0.6364
protegint,1,0.6364
lesbi,1,0.6364
safo,1,0.6364
instruïa,1,0.6364
exaltava,1,0.6364
anacreont,1,0.6364
léotard,1,0.6364
acròbata,1,0.6364
acrobàcies,1,0.6364
cenyit,1,0.6364
espectadores,1,0.6364
circenses,1,0.6364
malles,1,0.6364
pluralitzant,1,0.6364
revitalitza,1,0.6364
emergira,1,0.6364
labènia,1,0.6364
lave,1,0.6364
sepultà,1,0.6364
pompeia,1,0.6364
etna,1,0.6364
hefest,1,0.6364
sojornava,1,0.6364
esllavissar,1,0.6364
calcinen,1,0.6364
silicats,1,0.6364
ressalt,1,0.6364
laicus,1,0.6364
laikos,1,0.6364
intricats,1,0.6364
innocu,1,0.6364
labyrinthus,1,0.6364
labýrinthos,1,0.6364
minoica,1,0.6364
laberíntiques,1,0.6364
escandinava,1,0.6364
captivat,1,0.6364
kami,1,0.6364
kaze,1,0.6364
tifó,1,0.6364
destruí,1,0.6364
japonesos,1,0.6364
contendent,1,0.6364
interdental,1,0.6364
bazo,1,0.6364
temeràriament,1,0.6364
tique,1,0.6364
seqüencial,1,0.6364
eternitat,1,0.6364
fortuïtes,1,0.6364
faramalla,1,0.6364
entropessem,1,0.6364
somriu,1,0.6364
kafka,1,0.6364
tuberculosi,1,0.6364
desassossegada,1,0.6364
jesenská,1,0.6364
apassionades,1,0.6364
tortuoses,1,0.6364
graula,1,0.6364
iudex,1,0.6364
ius,1,0.6364
dictaminar,1,0.6364
ajustava,1,0.6364
dictades,1,0.6364
basten,1,0.6364
disputacions,1,0.6364
embarbussament,1,0.6364
jopetí,1,0.6364
jupa,1,0.6364
jubba,1,0.6364
aljuba,1,0.6364
algubes,1,0.6364
funestes,1,0.6364
segmentat,1,0.6364
quinctilis,1,0.6364
julius,1,0.6364
mensus,1,0.6364
juyl,1,0.6364
jull,1,0.6364
juyol,1,0.6364
jullol,1,0.6364
jubiliació,1,0.6364
jubilatio,1,0.6364
júbilo,1,0.6364
nocturnus,1,0.6364
giorno,1,0.6364
fabricat,1,0.6364
sofisticats,1,0.6364
taba,1,0.6364
pinyols,1,0.6364
tella,1,0.6364
jerosolimitans,1,0.6364
sumèria,1,0.6364
ieru,1,0.6364
passatemps,1,0.6364
hieroglyphicus,1,0.6364
hieroglyphikós,1,0.6364
hierós,1,0.6364
glýphō,1,0.6364
jeroglífica,1,0.6364
champollion,1,0.6364
aldea,1,0.6364
sincopat,1,0.6364
dixieland,1,0.6364
esgarrada,1,0.6364
envolupant,1,0.6364
insinuants,1,0.6364
suids,1,0.6364
pecaris,1,0.6364
scrofa,1,0.6364
castilianus,1,0.6364
paquiderm,1,0.6364
hirsut,1,0.6364
teses,1,0.6364
jabalí,1,0.6364
aqob,1,0.6364
jàcome,1,0.6364
jacobe,1,0.6364
jacobus,1,0.6364
aqeb,1,0.6364
esaú,1,0.6364
perfora,1,0.6364
corc,1,0.6364
perforant,1,0.6364
enreixada,1,0.6364
feltre,1,0.6364
iurtes,1,0.6364
coronament,1,0.6364
retirava,1,0.6364
interioritzats,1,0.6364
compositius,1,0.6364
respondēre,1,0.6364
redemptus,1,0.6364
redimĕre,1,0.6364
irredemptisme,1,0.6364
limítrofs,1,0.6364
eirōneía,1,0.6364
dissimulació,1,0.6364
incorregut,1,0.6364
socràtic,1,0.6364
maièutica,1,0.6364
làcies,1,0.6364
somàticament,1,0.6364
tensament,1,0.6364
agressivament,1,0.6364
autocontrol,1,0.6364
impenitents,1,0.6364
iracunds,1,0.6364
pervertit,1,0.6364
ajam,1,0.6364
senes,1,0.6364
mestrat,1,0.6364
cenia,1,0.6364
invadits,1,0.6364
clamater,1,0.6364
invadirà,1,0.6364
invadĕre,1,0.6364
vadĕre,1,0.6364
germinat,1,0.6364
gazophylacium,1,0.6364
coexistix,1,0.6364
invasir,1,0.6364
inteligencja,1,0.6364
polonesos,1,0.6364
estratificada,1,0.6364
rebotà,1,0.6364
instinctus,1,0.6364
instingere,1,0.6364
stingere,1,0.6364
prefigurant,1,0.6364
démodé,1,0.6364
ocupaven,1,0.6364
capatassos,1,0.6364
altivament,1,0.6364
insolent,1,0.6364
insolentia,1,0.6364
solere,1,0.6364
inoculare,1,0.6364
oculare,1,0.6364
esotèrica,1,0.6364
malèfica,1,0.6364
refillol,1,0.6364
empeltar,1,0.6364
recuperaren,1,0.6364
inflatio,1,0.6364
inflor,1,0.6364
unflor,1,0.6364
infĭrmus,1,0.6364
fĭrm,1,0.6364
fĭrmus,1,0.6364
itas,1,0.6364
itatis,1,0.6364
fermetat,1,0.6364
sorgiren,1,0.6364
administrant,1,0.6364
indultus,1,0.6364
benvolent,1,0.6364
eximix,1,0.6364
indulgentia,1,0.6364
entia,1,0.6364
absol,1,0.6364
alienígena,1,0.6364
salpà,1,0.6364
proveïdora,1,0.6364
hindu,1,0.6364
sindhu,1,0.6364
encreua,1,0.6364
indecisus,1,0.6364
decisus,1,0.6364
indecidit,1,0.6364
admonicions,1,0.6364
implementum,1,0.6364
irrompé,1,0.6364
impítxment,1,0.6364
anglicismes,1,0.6364
empeechement,1,0.6364
impedīre,1,0.6364
detenint,1,0.6364
immunĭtas,1,0.6364
ĭtas,1,0.6364
eximit,1,0.6364
eximia,1,0.6364
processats,1,0.6364
immunis,1,0.6364
inmune,1,0.6364
bacteriòleg,1,0.6364
infecciós,1,0.6364
munio,1,0.6364
insensible,1,0.6364
insídies,1,0.6364
immolare,1,0.6364
empolvorada,1,0.6364
espargia,1,0.6364
immaculātus,1,0.6364
macula,1,0.6364
atus,1,0.6364
asexuada,1,0.6364
illusionism,1,0.6364
lusoris,1,0.6364
desdibuixa,1,0.6364
illusio,1,0.6364
ludere,1,0.6364
ludòpata,1,0.6364
idiṓtēs,1,0.6364
ídios,1,0.6364
intervenia,1,0.6364
abstenien,1,0.6364
psíquiques,1,0.6364
idiòcia,1,0.6364
glacera,1,0.6364
banquisa,1,0.6364
afonament,1,0.6364
ijsberg,1,0.6364
isebɛ,1,0.6364
ɾk,1,0.6364
ájsbeɾk,1,0.6364
anglicitzada,1,0.6364
visibilitzat,1,0.6364
ciclons,1,0.6364
covidiana,1,0.6364
restauration,1,0.6364
hôtellerie,1,0.6364
aclimatat,1,0.6364
hostelería,1,0.6364
anomene,1,0.6364
expiatòriament,1,0.6364
àzim,1,0.6364
blasfems,1,0.6364
hòsties,1,0.6364
hŏspes,1,0.6364
hŏspĭtis,1,0.6364
allotjat,1,0.6364
contreia,1,0.6364
inexcusablement,1,0.6364
allotjada,1,0.6364
horde,1,0.6364
ordu,1,0.6364
enfurides,1,0.6364
vandàlicament,1,0.6364
desorganitzada,1,0.6364
camparen,1,0.6364
descontrolades,1,0.6364
destrossen,1,0.6364
anisa,1,0.6364
arooj,1,0.6364
abbas,1,0.6364
assassinades,1,0.6364
agressors,1,0.6364
maculat,1,0.6364
deshonor,1,0.6364
honestĭtas,1,0.6364
probitat,1,0.6364
decència,1,0.6364
decor,1,0.6364
honesty,1,0.6364
weinberg,1,0.6364
healthy,1,0.6364
palmer,1,0.6364
homöopathie,1,0.6364
hahnemann,1,0.6364
homoios,1,0.6364
pátheia,1,0.6364
deixemse,1,0.6364
masamagrell,1,0.6364
homeopàtica,1,0.6364
hipocràtic,1,0.6364
administren,1,0.6364
kaíō,1,0.6364
abnegació,1,0.6364
mortuori,1,0.6364
epistemologia,1,0.6364
procliu,1,0.6364
holo,1,0.6364
hol,1,0.6364
christiaan,1,0.6364
smuts,1,0.6364
neurosi,1,0.6364
hystérie,1,0.6364
hystéra,1,0.6364
deambulava,1,0.6364
sufocacions,1,0.6364
clítoris,1,0.6364
orgasme,1,0.6364
instaura,1,0.6364
havers,1,0.6364
hypothēca,1,0.6364
hypothēkē,1,0.6364
hypo,1,0.6364
hipo,1,0.6364
hipotenusa,1,0.6364
thēkē,1,0.6364
guardades,1,0.6364
hypokrisía,1,0.6364
fingien,1,0.6364
èsquines,1,0.6364
hymnus,1,0.6364
hýmnos,1,0.6364
homèrics,1,0.6364
decessos,1,0.6364
hajaba,1,0.6364
centraleta,1,0.6364
hýbrida,1,0.6364
mestís,1,0.6364
procreats,1,0.6364
somera,1,0.6364
sexus,1,0.6364
hybride,1,0.6364
arribaríem,1,0.6364
mescles,1,0.6364
hetero,1,0.6364
patriarcat,1,0.6364
discriminatòriament,1,0.6364
heroïna,1,0.6364
héroe,1,0.6364
hèroe,1,0.6364
hērōs,1,0.6364
hḗrōs,1,0.6364
semideu,1,0.6364
encapritxaven,1,0.6364
naturaleses,1,0.6364
sorgien,1,0.6364
hermēneutikḗ,1,0.6364
hermēneutikós,1,0.6364
hermēneuo,1,0.6364
desxifre,1,0.6364
tekhné,1,0.6364
tikós,1,0.6364
hermètics,1,0.6364
emmarcant,1,0.6364
haeresis,1,0.6364
hairesis,1,0.6364
herètiques,1,0.6364
heliocèntrica,1,0.6364
hēdonḗ,1,0.6364
aristip,1,0.6364
cirene,1,0.6364
plaents,1,0.6364
hekatómbē,1,0.6364
hekaton,1,0.6364
derrotes,1,0.6364
hípica,1,0.6364
desavantatjosa,1,0.6364
andikáp,1,0.6364
ajustant,1,0.6364
negrenc,1,0.6364
hamstern,1,0.6364
bucals,1,0.6364
epònims,1,0.6364
hamlet,1,0.6364
shakespearià,1,0.6364
trick,1,0.6364
treat,1,0.6364
hálowin,1,0.6364
escocesa,1,0.6364
hallows,1,0.6364
eve,1,0.6364
vigorosa,1,0.6364
haques,1,0.6364
perdeu,1,0.6364
jaca,1,0.6364
haque,1,0.6364
hack,1,0.6364
hakenei,1,0.6364
middlesex,1,0.6364
hackney,1,0.6364
habilis,1,0.6364
habēre,1,0.6364
barretes,1,0.6364
arameus,1,0.6364
kithára,1,0.6364
cítara,1,0.6364
desbarata,1,0.6364
increpant,1,0.6364
escridassant,1,0.6364
descortesament,1,0.6364
sandàlies,1,0.6364
guiris,1,0.6364
fotografiant,1,0.6364
guiristino,1,0.6364
regent,1,0.6364
sicílies,1,0.6364
boris,1,0.6364
premier,1,0.6364
muntants,1,0.6364
ignace,1,0.6364
guillotin,1,0.6364
dissenyara,1,0.6364
decapitació,1,0.6364
agonies,1,0.6364
esquarterats,1,0.6364
destrossats,1,0.6364
whatch,1,0.6364
wachen,1,0.6364
guayta,1,0.6364
covinent,1,0.6364
alçades,1,0.6364
quadrades,1,0.6364
matacans,1,0.6364
merlets,1,0.6364
divisar,1,0.6364
corsaris,1,0.6364
barbarescos,1,0.6364
comunicaven,1,0.6364
vadum,1,0.6364
passam,1,0.6364
manizes,1,0.6364
strado,1,0.6364
apendreu,1,0.6364
grotta,1,0.6364
gruta,1,0.6364
estrafolàries,1,0.6364
grutesco,1,0.6364
grippe,1,0.6364
grüpi,1,0.6364
grüpen,1,0.6364
arropir,1,0.6364
tremolar,1,0.6364
refredats,1,0.6364
catarros,1,0.6364
influença,1,0.6364
influenza,1,0.6364
flu,1,0.6364
voracitat,1,0.6364
herbívors,1,0.6364
raïms,1,0.6364
aquifolium,1,0.6364
grefol,1,0.6364
folium,1,0.6364
sonoritzat,1,0.6364
acebo,1,0.6364
acivro,1,0.6364
acevo,1,0.6364
azevinho,1,0.6364
agrifoglio,1,0.6364
colonitzada,1,0.6364
sojornen,1,0.6364
benaventurats,1,0.6364
lluitador,1,0.6364
combatia,1,0.6364
stanley,1,0.6364
kubrick,1,0.6364
gladiator,1,0.6364
ridley,1,0.6364
russell,1,0.6364
crowe,1,0.6364
filtrades,1,0.6364
rinya,1,0.6364
acarnissada,1,0.6364
gladiol,1,0.6364
làpides,1,0.6364
panjab,1,0.6364
emigraren,1,0.6364
transhumància,1,0.6364
bifurcà,1,0.6364
egiptano,1,0.6364
aegyptanus,1,0.6364
egipcià,1,0.6364
egipcians,1,0.6364
gypsies,1,0.6364
gipcyan,1,0.6364
egyptian,1,0.6364
faraonépe,1,0.6364
faraons,1,0.6364
ovoides,1,0.6364
estriat,1,0.6364
helianthus,1,0.6364
annuus,1,0.6364
helios,1,0.6364
anthos,1,0.6364
jengibre,1,0.6364
interferix,1,0.6364
zingĭber,1,0.6364
ziggíberis,1,0.6364
rizomes,1,0.6364
horitzontalment,1,0.6364
asiàtica,1,0.6364
antibacterià,1,0.6364
gymnastikḗ,1,0.6364
gymnós,1,0.6364
entrenaven,1,0.6364
molestat,1,0.6364
nuesa,1,0.6364
cadets,1,0.6364
ondeano,1,0.6364
nacionalitzà,1,0.6364
physique,1,0.6364
gymnastique,1,0.6364
gymkhana,1,0.6364
nastics,1,0.6364
gend,1,0.6364
khana,1,0.6364
hindopersa,1,0.6364
djihad,1,0.6364
yihad,1,0.6364
geronto,1,0.6364
géron,1,0.6364
ancià,1,0.6364
kratia,1,0.6364
gérontocratie,1,0.6364
gĭbbus,1,0.6364
estern,1,0.6364
geperuda,1,0.6364
geperut,1,0.6364
anatòmica,1,0.6364
fibrosos,1,0.6364
invadixen,1,0.6364
gentrification,1,0.6364
gentry,1,0.6364
acomodada,1,0.6364
genterie,1,0.6364
festejat,1,0.6364
irascibilitat,1,0.6364
celebritat,1,0.6364
nassarites,1,0.6364
hosts,1,0.6364
zenēti,1,0.6364
adarga,1,0.6364
muntaven,1,0.6364
zenetes,1,0.6364
gĕnus,1,0.6364
gĕnĕris,1,0.6364
gignĕre,1,0.6364
genre,1,0.6364
gènero,1,0.6364
gĕmĭcare,1,0.6364
gĕmĕre,1,0.6364
gemir,1,0.6364
gemecaran,1,0.6364
fugiran,1,0.6364
temerosa,1,0.6364
esparver,1,0.6364
antichrist,1,0.6364
somorts,1,0.6364
gemega,1,0.6364
consumada,1,0.6364
inexpressiva,1,0.6364
larus,1,0.6364
ridibundus,1,0.6364
cabussen,1,0.6364
omnívores,1,0.6364
carnívores,1,0.6364
carrancs,1,0.6364
gavia,1,0.6364
planyívol,1,0.6364
grunyit,1,0.6364
gaui,1,0.6364
vastāre,1,0.6364
wastáɾe,1,0.6364
devastar,1,0.6364
arruïnar,1,0.6364
nebodes,1,0.6364
calderona,1,0.6364
relaxant,1,0.6364
ġarbî,1,0.6364
ġarb,1,0.6364
garbino,1,0.6364
sarments,1,0.6364
garbe,1,0.6364
gastro,1,0.6364
truck,1,0.6364
auscultar,1,0.6364
digestiu,1,0.6364
sobrevingué,1,0.6364
xarlatà,1,0.6364
curà,1,0.6364
nafres,1,0.6364
ortus,1,0.6364
medicinae,1,0.6364
chaos,1,0.6364
khamenei,1,0.6364
ocioses,1,0.6364
aguilé,1,0.6364
entonava,1,0.6364
lata,1,0.6364
fervorosos,1,0.6364
lejaven,1,0.6364
ḡundar,1,0.6364
expenses,1,0.6364
enrolant,1,0.6364
gandiero,1,0.6364
gand,1,0.6364
candidius,1,0.6364
candidia,1,0.6364
galimatias,1,0.6364
katà,1,0.6364
matthaîon,1,0.6364
zara,1,0.6364
tamar,1,0.6364
salmòdia,1,0.6364
recitada,1,0.6364
monòton,1,0.6364
associaren,1,0.6364
confusa,1,0.6364
muntanyosa,1,0.6364
galil,1,0.6364
quèdix,1,0.6364
credos,1,0.6364
galileus,1,0.6364
laxos,1,0.6364
naixeria,1,0.6364
galilei,1,0.6364
heliocèntriques,1,0.6364
eppur,1,0.6364
planerament,1,0.6364
cajatus,1,0.6364
vistosament,1,0.6364
baixaren,1,0.6364
ajudats,1,0.6364
compositiu,1,0.6364
redundava,1,0.6364
pague,1,0.6364
refaça,1,0.6364
tala,1,0.6364
indagara,1,0.6364
edelmira,1,0.6364
desagrada,1,0.6364
desencadena,1,0.6364
traslladem,1,0.6364
sanguinolents,1,0.6364
llarguíssimes,1,0.6364
venjativa,1,0.6364
erínnies,1,0.6364
eumènides,1,0.6364
impregnar,1,0.6364
castrat,1,0.6364
venjar,1,0.6364
functio,1,0.6364
clientelisme,1,0.6364
maura,1,0.6364
valoraven,1,0.6364
governara,1,0.6364
fumus,1,0.6364
tòxics,1,0.6364
monòxid,1,0.6364
carcinògenes,1,0.6364
fanecades,1,0.6364
fugia,1,0.6364
rar,1,0.6364
freak,1,0.6364
freaks,1,0.6364
nans,1,0.6364
hermafrodites,1,0.6364
barbudes,1,0.6364
deformitat,1,0.6364
commemorant,1,0.6364
renània,1,0.6364
franques,1,0.6364
replegaren,1,0.6364
còrnia,1,0.6364
lobulats,1,0.6364
focha,1,0.6364
suchet,1,0.6364
napoleònic,1,0.6364
derrotar,1,0.6364
blake,1,0.6364
paveses,1,0.6364
dargues,1,0.6364
darguetes,1,0.6364
forrats,1,0.6364
cuyr,1,0.6364
fourrer,1,0.6364
fuerre,1,0.6364
fōdr,1,0.6364
farratge,1,0.6364
tavelles,1,0.6364
aplanades,1,0.6364
dinaries,1,0.6364
faseŏlus,1,0.6364
phásēlos,1,0.6364
judía,1,0.6364
habichuela,1,0.6364
frijol,1,0.6364
frisol,1,0.6364
andalusos,1,0.6364
extremenys,1,0.6364
staven,1,0.6364
ferest,1,0.6364
feréstega,1,0.6364
alletava,1,0.6364
adust,1,0.6364
feréstegues,1,0.6364
orgasmes,1,0.6364
femicida,1,0.6364
femĭna,1,0.6364
cidium,1,0.6364
femicide,1,0.6364
rusell,1,0.6364
femare,1,0.6364
quadratura,1,0.6364
emigratòries,1,0.6364
felix,1,0.6364
bixests,1,0.6364
februarius,1,0.6364
etrusca,1,0.6364
plujós,1,0.6364
purifica,1,0.6364
premonitòria,1,0.6364
febbraio,1,0.6364
fevereiro,1,0.6364
february,1,0.6364
tragapinyols,1,0.6364
desgarbada,1,0.6364
reaccionària,1,0.6364
fasci,1,0.6364
sociata,1,0.6364
sudaca,1,0.6364
sudamericà,1,0.6364
fatuïtat,1,0.6364
fatuus,1,0.6364
fatuor,1,0.6364
profètic,1,0.6364
fatum,1,0.6364
oracles,1,0.6364
predir,1,0.6364
declamades,1,0.6364
pronòstics,1,0.6364
complien,1,0.6364
bifurcar,1,0.6364
afartar,1,0.6364
comentàrem,1,0.6364
reompli,1,0.6364
farcidura,1,0.6364
cansa,1,0.6364
farta,1,0.6364
fartava,1,0.6364
fartaran,1,0.6364
farsus,1,0.6364
venguda,1,0.6364
abundós,1,0.6364
dançes,1,0.6364
duraren,1,0.6364
farces,1,0.6364
entramesos,1,0.6364
pharmakeía,1,0.6364
enroscades,1,0.6364
pharmacie,1,0.6364
dispensen,1,0.6364
atril,1,0.6364
facistol,1,0.6364
faldestol,1,0.6364
faldistôl,1,0.6364
cadiral,1,0.6364
plegable,1,0.6364
faldistori,1,0.6364
partitures,1,0.6364
sotssagristà,1,0.6364
fasistol,1,0.6364
farḍah,1,0.6364
colonitzats,1,0.6364
tamís,1,0.6364
fassit,1,0.6364
emmudida,1,0.6364
engreixar,1,0.6364
phrássō,1,0.6364
pimentons,1,0.6364
sobreposen,1,0.6364
farandoulo,1,0.6364
fahrend,1,0.6364
phántasma,1,0.6364
fantoche,1,0.6364
fantoccio,1,0.6364
fante,1,0.6364
cantada,1,0.6364
castanyoles,1,0.6364
ternari,1,0.6364
bulliciosament,1,0.6364
huapango,1,0.6364
famŭlus,1,0.6364
fàmul,1,0.6364
fadrins,1,0.6364
ramificacions,1,0.6364
tios,1,0.6364
instaurades,1,0.6364
convisca,1,0.6364
delicadesa,1,0.6364
taqueta,1,0.6364
fus,1,0.6364
falcilla,1,0.6364
falcillot,1,0.6364
falciot,1,0.6364
francillot,1,0.6364
corbellot,1,0.6364
apous,1,0.6364
atrofiades,1,0.6364
copula,1,0.6364
reposa,1,0.6364
phásis,1,0.6364
nomenava,1,0.6364
bulo,1,0.6364
adaptàrem,1,0.6364
ampliaria,1,0.6364
manllevàrem,1,0.6364
antihiàtica,1,0.6364
lligaren,1,0.6364
sereno,1,0.6364
furtaren,1,0.6364
delinqüent,1,0.6364
fascinerós,1,0.6364
facinerosus,1,0.6364
contrafurs,1,0.6364
perjuïns,1,0.6364
axi,1,0.6364
lloctinencies,1,0.6364
delinquents,1,0.6364
rescatà,1,0.6364
facĭlis,1,0.6364
fèrtilment,1,0.6364
masclistes,1,0.6364
retrògrada,1,0.6364
judicialment,1,0.6364
extradir,1,0.6364
extrader,1,0.6364
extraditar,1,0.6364
extradite,1,0.6364
autòpsia,1,0.6364
exhumare,1,0.6364
humare,1,0.6364
disculpat,1,0.6364
escusada,1,0.6364
recloïen,1,0.6364
escusat,1,0.6364
adduït,1,0.6364
pagador,1,0.6364
excusatio,1,0.6364
accusatio,1,0.6364
justificacions,1,0.6364
autoinculpant,1,0.6364
inconsciència,1,0.6364
irrecuperable,1,0.6364
pigmeu,1,0.6364
pigmea,1,0.6364
perfilada,1,0.6364
enamorà,1,0.6364
perdudament,1,0.6364
pujara,1,0.6364
rapte,1,0.6364
tardans,1,0.6364
eufemismo,1,0.6364
euphémisme,1,0.6364
euphēmismós,1,0.6364
pheme,1,0.6364
evitaven,1,0.6364
desfermara,1,0.6364
invident,1,0.6364
decoroses,1,0.6364
aparellador,1,0.6364
capficant,1,0.6364
etymologia,1,0.6364
etymologiarum,1,0.6364
étymos,1,0.6364
lógos,1,0.6364
svastika,1,0.6364
svasti,1,0.6364
vegetarià,1,0.6364
gammes,1,0.6364
stupĭdus,1,0.6364
stupēre,1,0.6364
stupid,1,0.6364
stupide,1,0.6364
embadaliment,1,0.6364
comprengueren,1,0.6364
estult,1,0.6364
predestinació,1,0.6364
stultícia,1,0.6364
stultitiae,1,0.6364
laus,1,0.6364
encomi,1,0.6364
auguraven,1,0.6364
capdany,1,0.6364
estrènia,1,0.6364
sabins,1,0.6364
sturnus,1,0.6364
unicolor,1,0.6364
equidistants,1,0.6364
sincronitzades,1,0.6364
erte,1,0.6364
eradicare,1,0.6364
radicare,1,0.6364
radicis,1,0.6364
perniciosa,1,0.6364
erradica,1,0.6364
impregnats,1,0.6364
ĕremus,1,0.6364
érēmos,1,0.6364
conree,1,0.6364
ericio,1,0.6364
ericius,1,0.6364
signficat,1,0.6364
erinaceus,1,0.6364
insectívor,1,0.6364
potetes,1,0.6364
punxes,1,0.6364
epipháneia,1,0.6364
pháneia,1,0.6364
levitant,1,0.6364
portentosa,1,0.6364
epidēmía,1,0.6364
demia,1,0.6364
epidèmies,1,0.6364
subtitulats,1,0.6364
eòlica,1,0.6364
aerogeneradors,1,0.6364
caverna,1,0.6364
hermèticament,1,0.6364
investire,1,0.6364
guarnir,1,0.6364
investidures,1,0.6364
envestí,1,0.6364
aplegà,1,0.6364
envestiren,1,0.6364
impetuositat,1,0.6364
tēlum,1,0.6364
tēla,1,0.6364
aquosa,1,0.6364
enterbolint,1,0.6364
entabuixat,1,0.6364
ofegant,1,0.6364
parònims,1,0.6364
tabor,1,0.6364
abuixar,1,0.6364
tabuixar,1,0.6364
parlera,1,0.6364
velera,1,0.6364
enbabuxà,1,0.6364
tabuxà,1,0.6364
atabuixar,1,0.6364
adobades,1,0.6364
xampinyons,1,0.6364
insalare,1,0.6364
amanien,1,0.6364
salade,1,0.6364
salad,1,0.6364
salată,1,0.6364
fullada,1,0.6364
bulema,1,0.6364
judaïtzant,1,0.6364
rųḫḫ,1,0.6364
roth,1,0.6364
enrocament,1,0.6364
fèrriament,1,0.6364
intencionadament,1,0.6364
obscura,1,0.6364
aenigma,1,0.6364
aínigma,1,0.6364
ainóssomai,1,0.6364
insinuacions,1,0.6364
sòfocles,1,0.6364
pretenien,1,0.6364
alliberà,1,0.6364
nomenaren,1,0.6364
pronosticada,1,0.6364
delfos,1,0.6364
hŏc,1,0.6364
hoque,1,0.6364
ongan,1,0.6364
onguan,1,0.6364
oguany,1,0.6364
unguanno,1,0.6364
avrò,1,0.6364
pace,1,0.6364
lei,1,0.6364
hogaño,1,0.6364
ogaño,1,0.6364
oan,1,0.6364
pandèmies,1,0.6364
adormir,1,0.6364
latori,1,0.6364
cronticare,1,0.6364
passejadora,1,0.6364
noninoni,1,0.6364
tronets,1,0.6364
esqueneta,1,0.6364
agrunsar,1,0.6364
gronxejar,1,0.6364
gronxolar,1,0.6364
enantiosèmic,1,0.6364
enervare,1,0.6364
nervium,1,0.6364
elogiava,1,0.6364
irriten,1,0.6364
superposant,1,0.6364
energoúmenos,1,0.6364
energéō,1,0.6364
espasmòdics,1,0.6364
neurològiques,1,0.6364
enganyen,1,0.6364
ĭnquĭnare,1,0.6364
adulterar,1,0.6364
enconats,1,0.6364
inflamar,1,0.6364
irritar,1,0.6364
gaste,1,0.6364
meandres,1,0.6364
torreforta,1,0.6364
entretallada,1,0.6364
encanada,1,0.6364
exultant,1,0.6364
espasmòdica,1,0.6364
laringe,1,0.6364
inhalar,1,0.6364
tràquea,1,0.6364
quesits,1,0.6364
perquens,1,0.6364
callis,1,0.6364
encaixonat,1,0.6364
immobilitzada,1,0.6364
insalvables,1,0.6364
noradrenalina,1,0.6364
amfetamines,1,0.6364
feliços,1,0.6364
escapat,1,0.6364
immobilitzat,1,0.6364
quedàrem,1,0.6364
presonar,1,0.6364
tinch,1,0.6364
presonat,1,0.6364
empowerment,1,0.6364
empêcher,1,0.6364
empachar,1,0.6364
jocfloralesca,1,0.6364
totstemps,1,0.6364
empatxaria,1,0.6364
impedint,1,0.6364
empátheia,1,0.6364
emerĭtus,1,0.6364
emerēre,1,0.6364
merēre,1,0.6364
contrets,1,0.6364
llicenciaven,1,0.6364
mèrida,1,0.6364
emerita,1,0.6364
combatut,1,0.6364
abdicat,1,0.6364
eximits,1,0.6364
ēmergentia,1,0.6364
subterràniament,1,0.6364
pertorben,1,0.6364
rexat,1,0.6364
enbosat,1,0.6364
brosa,1,0.6364
embozar,1,0.6364
embossament,1,0.6364
embós,1,0.6364
atasco,1,0.6364
bab,1,0.6364
babarota,1,0.6364
babeca,1,0.6364
baboia,1,0.6364
inexperiència,1,0.6364
guanyaren,1,0.6364
enbabucant,1,0.6364
embaucar,1,0.6364
vocabularium,1,0.6364
hispanicum,1,0.6364
anglicum,1,0.6364
minsheu,1,0.6364
elxana,1,0.6364
elxero,1,0.6364
elxera,1,0.6364
ilici,1,0.6364
iulia,1,0.6364
illici,1,0.6364
veterans,1,0.6364
ils,1,0.6364
haguem,1,0.6364
trujaman,1,0.6364
trajuman,1,0.6364
élire,1,0.6364
elít,1,0.6364
elite,1,0.6364
electrons,1,0.6364
protons,1,0.6364
datats,1,0.6364
tronadors,1,0.6364
malapterurus,1,0.6364
cridaren,1,0.6364
milet,1,0.6364
constatà,1,0.6364
àmbar,1,0.6364
magnètic,1,0.6364
friccionat,1,0.6364
resina,1,0.6364
gilbert,1,0.6364
magnetisme,1,0.6364
magnètics,1,0.6364
llatinitzat,1,0.6364
intercalat,1,0.6364
emfàtics,1,0.6364
declamatius,1,0.6364
vessa,1,0.6364
eixugarem,1,0.6364
torcant,1,0.6364
llavat,1,0.6364
paguem,1,0.6364
restablim,1,0.6364
eksorko,1,0.6364
orgh,1,0.6364
órkhis,1,0.6364
orquídia,1,0.6364
simètrics,1,0.6364
infecund,1,0.6364
plausiblement,1,0.6364
spuri,1,0.6364
carbili,1,0.6364
repudià,1,0.6364
exorqua,1,0.6364
fecundar,1,0.6364
exorca,1,0.6364
exhūmōrare,1,0.6364
eixumorar,1,0.6364
planxar,1,0.6364
ecto,1,0.6364
ektós,1,0.6364
ernst,1,0.6364
haeckel,1,0.6364
citoplasma,1,0.6364
richet,1,0.6364
metapsíquics,1,0.6364
vaporosa,1,0.6364
paranormals,1,0.6364
mèdiums,1,0.6364
extrasensorial,1,0.6364
materialitzen,1,0.6364
fantasmal,1,0.6364
caldeus,1,0.6364
astrònoms,1,0.6364
babilònics,1,0.6364
repetien,1,0.6364
ékleipsis,1,0.6364
ekleípō,1,0.6364
ek,1,0.6364
leípō,1,0.6364
passi,1,0.6364
hercúlia,1,0.6364
terraplens,1,0.6364
duin,1,0.6364
dûnen,1,0.6364
vastes,1,0.6364
poblades,1,0.6364
tripulats,1,0.6364
drone,1,0.6364
volaven,1,0.6364
tripulat,1,0.6364
dráō,1,0.6364
sublims,1,0.6364
grotescos,1,0.6364
tarentola,1,0.6364
mauritanica,1,0.6364
laminetes,1,0.6364
adhesives,1,0.6364
llises,1,0.6364
dragonet,1,0.6364
dragolí,1,0.6364
rosegar,1,0.6364
esgarra,1,0.6364
corpulenta,1,0.6364
despietat,1,0.6364
valerosos,1,0.6364
derrotat,1,0.6364
loau,1,0.6364
habitau,1,0.6364
drachs,1,0.6364
abysos,1,0.6364
dósis,1,0.6364
dose,1,0.6364
esqueixat,1,0.6364
arreplegaren,1,0.6364
dŭōs,1,0.6364
dŭas,1,0.6364
duae,1,0.6364
mostre,1,0.6364
dúas,1,0.6364
unificades,1,0.6364
precedia,1,0.6364
dógma,1,0.6364
dokéō,1,0.6364
opinar,1,0.6364
revelades,1,0.6364
gosara,1,0.6364
mimètica,1,0.6364
denigratòria,1,0.6364
divŏrtĕre,1,0.6364
divertĕre,1,0.6364
vertĕre,1,0.6364
verter,1,0.6364
evolucionadament,1,0.6364
divorç,1,0.6364
tertium,1,0.6364
comercium,1,0.6364
feira,1,0.6364
viernes,1,0.6364
assigne,1,0.6364
festejada,1,0.6364
veneri,1,0.6364
expansions,1,0.6364
aveada,1,0.6364
saltarà,1,0.6364
òvul,1,0.6364
progesterona,1,0.6364
cervical,1,0.6364
espermatozous,1,0.6364
trompes,1,0.6364
lopi,1,0.6364
desperfectes,1,0.6364
aparadors,1,0.6364
brigades,1,0.6364
antidisturbis,1,0.6364
turbare,1,0.6364
disturbio,1,0.6364
disturbo,1,0.6364
disturbare,1,0.6364
stuart,1,0.6364
disconforme,1,0.6364
discontinu,1,0.6364
opressiva,1,0.6364
totalitària,1,0.6364
arruïnades,1,0.6364
nuclears,1,0.6364
distantia,1,0.6364
distans,1,0.6364
expressons,1,0.6364
cordialitat,1,0.6364
significants,1,0.6364
indispost,1,0.6364
displĭcens,1,0.6364
displicēre,1,0.6364
desplaure,1,0.6364
placēre,1,0.6364
plaure,1,0.6364
fressar,1,0.6364
afluxa,1,0.6364
engruxa,1,0.6364
desfreça,1,0.6364
deputat,1,0.6364
diputar,1,0.6364
deputāre,1,0.6364
delegava,1,0.6364
deputy,1,0.6364
député,1,0.6364
dimĭttĕre,1,0.6364
mĭttĕre,1,0.6364
demetre,1,0.6364
admittĕre,1,0.6364
reintroduí,1,0.6364
progènie,1,0.6364
poblaven,1,0.6364
navegaren,1,0.6364
improperis,1,0.6364
difamar,1,0.6364
malparlar,1,0.6364
condemnades,1,0.6364
maynana,1,0.6364
diffamació,1,0.6364
injúries,1,0.6364
punibles,1,0.6364
propalar,1,0.6364
intencionat,1,0.6364
infamia,1,0.6364
íɾe,1,0.6364
celano,1,0.6364
descarregue,1,0.6364
castigue,1,0.6364
immisericordiosament,1,0.6364
voraces,1,0.6364
desbocada,1,0.6364
irats,1,0.6364
diaerĕsis,1,0.6364
diaíresis,1,0.6364
quirúrgic,1,0.6364
volats,1,0.6364
abrigat,1,0.6364
empremtes,1,0.6364
diakritikós,1,0.6364
ratlletes,1,0.6364
circumflexos,1,0.6364
diabḗtēs,1,0.6364
bḗtēs,1,0.6364
itis,1,0.6364
apendicitis,1,0.6364
loni,1,0.6364
memfita,1,0.6364
sacarina,1,0.6364
expulsa,1,0.6364
diagnosticar,1,0.6364
immunosupressor,1,0.6364
trasplantat,1,0.6364
intrusió,1,0.6364
oxigenació,1,0.6364
déwte,1,0.6364
deuda,1,0.6364
dette,1,0.6364
dēbĭtum,1,0.6364
dēbēre,1,0.6364
salden,1,0.6364
sherlock,1,0.6364
holmes,1,0.6364
hercule,1,0.6364
poirot,1,0.6364
detective,1,0.6364
detectus,1,0.6364
dete,1,0.6364
gere,1,0.6364
tegere,1,0.6364
techo,1,0.6364
teto,1,0.6364
teg,1,0.6364
detectius,1,0.6364
rīfah,1,0.6364
empreseta,1,0.6364
usança,1,0.6364
eixut,1,0.6364
lacònic,1,0.6364
xarlatans,1,0.6364
loquaços,1,0.6364
dictadors,1,0.6364
autoritaris,1,0.6364
remís,1,0.6364
despótēs,1,0.6364
despote,1,0.6364
decaiga,1,0.6364
resseguix,1,0.6364
desgavellar,1,0.6364
gavell,1,0.6364
cavellus,1,0.6364
cavus,1,0.6364
gavells,1,0.6364
filum,1,0.6364
finíssima,1,0.6364
despolaritza,1,0.6364
restablix,1,0.6364
fibril,1,0.6364
múscul,1,0.6364
suscitava,1,0.6364
pandèmic,1,0.6364
universalitzat,1,0.6364
parlàrem,1,0.6364
desavinença,1,0.6364
decepcionants,1,0.6364
sedimentat,1,0.6364
ança,1,0.6364
fidāre,1,0.6364
fido,1,0.6364
fīdĕre,1,0.6364
fiança,1,0.6364
confiats,1,0.6364
reguard,1,0.6364
malfiança,1,0.6364
camuflat,1,0.6364
méfiance,1,0.6364
lluïx,1,0.6364
baratar,1,0.6364
aguafiestas,1,0.6364
inoportunament,1,0.6364
desagradablement,1,0.6364
prefixat,1,0.6364
produïm,1,0.6364
insensats,1,0.6364
dependēre,1,0.6364
pender,1,0.6364
bisbat,1,0.6364
articulars,1,0.6364
aedes,1,0.6364
aegypti,1,0.6364
pneumàtics,1,0.6364
detectà,1,0.6364
dinga,1,0.6364
apoderaven,1,0.6364
demos,1,0.6364
degeneració,1,0.6364
afalagar,1,0.6364
delt,1,0.6364
dàlet,1,0.6364
semítics,1,0.6364
lucinacions,1,0.6364
intoxicació,1,0.6364
somnolència,1,0.6364
demència,1,0.6364
delírium,1,0.6364
extravagància,1,0.6364
distorsionen,1,0.6364
jejūnus,1,0.6364
digiuno,1,0.6364
dijuno,1,0.6364
ascètiques,1,0.6364
dejaví,1,0.6364
voir,1,0.6364
èmile,1,0.6364
boirac,1,0.6364
precognició,1,0.6364
neuronal,1,0.6364
evocada,1,0.6364
defenestrare,1,0.6364
fenestra,1,0.6364
pàssà,1,0.6364
hussites,1,0.6364
reformista,1,0.6364
hus,1,0.6364
defenestració,1,0.6364
bohemis,1,0.6364
disconformes,1,0.6364
estíria,1,0.6364
romanogermànic,1,0.6364
hradcany,1,0.6364
governadors,1,0.6364
teseu,1,0.6364
enfurismat,1,0.6364
recreant,1,0.6364
fongué,1,0.6364
icària,1,0.6364
debáes,1,0.6364
bāṭil,1,0.6364
cabotades,1,0.6364
erecta,1,0.6364
protegixen,1,0.6364
reebé,1,0.6364
kafissos,1,0.6364
adacça,1,0.6364
milloc,1,0.6364
milloca,1,0.6364
moresc,1,0.6364
diplomàtiques,1,0.6364
embaxador,1,0.6364
girà,1,0.6364
spatles,1,0.6364
partí,1,0.6364
desproveint,1,0.6364
humorístics,1,0.6364
komos,1,0.6364
kōmōidía,1,0.6364
comoedĭa,1,0.6364
convoi,1,0.6364
conviare,1,0.6364
ajuntaren,1,0.6364
escortaven,1,0.6364
transporten,1,0.6364
presoners,1,0.6364
escortats,1,0.6364
voieibol,1,0.6364
psicomotrius,1,0.6364
juanjo,1,0.6364
bendicho,1,0.6364
coup,1,0.6364
état,1,0.6364
bonaparte,1,0.6364
cŏlŭpus,1,0.6364
cŏlăphus,1,0.6364
kólaphos,1,0.6364
propinat,1,0.6364
ferrà,1,0.6364
cavaler,1,0.6364
poblar,1,0.6364
köln,1,0.6364
agripina,1,0.6364
rebatejà,1,0.6364
agrippinensium,1,0.6364
densos,1,0.6364
perfums,1,0.6364
eau,1,0.6364
cologne,1,0.6364
colúmbids,1,0.6364
roquer,1,0.6364
columba,1,0.6364
livia,1,0.6364
violacis,1,0.6364
colège,1,0.6364
retallant,1,0.6364
bloqueig,1,0.6364
encallament,1,0.6364
ever,1,0.6364
suez,1,0.6364
sobrecost,1,0.6364
circulatòria,1,0.6364
collapsus,1,0.6364
collabi,1,0.6364
labi,1,0.6364
linguae,1,0.6364
entrellaçat,1,0.6364
colonitzadores,1,0.6364
coulée,1,0.6364
couler,1,0.6364
coulant,1,0.6364
impàs,1,0.6364
coaligar,1,0.6364
coalicions,1,0.6364
kocsi,1,0.6364
autocar,1,0.6364
innòcua,1,0.6364
klubba,1,0.6364
bastons,1,0.6364
brandats,1,0.6364
kleptomanie,1,0.6364
mathey,1,0.6364
clepto,1,0.6364
lleve,1,0.6364
amague,1,0.6364
furte,1,0.6364
cleptòman,1,0.6364
sobtadament,1,0.6364
robant,1,0.6364
klaxon,1,0.6364
newark,1,0.6364
jersey,1,0.6364
reese,1,0.6364
hutchison,1,0.6364
edison,1,0.6364
bombeta,1,0.6364
alcalina,1,0.6364
clandestīnus,1,0.6364
ocultament,1,0.6364
celare,1,0.6364
celar,1,0.6364
hĕlm,1,0.6364
aguasil,1,0.6364
garcés,1,0.6364
desenrotllà,1,0.6364
maçoneria,1,0.6364
clandestina,1,0.6364
besades,1,0.6364
clandestinitat,1,0.6364
civis,1,0.6364
instaurats,1,0.6364
acata,1,0.6364
contenidor,1,0.6364
embruten,1,0.6364
deterioren,1,0.6364
incívics,1,0.6364
relatant,1,0.6364
tubular,1,0.6364
canasta,1,0.6364
expressivament,1,0.6364
scīssa,1,0.6364
assise,1,0.6364
detraure,1,0.6364
furts,1,0.6364
talls,1,0.6364
sastres,1,0.6364
suculent,1,0.6364
combatent,1,0.6364
flavonoides,1,0.6364
beneficiosament,1,0.6364
infermeria,1,0.6364
preÿchadors,1,0.6364
cerasium,1,0.6364
kerásion,1,0.6364
kerasos,1,0.6364
circadian,1,0.6364
halberg,1,0.6364
circadiaris,1,0.6364
puntualitat,1,0.6364
suspén,1,0.6364
melatonina,1,0.6364
motilitat,1,0.6364
testosterona,1,0.6364
ertes,1,0.6364
gàlbuls,1,0.6364
ciprers,1,0.6364
afavorien,1,0.6364
cypressus,1,0.6364
ciprés,1,0.6364
palatalitzat,1,0.6364
falsedats,1,0.6364
mentint,1,0.6364
descaradament,1,0.6364
sorna,1,0.6364
desdeny,1,0.6364
restringia,1,0.6364
cínics,1,0.6364
preconitzaven,1,0.6364
irreverentment,1,0.6364
apartara,1,0.6364
kynikós,1,0.6364
kýōn,1,0.6364
kynosargos,1,0.6364
cinematògraf,1,0.6364
cinématographe,1,0.6364
kínēmatos,1,0.6364
cigronera,1,0.6364
cĭcĕro,1,0.6364
peüngles,1,0.6364
protuberàncies,1,0.6364
pelussa,1,0.6364
ramificant,1,0.6364
cervēsia,1,0.6364
fermentats,1,0.6364
aromatitzada,1,0.6364
llúpol,1,0.6364
cerveza,1,0.6364
cerveja,1,0.6364
cervexa,1,0.6364
birra,1,0.6364
bière,1,0.6364
bier,1,0.6364
beer,1,0.6364
empaquetades,1,0.6364
apetitosos,1,0.6364
aprenguérem,1,0.6364
emmagatzemament,1,0.6364
sedentarisme,1,0.6364
comprensiblement,1,0.6364
entrelligat,1,0.6364
ker,1,0.6364
centri,1,0.6364
fug,1,0.6364
fugus,1,0.6364
densitats,1,0.6364
grossàries,1,0.6364
escórrer,1,0.6364
censūra,1,0.6364
comportava,1,0.6364
disciplinària,1,0.6364
contravenien,1,0.6364
coemetērium,1,0.6364
koimētḗrion,1,0.6364
tornarien,1,0.6364
reposaven,1,0.6364
aguditzant,1,0.6364
coeliăcus,1,0.6364
koiliakos,1,0.6364
koilia,1,0.6364
aretaeus,1,0.6364
capadòcia,1,0.6364
descrigué,1,0.6364
digerits,1,0.6364
gee,1,0.6364
clínic,1,0.6364
gluten,1,0.6364
celiaquia,1,0.6364
reovirus,1,0.6364
immunitari,1,0.6364
celebrāre,1,0.6364
cĕlĕber,1,0.6364
èquids,1,0.6364
castrats,1,0.6364
castració,1,0.6364
cavalcar,1,0.6364
cavalgada,1,0.6364
armada,1,0.6364
cavalcata,1,0.6364
cabalgata,1,0.6364
catxerulos,1,0.6364
empinar,1,0.6364
especulat,1,0.6364
catxeruolo,1,0.6364
casserola,1,0.6364
cacculus,1,0.6364
caccabus,1,0.6364
inspirà,1,0.6364
kátharsis,1,0.6364
alliberant,1,0.6364
psicoanalítica,1,0.6364
hipnosi,1,0.6364
exteriorització,1,0.6364
catarrhus,1,0.6364
katárroos,1,0.6364
katarreîn,1,0.6364
afluir,1,0.6364
esternuts,1,0.6364
vidriosos,1,0.6364
secrecions,1,0.6364
gotetes,1,0.6364
inoportú,1,0.6364
pom,1,0.6364
passàs,1,0.6364
katáplasma,1,0.6364
kata,1,0.6364
pareciere,1,0.6364
faringe,1,0.6364
kataklysmós,1,0.6364
destructors,1,0.6364
figuració,1,0.6364
ròssec,1,0.6364
rimar,1,0.6364
castich,1,0.6364
abrich,1,0.6364
castigare,1,0.6364
castus,1,0.6364
castĕllum,1,0.6364
castre,1,0.6364
empalissades,1,0.6364
feudals,1,0.6364
mamposteria,1,0.6364
pirotècnic,1,0.6364
carcasses,1,0.6364
corretjosa,1,0.6364
figuratius,1,0.6364
pegaren,1,0.6364
carxots,1,0.6364
admonició,1,0.6364
cuadrado,1,0.6364
karšän,1,0.6364
destroyran,1,0.6364
ḫaršûfa,1,0.6364
ḥáršafa,1,0.6364
indoirànic,1,0.6364
hār,1,0.6364
čōb,1,0.6364
immadura,1,0.6364
bràctees,1,0.6364
cynara,1,0.6364
candorosa,1,0.6364
seduí,1,0.6364
emportà,1,0.6364
anèmia,1,0.6364
reumatisme,1,0.6364
redunde,1,0.6364
kartell,1,0.6364
kartèl,1,0.6364
cartello,1,0.6364
carusiello,1,0.6364
manllevà,1,0.6364
eqüestre,1,0.6364
executats,1,0.6364
genets,1,0.6364
emular,1,0.6364
giratòria,1,0.6364
carousel,1,0.6364
karussell,1,0.6364
carrossel,1,0.6364
subsistiran,1,0.6364
carrus,1,0.6364
destrohits,1,0.6364
transportant,1,0.6364
costrets,1,0.6364
camminus,1,0.6364
carrilis,1,0.6364
laminat,1,0.6364
longitudinals,1,0.6364
leuconoe,1,0.6364
fugacitat,1,0.6364
prescindim,1,0.6364
cyprinus,1,0.6364
carpio,1,0.6364
barbes,1,0.6364
comprimit,1,0.6364
lateralment,1,0.6364
graderia,1,0.6364
envelat,1,0.6364
transfiguraven,1,0.6364
tollitas,1,0.6364
hermètica,1,0.6364
delfinat,1,0.6364
dauphiné,1,0.6364
trage,1,0.6364
lluïen,1,0.6364
piemontesa,1,0.6364
carmagnols,1,0.6364
carmayola,1,0.6364
charlotte,1,0.6364
grafiat,1,0.6364
umbel,1,0.6364
líferes,1,0.6364
daucus,1,0.6364
carota,1,0.6364
guarnició,1,0.6364
carotte,1,0.6364
assimilatori,1,0.6364
carrota,1,0.6364
pastenaga,1,0.6364
pastanaga,1,0.6364
bastanaga,1,0.6364
popa,1,0.6364
buc,1,0.6364
culminaren,1,0.6364
caravela,1,0.6364
cărăbus,1,0.6364
kárabos,1,0.6364
cnidari,1,0.6364
urticant,1,0.6364
sura,1,0.6364
born,1,0.6364
cŭmŭlare,1,0.6364
corolliare,1,0.6364
corumullar,1,0.6364
hull,1,0.6364
millós,1,0.6364
coromull,1,0.6364
endolcir,1,0.6364
pastilleta,1,0.6364
aromatitzat,1,0.6364
caramelo,1,0.6364
calamĕllus,1,0.6364
caramello,1,0.6364
ebenàcies,1,0.6364
caquier,1,0.6364
diospiros,1,0.6364
kaki,1,0.6364
mucilaginosa,1,0.6364
astringent,1,0.6364
khākī,1,0.6364
pahlavi,1,0.6364
ẖāk,1,0.6364
caporrutxa,1,0.6364
caporrutxo,1,0.6364
caparrutxo,1,0.6364
capirota,1,0.6364
capperuccia,1,0.6364
bípedes,1,0.6364
cosmogònica,1,0.6364
abolició,1,0.6364
desencadenar,1,0.6364
kansalá,1,0.6364
carnicer,1,0.6364
gose,1,0.6364
intente,1,0.6364
carnsalada,1,0.6364
caribenyes,1,0.6364
caríbal,1,0.6364
antropofàgia,1,0.6364
repulsa,1,0.6364
candĭdus,1,0.6364
candēre,1,0.6364
càndida,1,0.6364
relluhia,1,0.6364
karkinos,1,0.6364
deguna,1,0.6364
mameles,1,0.6364
consolats,1,0.6364
canceyler,1,0.6364
morabatins,1,0.6364
compilador,1,0.6364
valuosos,1,0.6364
cancellarius,1,0.6364
porters,1,0.6364
reixats,1,0.6364
cancells,1,0.6364
conopeum,1,0.6364
kónops,1,0.6364
encoixinats,1,0.6364
eliminà,1,0.6364
entapissat,1,0.6364
somier,1,0.6364
llesqueta,1,0.6364
increpar,1,0.6364
canaglia,1,0.6364
canalia,1,0.6364
cadells,1,0.6364
torç,1,0.6364
insulten,1,0.6364
canus,1,0.6364
pilós,1,0.6364
secreten,1,0.6364
pigmentar,1,0.6364
africa,1,0.6364
scipió,1,0.6364
aníbal,1,0.6364
blanchas,1,0.6364
campagna,1,0.6364
conreable,1,0.6364
greal,1,0.6364
arimatea,1,0.6364
custodiat,1,0.6364
fabulació,1,0.6364
entregà,1,0.6364
catedralici,1,0.6364
ducats,1,0.6364
elmet,1,0.6364
càlzer,1,0.6364
genovesos,1,0.6364
calix,1,0.6364
marmita,1,0.6364
canonets,1,0.6364
esborrats,1,0.6364
calvarium,1,0.6364
calaveres,1,0.6364
cranis,1,0.6364
colostrum,1,0.6364
serós,1,0.6364
secretat,1,0.6364
mamàries,1,0.6364
meravellar,1,0.6364
greixos,1,0.6364
nounat,1,0.6364
deposició,1,0.6364
calvus,1,0.6364
klawo,1,0.6364
calavera,1,0.6364
cabels,1,0.6364
brotassen,1,0.6364
reintroduït,1,0.6364
conservadorament,1,0.6364
convinga,1,0.6364
musculats,1,0.6364
espedaçar,1,0.6364
cromatòfors,1,0.6364
mimetitzar,1,0.6364
calamaro,1,0.6364
calamarius,1,0.6364
caipirinha,1,0.6364
caipira,1,0.6364
terratinents,1,0.6364
piracicaba,1,0.6364
capdet,1,0.6364
capitellum,1,0.6364
orellut,1,0.6364
bocut,1,0.6364
desproporcionadament,1,0.6364
cullerots,1,0.6364
cabotes,1,0.6364
capgrossos,1,0.6364
taxon,1,0.6364
obstinadament,1,0.6364
aegagrus,1,0.6364
hircus,1,0.6364
genètiques,1,0.6364
zagron,1,0.6364
arquejades,1,0.6364
erràtic,1,0.6364
queferosa,1,0.6364
lliri,1,0.6364
tulipa,1,0.6364
cabeces,1,0.6364
estipular,1,0.6364
vehins,1,0.6364
havens,1,0.6364
cabriu,1,0.6364
entro,1,0.6364
cinchcentes,1,0.6364
cabeçes,1,0.6364
cabrons,1,0.6364
aixoplugà,1,0.6364
integraria,1,0.6364
cabayna,1,0.6364
enparar,1,0.6364
hospitalitzacions,1,0.6364
suposicions,1,0.6364
emocionat,1,0.6364
càbales,1,0.6364
pauleta,1,0.6364
qabbālāh,1,0.6364
esotèric,1,0.6364
cabalístiques,1,0.6364
rabins,1,0.6364
sembraven,1,0.6364
exorcitzar,1,0.6364
capalis,1,0.6364
migrats,1,0.6364
fluïa,1,0.6364
canalització,1,0.6364
homògraf,1,0.6364
melongena,1,0.6364
bedenǧéna,1,0.6364
ambargina,1,0.6364
albarguenya,1,0.6364
bargina,1,0.6364
barzínia,1,0.6364
basínia,1,0.6364
potassi,1,0.6364
calci,1,0.6364
magnesi,1,0.6364
fòsfor,1,0.6364
osteoporosi,1,0.6364
patologies,1,0.6364
haribaírgo,1,0.6364
harjis,1,0.6364
baírgan,1,0.6364
albergue,1,0.6364
recelen,1,0.6364
arme,1,0.6364
cea,1,0.6364
leukanté,1,0.6364
lucentum,1,0.6364
leukante,1,0.6364
laqant,1,0.6364
resguardada,1,0.6364
benacantil,1,0.6364
isolationism,1,0.6364
eludint,1,0.6364
mŏllis,1,0.6364
dampnatges,1,0.6364
convehines,1,0.6364
correnties,1,0.6364
ayguamoll,1,0.6364
ordenaren,1,0.6364
correntia,1,0.6364
estacionalment,1,0.6364
joncs,1,0.6364
herbàcies,1,0.6364
dessecaven,1,0.6364
incolora,1,0.6364
inodora,1,0.6364
oceans,1,0.6364
cavendish,1,0.6364
ablució,1,0.6364
contragueren,1,0.6364
auia,1,0.6364
aiga,1,0.6364
aigo,1,0.6364
agglomerare,1,0.6364
glomus,1,0.6364
glomèrul,1,0.6364
aphorismós,1,0.6364
aphorizein,1,0.6364
apotema,1,0.6364
hōros,1,0.6364
horòscop,1,0.6364
asserció,1,0.6364
aforística,1,0.6364
michel,1,0.6364
montaigne,1,0.6364
fervent,1,0.6364
clausurar,1,0.6364
afflictio,1,0.6364
flictus,1,0.6364
congoixa,1,0.6364
alliberats,1,0.6364
adrenaline,1,0.6364
takamine,1,0.6364
jōkichi,1,0.6364
ren,1,0.6364
suprarenals,1,0.6364
dilata,1,0.6364
adouber,1,0.6364
dubban,1,0.6364
colpet,1,0.6364
guano,1,0.6364
adeéne,1,0.6364
siglar,1,0.6364
maldient,1,0.6364
maldir,1,0.6364
obedir,1,0.6364
addīcĕre,1,0.6364
dīcĕre,1,0.6364
adiuen,1,0.6364
siau,1,0.6364
distanciar,1,0.6364
argilosa,1,0.6364
nudisme,1,0.6364
prosaics,1,0.6364
acoquiner,1,0.6364
coquin,1,0.6364
coquinus,1,0.6364
ajudants,1,0.6364
coquins,1,0.6364
pronominalment,1,0.6364
pusil,1,0.6364
lànime,1,0.6364
acumulacions,1,0.6364
accaparer,1,0.6364
accaparrare,1,0.6364
caparra,1,0.6364
sepultat,1,0.6364
indicativa,1,0.6364
akadḗmeia,1,0.6364
eriçant,1,0.6364
pilomotor,1,0.6364
borrò,1,0.6364
borró,1,0.6364
borra,1,0.6364
burra,1,0.6364
esborronar,1,0.6364
esgarrifar,1,0.6364
escalifred,1,0.6364
apĭcula,1,0.6364
aparellar,1,0.6364
lectar,1,0.6364
desencontres,1,0.6364
reencontres,1,0.6364
lets,1,0.6364
bastar,1,0.6364
bastare,1,0.6364
bastádzō,1,0.6364
peremptòries,1,0.6364
gàdids,1,0.6364
gadus,1,0.6364
morhua,1,0.6364
dorsals,1,0.6364
anals,1,0.6364
bacallar,1,0.6364
bacalao,1,0.6364
abbatĭcŭlu,1,0.6364
abbate,1,0.6364
remullat,1,0.6364
bajpás,1,0.6364
pass,1,0.6364
passage,1,0.6364
quirúrgica,1,0.6364
anatòmic,1,0.6364
vascular,1,0.6364
obstruït,1,0.6364
circumda,1,0.6364
circumval,1,0.6364
electricistes,1,0.6364
entapissada,1,0.6364
butaques,1,0.6364
platea,1,0.6364
fustes,1,0.6364
tisora,1,0.6364
folrat,1,0.6364
putaka,1,0.6364
cunamá,1,0.6364
caribenya,1,0.6364
transmesos,1,0.6364
bussó,1,0.6364
buzón,1,0.6364
aur,1,0.6364
caixonet,1,0.6364
cepillo,1,0.6364
boiste,1,0.6364
boîte,1,0.6364
cofre,1,0.6364
botelles,1,0.6364
afonats,1,0.6364
inspeccionar,1,0.6364
búcio,1,0.6364
canilha,1,0.6364
cañadilla,1,0.6364
punxós,1,0.6364
burrada,1,0.6364
ontològica,1,0.6364
vacu,1,0.6364
frigen,1,0.6364
empolvoren,1,0.6364
bunyoler,1,0.6364
buñuelo,1,0.6364
beignet,1,0.6364
emprava,1,0.6364
escocesos,1,0.6364
transmutat,1,0.6364
aborígens,1,0.6364
boomerang,1,0.6364
mediadora,1,0.6364
wo,1,0.6364
mamprén,1,0.6364
malèvoles,1,0.6364
buffone,1,0.6364
buffo,1,0.6364
buffare,1,0.6364
buffon,1,0.6364
bufón,1,0.6364
simulaven,1,0.6364
bufons,1,0.6364
grotesques,1,0.6364
vanitosa,1,0.6364
hiperbòlica,1,0.6364
sabonosos,1,0.6364
suren,1,0.6364
bullen,1,0.6364
brevima,1,0.6364
brevis,1,0.6364
bromosos,1,0.6364
hix,1,0.6364
vermiforme,1,0.6364
valves,1,0.6364
excavar,1,0.6364
pesadesa,1,0.6364
navegaven,1,0.6364
atacades,1,0.6364
depurant,1,0.6364
gracioses,1,0.6364
percebien,1,0.6364
perquisicions,1,0.6364
vofricus,1,0.6364
vafer,1,0.6364
vofer,1,0.6364
oferisc,1,0.6364
lansquenets,1,0.6364
brindisi,1,0.6364
brinde,1,0.6364
estam,1,0.6364
brizna,1,0.6364
brinza,1,0.6364
brin,1,0.6364
cèltica,1,0.6364
breino,1,0.6364
branquilló,1,0.6364
avellutada,1,0.6364
mālum,1,0.6364
presquilla,1,0.6364
presquill,1,0.6364
prisco,1,0.6364
ambresquilla,1,0.6364
cotonus,1,0.6364
cotonosa,1,0.6364
melocotó,1,0.6364
melicotó,1,0.6364
barbărus,1,0.6364
valeroses,1,0.6364
intrèpida,1,0.6364
exclamava,1,0.6364
botsina,1,0.6364
bocina,1,0.6364
botinflat,1,0.6364
convexes,1,0.6364
abundantment,1,0.6364
galtuts,1,0.6364
botiflers,1,0.6364
vanitosament,1,0.6364
despectiva,1,0.6364
perviscut,1,0.6364
botellón,1,0.6364
camion,1,0.6364
medalló,1,0.6364
caixó,1,0.6364
qüestionem,1,0.6364
buttĭcŭla,1,0.6364
buttĭs,1,0.6364
arrelà,1,0.6364
bouteille,1,0.6364
fregalls,1,0.6364
botanicus,1,0.6364
botanikós,1,0.6364
botánē,1,0.6364
ikos,1,0.6364
inunda,1,0.6364
caragolades,1,0.6364
ornamenten,1,0.6364
supèrflues,1,0.6364
consumixen,1,0.6364
barrumballa,1,0.6364
burballa,1,0.6364
virutas,1,0.6364
bŭlla,1,0.6364
bolla,1,0.6364
billar,1,0.6364
petanca,1,0.6364
boreas,1,0.6364
boyra,1,0.6364
occupacions,1,0.6364
terratinent,1,0.6364
absentista,1,0.6364
arrendades,1,0.6364
desallotjà,1,0.6364
morosos,1,0.6364
exhortà,1,0.6364
bracers,1,0.6364
vōta,1,0.6364
nupcials,1,0.6364
canà,1,0.6364
sustentava,1,0.6364
bluff,1,0.6364
jactanciosa,1,0.6364
presumir,1,0.6364
blutúθ,1,0.6364
radiofreqüència,1,0.6364
jim,1,0.6364
kardach,1,0.6364
harald,1,0.6364
unificà,1,0.6364
unificadora,1,0.6364
traduiria,1,0.6364
bucodental,1,0.6364
rúnic,1,0.6364
blok,1,0.6364
balken,1,0.6364
utilitari,1,0.6364
pedrapiquers,1,0.6364
escultors,1,0.6364
plutòcrates,1,0.6364
blinder,1,0.6364
blenden,1,0.6364
encegar,1,0.6364
accessos,1,0.6364
acelga,1,0.6364
bette,1,0.6364
bietola,1,0.6364
nutricionals,1,0.6364
blĭta,1,0.6364
blĭtum,1,0.6364
blet,1,0.6364
bledo,1,0.6364
reblanides,1,0.6364
terses,1,0.6364
espavilada,1,0.6364
blasphemĭa,1,0.6364
blasphēmía,1,0.6364
injuriosa,1,0.6364
levític,1,0.6364
blasfemara,1,0.6364
blasfem,1,0.6364
apedregat,1,0.6364
teocràcies,1,0.6364
ofenguen,1,0.6364
pelleteria,1,0.6364
blanqueria,1,0.6364
blanqueries,1,0.6364
concentraven,1,0.6364
apoderat,1,0.6364
iridescent,1,0.6364
urraca,1,0.6364
margot,1,0.6364
avara,1,0.6364
xarroteig,1,0.6364
inconfusible,1,0.6364
piscines,1,0.6364
shorts,1,0.6364
pudorosa,1,0.6364
dissenyador,1,0.6364
réard,1,0.6364
esculls,1,0.6364
lins,1,0.6364
impudícia,1,0.6364
vestimentes,1,0.6364
immoralitat,1,0.6364
bioethics,1,0.6364
oncòleg,1,0.6364
rensselaer,1,0.6364
bios,1,0.6364
ethics,1,0.6364
ēthikós,1,0.6364
thos,1,0.6364
diversĭtas,1,0.6364
osborne,1,0.6364
wilson,1,0.6364
biodiversity,1,0.6364
descomunals,1,0.6364
cinètica,1,0.6364
kiklos,1,0.6364
kirkpatrick,1,0.6364
afegiren,1,0.6364
ette,1,0.6364
bicicletta,1,0.6364
bizicleta,1,0.6364
bibliothēca,1,0.6364
bibliothḗkē,1,0.6364
biblion,1,0.6364
thḗkē,1,0.6364
bestraure,1,0.6364
crespi,1,0.6364
florins,1,0.6364
greixets,1,0.6364
coctus,1,0.6364
endurir,1,0.6364
bescuyt,1,0.6364
biscuit,1,0.6364
tova,1,0.6364
besamà,1,0.6364
prostrar,1,0.6364
besaren,1,0.6364
retors,1,0.6364
besen,1,0.6364
estalinista,1,0.6364
hitlerià,1,0.6364
kantià,1,0.6364
freudià,1,0.6364
ausiasmarquià,1,0.6364
estellesià,1,0.6364
angoixós,1,0.6364
opressiu,1,0.6364
genial,1,0.6364
cineasta,1,0.6364
berlanga,1,0.6364
esperpèntica,1,0.6364
tragicòmic,1,0.6364
verbenàcies,1,0.6364
verbēna,1,0.6364
ritualment,1,0.6364
casaven,1,0.6364
farmàcies,1,0.6364
despedíem,1,0.6364
renovades,1,0.6364
efímeres,1,0.6364
bienvenida,1,0.6364
bienvenue,1,0.6364
béchamel,1,0.6364
escars,1,0.6364
salses,1,0.6364
abecé,1,0.6364
abecedari,1,0.6364
oles,1,0.6364
cagueroles,1,0.6364
verteroles,1,0.6364
abeceroles,1,0.6364
ballarugues,1,0.6364
chiulets,1,0.6364
juguetes,1,0.6364
baceroletes,1,0.6364
fluxes,1,0.6364
chichs,1,0.6364
minyons,1,0.6364
becah,1,0.6364
plors,1,0.6364
eufracieta,1,0.6364
gimo,1,0.6364
batestau,1,0.6364
renyina,1,0.6364
ist,1,0.6364
batterie,1,0.6364
battre,1,0.6364
tambors,1,0.6364
platerets,1,0.6364
battuaculum,1,0.6364
battuere,1,0.6364
miqualet,1,0.6364
porian,1,0.6364
batalls,1,0.6364
borregos,1,0.6364
grunyen,1,0.6364
bacona,1,0.6364
concavitats,1,0.6364
acumulava,1,0.6364
básquete,1,0.6364
baschet,1,0.6364
pallacanestro,1,0.6364
flamerades,1,0.6364
pansia,1,0.6364
basilís,1,0.6364
resuscità,1,0.6364
contraposar,1,0.6364
vivificant,1,0.6364
basilískos,1,0.6364
reietó,1,0.6364
basiliscos,1,0.6364
basilikós,1,0.6364
regi,1,0.6364
basileús,1,0.6364
basilica,1,0.6364
articulada,1,0.6364
sufocant,1,0.6364
refredar,1,0.6364
transpiració,1,0.6364
evaporar,1,0.6364
waska,1,0.6364
wask,1,0.6364
gwask,1,0.6364
barricade,1,0.6364
barrique,1,0.6364
amotinament,1,0.6364
entaulades,1,0.6364
exportàrem,1,0.6364
lliteres,1,0.6364
taquilles,1,0.6364
prefabricat,1,0.6364
barracks,1,0.6364
baracke,1,0.6364
palets,1,0.6364
travessats,1,0.6364
barbacue,1,0.6364
solaç,1,0.6364
barre,1,0.6364
bambolles,1,0.6364
isa,1,0.6364
tròlec,1,0.6364
catúfols,1,0.6364
bimbolla,1,0.6364
bŭlbŭlla,1,0.6364
bullire,1,0.6364
bullir,1,0.6364
sentenciava,1,0.6364
apreta,1,0.6364
bamba,1,0.6364
bambant,1,0.6364
transcórrega,1,0.6364
abstret,1,0.6364
balustrada,1,0.6364
balcone,1,0.6364
longobard,1,0.6364
balko,1,0.6364
sembori,1,0.6364
oleander,1,0.6364
lanceolada,1,0.6364
toxina,1,0.6364
corimbes,1,0.6364
purpúries,1,0.6364
nereus,1,0.6364
veratrum,1,0.6364
bassiare,1,0.6364
bassus,1,0.6364
hauré,1,0.6364
baína,1,0.6364
bahina,1,0.6364
faves,1,0.6364
pésols,1,0.6364
mandíbules,1,0.6364
facials,1,0.6364
badallar,1,0.6364
espasmòdic,1,0.6364
circula,1,0.6364
buconasal,1,0.6364
batacŭlum,1,0.6364
interferida,1,0.6364
bada,1,0.6364
entreoberta,1,0.6364
esperitat,1,0.6364
poquíssimes,1,0.6364
teorització,1,0.6364
terminologies,1,0.6364
dɔ,1,0.6364
sét,1,0.6364
séw,1,0.6364
sɔ,1,0.6364
pluriforme,1,0.6364
troica,1,0.6364
pów,1,0.6364
infós,1,0.6364
absolutisme,1,0.6364
apsolutízme,1,0.6364
agricultor,1,0.6364
aɣɾikultóɾ,1,0.6364
ontrast,1,0.6364
albeɾʤína,1,0.6364
albaɾʤína,1,0.6364
klevíʎ,1,0.6364
klavíʎ,1,0.6364
ʎensɔ,1,0.6364
ʎansɔ,1,0.6364
kɾejʃemént,1,0.6364
kɾejʃimént,1,0.6364
amóto,1,0.6364
aráðio,1,0.6364
avéspa,1,0.6364
sevíl,1,0.6364
veʤiláɾ,1,0.6364
vezíta,1,0.6364
ɾia,1,0.6364
ɾja,1,0.6364
gɾásia,1,0.6364
gɾásja,1,0.6364
kontínuament,1,0.6364
kontínwament,1,0.6364
constricció,1,0.6364
menʤáða,1,0.6364
veɣáða,1,0.6364
mokaðóɾ,1,0.6364
ʎawɾaðóɾ,1,0.6364
oβɛ,1,0.6364
reβɔ,1,0.6364
askɾípsió,1,0.6364
psalm,1,0.6364
sálm,1,0.6364
ld,1,0.6364
rúm,1,0.6364
fɔ,1,0.6364
pɾofún,1,0.6364
mól,1,0.6364
eɾál,1,0.6364
naál,1,0.6364
nɛ,1,0.6364
ɾvit,1,0.6364
pɾɛ,1,0.6364
bíwɾe,1,0.6364
βa,1,0.6364
paɾláes,1,0.6364
paɾláem,1,0.6364
analizáɾ,1,0.6364
lokalizasió,1,0.6364
oɾɣanizaðóɾ,1,0.6364
sáɾ,1,0.6364
saɾísta,1,0.6364
gɾandéza,1,0.6364
gɾandéa,1,0.6364
rikéza,1,0.6364
rikéa,1,0.6364
veʎéza,1,0.6364
veʎéa,1,0.6364
eksámen,1,0.6364
eksákte,1,0.6364
eksɔ,1,0.6364
tik,1,0.6364
komizió,1,0.6364
dódʤe,1,0.6364
tɾédʤe,1,0.6364
ʤeɾmá,1,0.6364
ʤoɣét,1,0.6364
viáʤe,1,0.6364
pláʤa,1,0.6364
jó,1,0.6364
ejʃ,1,0.6364
mple,1,0.6364
ɾsit,1,0.6364
eʤ,1,0.6364
nozátɾes,1,0.6364
vozátɾes,1,0.6364
jóp,1,0.6364
fája,1,0.6364
ʎektúra,1,0.6364
ʎiŋgwístika,1,0.6364
ʎínia,1,0.6364
ʎiteɾatúɾa,1,0.6364
ʎuksúɾia,1,0.6364
kantá,1,0.6364
pozá,1,0.6364
tɾebaʎá,1,0.6364
mìʤɔ,1,0.6364
kìnɔ,1,0.6364
ònzáɲs,1,0.6364
ùnaskála,1,0.6364
epílek,1,0.6364
bɾɔ,1,0.6364
fek,1,0.6364
aɾmát,1,0.6364
arsènic,1,0.6364
ásit,1,0.6364
aɾsɛ,1,0.6364
ált,1,0.6364
sikɔ,1,0.6364
lek,1,0.6364
iɱfantíl,1,0.6364
ámple,1,0.6364
sosiál,1,0.6364
tɾaðisionál,1,0.6364
polár,1,0.6364
klɔ,1,0.6364
fóndo,1,0.6364
katálek,1,0.6364
komplét,1,0.6364
plé,1,0.6364
klúb,1,0.6364
damíks,1,0.6364
pɾínseb,1,0.6364
fɾéd,1,0.6364
blád,1,0.6364
bóɾt,1,0.6364
aɾʧipɛ,1,0.6364
baleáɾ,1,0.6364
ság,1,0.6364
bláŋk,1,0.6364
kwànés,1,0.6364
sanantɔ,1,0.6364
vìnɔ,1,0.6364
mens,1,0.6364
plóma,1,0.6364
tɾeŋkát,1,0.6364
kɾú,1,0.6364
pálit,1,0.6364
tɾeŋkáts,1,0.6364
taŋkát,1,0.6364
atɔ,1,0.6364
mik,1,0.6364
eskɛ,1,0.6364
fóɾn,1,0.6364
móska,1,0.6364
dɾét,1,0.6364
somía,1,0.6364
estalvíen,1,0.6364
kaɱvía,1,0.6364
estuðíes,1,0.6364
renunsíen,1,0.6364
aðɛ,1,0.6364
kwa,1,0.6364
líkwes,1,0.6364
deskúen,1,0.6364
evakúa,1,0.6364
mís,1,0.6364
rit,1,0.6364
jus,1,0.6364
triftong,1,0.6364
ieu,1,0.6364
kantisme,1,0.6364
psicosomàtic,1,0.6364
termal,1,0.6364
bram,1,0.6364
setmesí,1,0.6364
escarapel,1,0.6364
fònics,1,0.6364
concórrer,1,0.6364
òdena,1,0.6364
amén,1,0.6364
cèntim,1,0.6364
crèdul,1,0.6364
filatèlia,1,0.6364
hèrnia,1,0.6364
tènia,1,0.6364
vènia,1,0.6364
neurastènia,1,0.6364
clemència,1,0.6364
perpètua,1,0.6364
èter,1,0.6364
cortès,1,0.6364
estrès,1,0.6364
espès,1,0.6364
alè,1,0.6364
obscè,1,0.6364
serè,1,0.6364
cabriolé,1,0.6364
consomé,1,0.6364
macramé,1,0.6364
peroné,1,0.6364
ximpanzé,1,0.6364
ofèn,1,0.6364
amèn,1,0.6364
edèn,1,0.6364
èixer,1,0.6364
èncer,1,0.6364
ènyer,1,0.6364
atènyer,1,0.6364
estrènyer,1,0.6364
crèiem,1,0.6364
crèieu,1,0.6364
sègol,1,0.6364
ceèrcol,1,0.6364
grèvol,1,0.6364
agraíem,1,0.6364
agraïen,1,0.6364
ateisme,1,0.6364
ateneiste,1,0.6364
agrairé,1,0.6364
beneint,1,0.6364
beneiré,1,0.6364
beneiria,1,0.6364
oint,1,0.6364
oiré,1,0.6364
oiria,1,0.6364
lluir,1,0.6364
lluint,1,0.6364
lluiré,1,0.6364
lluieria,1,0.6364
aquàrium,1,0.6364
mèdium,1,0.6364
biunívoc,1,0.6364
coiencidència,1,0.6364
contraindicació,1,0.6364
microinformàtica,1,0.6364
uné,1,0.6364
pied,1,0.6364
noir,1,0.6364
compre,1,0.6364
corònims,1,0.6364
bastarda,1,0.6364
geogr,1,0.6364
volades,1,0.6364
lletrejant,1,0.6364
enllaçades,1,0.6364
optarà,1,0.6364
quantificant,1,0.6364
explicite,1,0.6364
adjunts,1,0.6364
castellers,1,0.6364
atributiva,1,0.6364
anireu,1,0.6364
caràcte,1,0.6364
exhortatives,1,0.6364
identifique,1,0.6364
focalització,1,0.6364
tonalment,1,0.6364
rematitzacions,1,0.6364
doblament,1,0.6364
elidits,1,0.6364
duguen,1,0.6364
subclassificar,1,0.6364
aïllables,1,0.6364
concurrent,1,0.6364
pentagrama,1,0.6364
pelvis,1,0.6364
retroben,1,0.6364
embut,1,0.6364
venedora,1,0.6364
designe,1,0.6364
formiga,1,0.6364
doblen,1,0.6364
banquer,1,0.6364
fotògrafa,1,0.6364
missatgera,1,0.6364
indivisiblement,1,0.6364
paperes,1,0.6364
annals,1,0.6364
tifus,1,0.6364
recategoritzat,1,0.6364
pluralitzador,1,0.6364
presumiblement,1,0.6364
graduables,1,0.6364
antepose,1,0.6364
pospose,1,0.6364
encertades,1,0.6364
classificadors,1,0.6364
bovina,1,0.6364
xilens,1,0.6364
asma,1,0.6364
bixestes,1,0.6364
erior,1,0.6364
miop,1,0.6364
púber,1,0.6364
triangles,1,0.6364
classsificació,1,0.6364
pagaré,1,0.6364
ungla,1,0.6364
assagadors,1,0.6364
minyana,1,0.6364
satorre,1,0.6364
solivella,1,0.6364
xicons,1,0.6364
meca,1,0.6364
puigcampana,1,0.6364
rebalsador,1,0.6364
hug,1,0.6364
reemplaçables,1,0.6364
aqu,1,0.6364
ivɛ,1,0.6364
ɾn,1,0.6364
amík,1,0.6364
téw,1,0.6364
espáj,1,0.6364
catafòrica,1,0.6364
lèxicament,1,0.6364
prepositives,1,0.6364
fossilitzades,1,0.6364
½,1,0.6364
milenar,1,0.6364
predeterminant,1,0.6364
acudí,1,0.6364
distributiu,1,0.6364
ninguns,1,0.6364
ningunes,1,0.6364
coaparéixer,1,0.6364
encanvi,1,0.6364
animades,1,0.6364
clítics,1,0.6364
eus,1,0.6364
pensàveu,1,0.6364
podíeu,1,0.6364
ternàries,1,0.6364
enclític,1,0.6364
correferència,1,0.6364
pronominalitzen,1,0.6364
pleonàsticament,1,0.6364
inflexions,1,0.6364
simplifica,1,0.6364
seguisquen,1,0.6364
incivilitzades,1,0.6364
expletiva,1,0.6364
subclasses,1,0.6364
assercions,1,0.6364
encobertes,1,0.6364
actitudinals,1,0.6364
declarativa,1,0.6364
plovent,1,0.6364
focalitzadors,1,0.6364
aconseguirà,1,0.6364
habilitades,1,0.6364
gramaticalitzades,1,0.6364
agentiu,1,0.6364
relacionals,1,0.6364
elidien,1,0.6364
prototípic,1,0.6364
especificatiu,1,0.6364
denominatiu,1,0.6364
coexistència,1,0.6364
rodejant,1,0.6364
fluixet,1,0.6364
soletes,1,0.6364
propet,1,0.6364
avaluatius,1,0.6364
intercalen,1,0.6364
meticulós,1,0.6364
puntualitzacions,1,0.6364
desdibuixat,1,0.6364
clarejar,1,0.6364
visualitzen,1,0.6364
atemporal,1,0.6364
simultànies,1,0.6364
descartades,1,0.6364
ocorregudes,1,0.6364
exemplificats,1,0.6364
equivaldrien,1,0.6364
perfectiva,1,0.6364
tardíssim,1,0.6364
dinars,1,0.6364
conjugades,1,0.6364
perfectives,1,0.6364
imperfectives,1,0.6364
polimorfisme,1,0.6364
bato,1,0.6364
sento,1,0.6364
servixo,1,0.6364
serveixo,1,0.6364
haguesses,1,0.6364
haguéssem,1,0.6364
haguésseu,1,0.6364
servixc,1,0.6364
servixca,1,0.6364
servixques,1,0.6364
servixquen,1,0.6364
naixc,1,0.6364
creixca,1,0.6364
ixquera,1,0.6364
vixcut,1,0.6364
fusionat,1,0.6364
nasc,1,0.6364
nasca,1,0.6364
cresc,1,0.6364
cresca,1,0.6364
batam,1,0.6364
batau,1,0.6364
sentam,1,0.6364
sentau,1,0.6364
batem,1,0.6364
bateu,1,0.6364
sentiu,1,0.6364
finança,1,0.6364
financem,1,0.6364
financeu,1,0.6364
pengem,1,0.6364
pengeu,1,0.6364
jutgem,1,0.6364
jutgeu,1,0.6364
trenquem,1,0.6364
trenqueu,1,0.6364
moldré,1,0.6364
moldria,1,0.6364
mols,1,0.6364
molem,1,0.6364
molia,1,0.6364
cosia,1,0.6364
cuses,1,0.6364
fregir,1,0.6364
fregim,1,0.6364
tiny,1,0.6364
tenyim,1,0.6364
tix,1,0.6364
bollim,1,0.6364
collim,1,0.6364
cosim,1,0.6364
engul,1,0.6364
engolim,1,0.6364
escup,1,0.6364
escopim,1,0.6364
rostir,1,0.6364
rust,1,0.6364
rostim,1,0.6364
sortim,1,0.6364
tossim,1,0.6364
desglossen,1,0.6364
òmplic,1,0.6364
òmpligues,1,0.6364
òmpliguen,1,0.6364
squ,1,0.6364
pàixer,1,0.6364
baties,1,0.6364
dormies,1,0.6364
caiem,1,0.6364
caieu,1,0.6364
caem,1,0.6364
caeu,1,0.6364
sigmàtic,1,0.6364
ndre,1,0.6364
empés,1,0.6364
espényer,1,0.6364
ldre,1,0.6364
absolt,1,0.6364
doldre,1,0.6364
olgut,1,0.6364
dolgut,1,0.6364
reproduirà,1,0.6364
afegisses,1,0.6364
afegíssem,1,0.6364
afegísseu,1,0.6364
afegissen,1,0.6364
anesses,1,0.6364
anéssem,1,0.6364
anésseu,1,0.6364
anessen,1,0.6364
apareguesses,1,0.6364
apareguéssem,1,0.6364
apareguésseu,1,0.6364
apareguessen,1,0.6364
conat,1,0.6364
cr,1,0.6364
delimite,1,0.6364
intransitives,1,0.6364
esdevenimentals,1,0.6364
complementacions,1,0.6364
exemplificades,1,0.6364
dibuixat,1,0.6364
dativa,1,0.6364
bronquitis,1,0.6364
psicològics,1,0.6364
experimentador,1,0.6364
equivaldre,1,0.6364
dessemantitzats,1,0.6364
continuatiu,1,0.6364
jatsia,1,0.6364
subordinen,1,0.6364
disjuntiu,1,0.6364
subordinant,1,0.6364
optatiu,1,0.6364
desdenyar,1,0.6364
ponderatiu,1,0.6364
continuatives,1,0.6364
lelística,1,0.6364
antiimperialisme,1,0.6364
cognoscitiva,1,0.6364
distribucionals,1,0.6364
mént,1,0.6364
ál,1,0.6364
lleteria,1,0.6364
làctic,1,0.6364
lleteta,1,0.6364
lletera,1,0.6364
lletós,1,0.6364
lact,1,0.6364
lacti,1,0.6364
lactosa,1,0.6364
lactant,1,0.6364
lomorfia,1,0.6364
lomorfs,1,0.6364
ensordixen,1,0.6364
sotmeten,1,0.6364
submarinista,1,0.6364
itz,1,0.6364
preexistir,1,0.6364
freqüentatius,1,0.6364
justificables,1,0.6364
tetera,1,0.6364
contrabandista,1,0.6364
pitram,1,0.6364
cafenet,1,0.6364
sofanet,1,0.6364
abreujar,1,0.6364
intolerant,1,0.6364
illegible,1,0.6364
esquematitzar,1,0.6364
promptitud,1,0.6364
llunyedat,1,0.6364
parafrasegen,1,0.6364
èsim,1,0.6364
èsima,1,0.6364
centèsima,1,0.6364
valoratiu,1,0.6364
despectius,1,0.6364
portella,1,0.6364
íssim,1,0.6364
íssima,1,0.6364
boníssim,1,0.6364
líssim,1,0.6364
líssima,1,0.6364
astra,1,0.6364
politicastre,1,0.6364
politicastra,1,0.6364
medicastre,1,0.6364
medicastra,1,0.6364
categorials,1,0.6364
recategoritzadors,1,0.6364
parasíntesi,1,0.6364
coaparició,1,0.6364
empolsegar,1,0.6364
eg,1,0.6364
parasintètica,1,0.6364
derivatiu,1,0.6364
pesc,1,0.6364
perquès,1,0.6364
peròs,1,0.6364
microsintaxi,1,0.6364
endocèntric,1,0.6364
prear,1,0.6364
parafrasejable,1,0.6364
mitjalluna,1,0.6364
aiguaneu,1,0.6364
juxtaposats,1,0.6364
puericultura,1,0.6364
esquematitzades,1,0.6364
vaivé,1,0.6364
vn,1,0.6364
cobricel,1,0.6364
incomptable,1,0.6364
baixamar,1,0.6364
maldecap,1,0.6364
sordmut,1,0.6364
camallarg,1,0.6364
noucasat,1,0.6364
hidroavió,1,0.6364
baro,1,0.6364
biòloga,1,0.6364
electromotor,1,0.6364
sintagmàtica,1,0.6364
additiva,1,0.6364
magistrades,1,0.6364
jutgesses,1,0.6364
artmodern,1,0.6364
gràmatica,1,0.6364
inspiraven,1,0.6364
aprofundien,1,0.6364
prescriptivament,1,0.6364
orientara,1,0.6364
idònies,1,0.6364
orientativa,1,0.6364
suplisquen,1,0.6364
convencionalismes,1,0.6364
diatòpic,1,0.6364
parteixis,1,0.6364
vinguéssim,1,0.6364
ormes,1,0.6364
donarem,1,0.6364
histèric,1,0.6364
pisciforme,1,0.6364
fibroadenoma,1,0.6364
moca,1,0.6364
fofa,1,0.6364
redola,1,0.6364
revola,1,0.6364
absoldre,1,0.6364
desimbolt,1,0.6364
solt,1,0.6364
ondre,1,0.6364
poɾtáɾo,1,0.6364
diénto,1,0.6364
dueu,1,0.6364
duéwo,1,0.6364
liwpɔ,1,0.6364
ɾtaw,1,0.6364
wadmét,1,0.6364
ewpɔ,1,0.6364
upɔ,1,0.6364
mewpɔ,1,0.6364
mupɔ,1,0.6364
elzewpɔ,1,0.6364
elzupɔ,1,0.6364
ɾtamew,1,0.6364
ɾtalozew,1,0.6364
ʤeɣánt,1,0.6364
krejʃemént,1,0.6364
krejʃimént,1,0.6364
cie,1,0.6364
wít,1,0.6364
güi,1,0.6364
qüi,1,0.6364
aqüífer,1,0.6364
askɾipsió,1,0.6364
sewðɔ,1,0.6364
nim,1,0.6364
eks,1,0.6364
comizió,1,0.6364
dóʤe,1,0.6364
tɾéʤe,1,0.6364
séʤe,1,0.6364
allántik,1,0.6364
álles,1,0.6364
alléta,1,0.6364
ɾs,1,0.6364
kiɾdáɾ,1,0.6364
arímmia,1,0.6364
alɣoɾímme,1,0.6364
nnia,1,0.6364
viennamíta,1,0.6364
unájɣwa,1,0.6364
ʧikét,1,0.6364
éntɾels,1,0.6364
karéɾs,1,0.6364
oblides,1,0.6364
nóblíðes,1,0.6364
unaskála,1,0.6364
miʤɔ,1,0.6364
kinɔ,1,0.6364
onzáɲs,1,0.6364
estɔ,1,0.6364
ejʃábɾe,1,0.6364
somie,1,0.6364
efa,1,0.6364
ema,1,0.6364
geminades,1,0.6364
pentasíl,1,0.6364
relaxadament,1,0.6364
ebenista,1,0.6364
efeminat,1,0.6364
enyorar,1,0.6364
vernís,1,0.6364
avaria,1,0.6364
rancor,1,0.6364
sanefa,1,0.6364
polir,1,0.6364
sufocar,1,0.6364
aquós,1,0.6364
aràcnid,1,0.6364
dracma,1,0.6364
buldog,1,0.6364
tuareg,1,0.6364
pròdig,1,0.6364
prodigar,1,0.6364
espàrrec,1,0.6364
harakiri,1,0.6364
quark,1,0.6364
hexaedre,1,0.6364
serpentí,1,0.6364
arabesc,1,0.6364
pòlip,1,0.6364
polipoide,1,0.6364
ensordir,1,0.6364
pontet,1,0.6364
aridesa,1,0.6364
pigues,1,0.6364
penjador,1,0.6364
ecc,1,0.6364
ect,1,0.6364
cartutx,1,0.6364
cartutxera,1,0.6364
bronze,1,0.6364
protozou,1,0.6364
buldòzer,1,0.6364
brunz,1,0.6364
brunzir,1,0.6364
declamacions,1,0.6364
guatlla,1,0.6364
enfangar,1,0.6364
circumveí,1,0.6364
triumvir,1,0.6364
hegelià,1,0.6364
movible,1,0.6364
epopeia,1,0.6364
desmai,1,0.6364
hawaià,1,0.6364
kiwi,1,0.6364
mengeu,1,0.6364
parlareu,1,0.6364
gúa,1,0.6364
ingúix,1,0.6364
fényer,1,0.6364
benèfic,1,0.6364
hèlix,1,0.6364
fèretre,1,0.6364
avariciós,1,0.6364
córner,1,0.6364
furóncol,1,0.6364
acòlit,1,0.6364
lluïsme,1,0.6364
proïsme,1,0.6364
intercalada,1,0.6364
reüll,1,0.6364
rizotòniques,1,0.6364
semifinal,1,0.6364
homòfones,1,0.6364
tripulació,1,0.6364
aràbigues,1,0.6364
homògrafa,1,0.6364
apostrofat,1,0.6364
emmental,1,0.6364
moscada,1,0.6364
aguante,1,0.6364
papaies,1,0.6364
litxis,1,0.6364
mangos,1,0.6364
rambutans,1,0.6364
tamarindes,1,0.6364
cumquats,1,0.6364
maracujàs,1,0.6364
muhammad,1,0.6364
orgue,1,0.6364
respectà,1,0.6364
capets,1,0.6364
talia,1,0.6364
serafins,1,0.6364
cancellera,1,0.6364
merkel,1,0.6364
varoic,1,0.6364
campolivar,1,0.6364
xita,1,0.6364
cicer,1,0.6364
arietinum,1,0.6364
jeep,1,0.6364
abreujades,1,0.6364
hidrogràfica,1,0.6364
hurdes,1,0.6364
xlii,1,0.6364
ortotipografia,1,0.6364
referenciades,1,0.6364
pauses,1,0.6364
inflamatòries,1,0.6364
tabaquisme,1,0.6364
pathfinder,1,0.6364
úlia,1,0.6364
koreðó,1,0.6364
οὖς,1,0.6364
ítiς,1,0.6364
asteriscos,1,0.6364
flaire,1,0.6364
biològic,1,0.6364
estria,1,0.6364
incisiva,1,0.6364
governanta,1,0.6364
infanta,1,0.6364
diputades,1,0.6364
substantivades,1,0.6364
telefax,1,0.6364
trénor,1,0.6364
tudor,1,0.6364
desglossa,1,0.6364
inc,1,0.6364
tja,1,0.6364
tges,1,0.6364
circumspecció,1,0.6364
bruses,1,0.6364
tenebrosos,1,0.6364
afligit,1,0.6364
perillosa,1,0.6364
substantivador,1,0.6364
castellanitzants,1,0.6364
substantivadora,1,0.6364
reemplaçades,1,0.6364
introduiran,1,0.6364
esperàvem,1,0.6364
contaré,1,0.6364
confiscats,1,0.6364
meves,1,0.6364
teves,1,0.6364
maleducats,1,0.6364
preneu,1,0.6364
ensaïmades,1,0.6364
presentares,1,0.6364
telefonat,1,0.6364
costava,1,0.6364
llibreta,1,0.6364
motocicletes,1,0.6364
menjadora,1,0.6364
quanfuncionen,1,0.6364
prepositiu,1,0.6364
almanco,1,0.6364
reguitzell,1,0.6364
munió,1,0.6364
entaular,1,0.6364
aconsellaren,1,0.6364
aprofitaren,1,0.6364
generalitzador,1,0.6364
baixaven,1,0.6364
reunim,1,0.6364
intervingueren,1,0.6364
eradicació,1,0.6364
monopolístiques,1,0.6364
escoltes,1,0.6364
preocupes,1,0.6364
recordà,1,0.6364
estilogràfiques,1,0.6364
barallaven,1,0.6364
truites,1,0.6364
gasolina,1,0.6364
confien,1,0.6364
aniràs,1,0.6364
emportem,1,0.6364
dutxa,1,0.6364
badallant,1,0.6364
pogudes,1,0.6364
agradant,1,0.6364
regalares,1,0.6364
sentira,1,0.6364
aparque,1,0.6364
parlàveu,1,0.6364
vindreu,1,0.6364
muntaren,1,0.6364
aposicions,1,0.6364
viviu,1,0.6364
dignat,1,0.6364
dignar,1,0.6364
acampen,1,0.6364
sancionats,1,0.6364
rematador,1,0.6364
dont,1,0.6364
whose,1,0.6364
penediran,1,0.6364
admiraven,1,0.6364
farsant,1,0.6364
preferisques,1,0.6364
sàpies,1,0.6364
fumen,1,0.6364
inquirir,1,0.6364
desastrat,1,0.6364
mateta,1,0.6364
enllaçat,1,0.6364
sabuda,1,0.6364
cubans,1,0.6364
detallarà,1,0.6364
carregues,1,0.6364
descansaré,1,0.6364
distributivament,1,0.6364
perseguien,1,0.6364
perdoneu,1,0.6364
espaguetis,1,0.6364
calaixos,1,0.6364
gambes,1,0.6364
llentilles,1,0.6364
brutus,1,0.6364
cassi,1,0.6364
rebalsadors,1,0.6364
llentiscle,1,0.6364
contestador,1,0.6364
louise,1,0.6364
ciccone,1,0.6364
madonna,1,0.6364
punys,1,0.6364
recolzava,1,0.6364
comandes,1,0.6364
importador,1,0.6364
aconsellat,1,0.6364
rangs,1,0.6364
pararà,1,0.6364
desconeixien,1,0.6364
advertències,1,0.6364
finançaran,1,0.6364
cobrament,1,0.6364
dissolvents,1,0.6364
quedarem,1,0.6364
idil,1,0.6364
sotstinent,1,0.6364
descansant,1,0.6364
calories,1,0.6364
encaminar,1,0.6364
inflexible,1,0.6364
subordinats,1,0.6364
devés,1,0.6364
navegàvem,1,0.6364
acampats,1,0.6364
comenten,1,0.6364
demandant,1,0.6364
acústica,1,0.6364
sacrificant,1,0.6364
creixia,1,0.6364
beurem,1,0.6364
asseguts,1,0.6364
avioneta,1,0.6364
pantans,1,0.6364
efectuaran,1,0.6364
supeditada,1,0.6364
reconsiderares,1,0.6364
elidixen,1,0.6364
desincentivar,1,0.6364
correlacions,1,0.6364
jubile,1,0.6364
copiós,1,0.6364
frugalment,1,0.6364
fatal,1,0.6364
trencaràs,1,0.6364
consagrades,1,0.6364
acuradament,1,0.6364
palpa,1,0.6364
palp,1,0.6364
hurtes,1,0.6364
llanterna,1,0.6364
avanceu,1,0.6364
envasar,1,0.6364
desglossadament,1,0.6364
diluviar,1,0.6364
treballàvem,1,0.6364
dòmino,1,0.6364
increïblement,1,0.6364
irrepetible,1,0.6364
hauràs,1,0.6364
pretenguen,1,0.6364
temia,1,0.6364
atacaren,1,0.6364
desànim,1,0.6364
asseveratives,1,0.6364
perfets,1,0.6364
ingressiu,1,0.6364
parà,1,0.6364
sopant,1,0.6364
comuniqueu,1,0.6364
assistisques,1,0.6364
resolutiu,1,0.6364
llogat,1,0.6364
escurava,1,0.6364
necessitareu,1,0.6364
reiteratiu,1,0.6364
companatge,1,0.6364
preferixes,1,0.6364
confidencialment,1,0.6364
xarrat,1,0.6364
completiu,1,0.6364
penedit,1,0.6364
perdonat,1,0.6364
perdonarà,1,0.6364
prometes,1,0.6364
carnet,1,0.6364
maten,1,0.6364
impulsiva,1,0.6364
insistisques,1,0.6364
ensenyaré,1,0.6364
bacteriològiques,1,0.6364
parpellejar,1,0.6364
liri,1,0.6364
distribuïsca,1,0.6364
prepares,1,0.6364
convocarem,1,0.6364
canviaren,1,0.6364
saluden,1,0.6364
carall,1,0.6364
vixca,1,0.6364
entusiasmats,1,0.6364
collins,1,0.6364
repalleta,1,0.6364
córregues,1,0.6364
uh,1,0.6364
uah,1,0.6364
bah,1,0.6364
sabies,1,0.6364
acabareu,1,0.6364
pse,1,0.6364
escurat,1,0.6364
xit,1,0.6364
gravem,1,0.6364
fuig,1,0.6364
acabeu,1,0.6364
seguiu,1,0.6364
arruix,1,0.6364
perdone,1,0.6364
quedaré,1,0.6364
comprens,1,0.6364
refutació,1,0.6364
amaxofòbia,1,0.6364
extralingüística,1,0.6364
oques,1,0.6364
quiquiriquic,1,0.6364
glup,1,0.6364
histèrica,1,0.6364
tris,1,0.6364
esternudar,1,0.6364
lèrgia,1,0.6364
bum,1,0.6364
interruptor,1,0.6364
ding,1,0.6364
dong,1,0.6364
rac,1,0.6364
fricciona,1,0.6364
ring,1,0.6364
cric,1,0.6364
pif,1,0.6364
nyac,1,0.6364
incrusta,1,0.6364
patapam,1,0.6364
pataplaf,1,0.6364
pim,1,0.6364
plof,1,0.6364
zas,1,0.6364
tararà,1,0.6364
tururut,1,0.6364
clarí,1,0.6364
deutora,1,0.6364
sarraí,1,0.6364
redacteu,1,0.6364
socs,1,0.6364
subsòl,1,0.6364
esferoïdal,1,0.6364
heroïcitat,1,0.6364
barrim,1,0.6364
barram,1,0.6364
coixim,1,0.6364
coixam,1,0.6364
kyoto,1,0.6364
politicoeconòmic,1,0.6364
francoalemany,1,0.6364
historicogeogràfic,1,0.6364
hispanoamericà,1,0.6364
democraticosocial,1,0.6364
araboisraelià,1,0.6364
referixes,1,0.6364
comissàries,1,0.6364
palamós,1,0.6364
regentar,1,0.6364
localitzats,1,0.6364
monforta,1,0.6364
mey,1,0.6364
regentat,1,0.6364
jerònima,1,0.6364
galés,1,0.6364
rosas,1,0.6364
dominiques,1,0.6364
trincares,1,0.6364
confessional,1,0.6364
arrela,1,0.6364
repetisc,1,0.6364
continuaré,1,0.6364
colon,1,0.6364
natalícia,1,0.6364
alberedetes,1,0.6364
alameditas,1,0.6364
batlia,1,0.6364
bailía,1,0.6364
antiaeri,1,0.6364
bombardejada,1,0.6364
lara,1,0.6364
ixent,1,0.6364
bronchú,1,0.6364
mònica,1,0.6364
batet,1,0.6364
boada,1,0.6364
armentera,1,0.6364
isern,1,0.6364
ordeig,1,0.6364
olesti,1,0.6364
veciana,1,0.6364
cloquells,1,0.6364
tudurí,1,0.6364
coya,1,0.6364
santandreu,1,0.6364
llauger,1,0.6364
pietrelli,1,0.6364
candelara,1,0.6364
alaior,1,0.6364
santanyí,1,0.6364
geltrú,1,0.6364
georeferenciat,1,0.6364
goereferenciats,1,0.6364
ògan,1,0.6364
geolocalitzada,1,0.6364
etnografia,1,0.6364
xxix,1,0.6364
contraplanificació,1,0.6364
simultanis,1,0.6364
influenciadors,1,0.6364
trull,1,0.6364
guzman,1,0.6364
micropolítiques,1,0.6364
sanginés,1,0.6364
vespreig,1,0.6364
djs,1,0.6364
crescendo,1,0.6364
ferrándiz,1,0.6364
depositats,1,0.6364
valĕntĭa,1,0.6364
metodològicament,1,0.6364
invàlids,1,0.6364
defesa,1,0.6364
institucionalment,1,0.6364
valěntǐa,1,0.6364
insistisca,1,0.6364
realcen,1,0.6364
rondarà,1,0.6364
ranch,1,0.6364
ferreres,1,0.6364
sanchiz,1,0.6364
sinceritat,1,0.6364
ossendowski,1,0.6364
riadas,1,0.6364
avançament,1,0.6364
quartaedició,1,0.6364
coorganitzar,1,0.6364
vocacions,1,0.6364
edil,1,0.6364
classifique,1,0.6364
vallers,1,0.6364
implemente,1,0.6364
lecxit,1,0.6364
montcabrer,1,0.6364
valencianitzant,1,0.6364
encoratja,1,0.6364
fangs,1,0.6364
afegiria,1,0.6364
concatenació,1,0.6364
arbitràries,1,0.6364
inoperativa,1,0.6364
deslegitimadors,1,0.6364
criticat,1,0.6364
entrebancant,1,0.6364
retallen,1,0.6364
terraplanisme,1,0.6364
conflictivitzar,1,0.6364
reafirmem,1,0.6364
albat,1,0.6364
estrenats,1,0.6364
móner,1,0.6364
arrúe,1,0.6364
ponènciesi,1,0.6364
matinal,1,0.6364
èlia,1,0.6364
daràs,1,0.6364
malparlat,1,0.6364
bibiana,1,0.6364
emiconvivència,1,0.6364
benyeto,1,0.6364
felicitada,1,0.6364
georgina,1,0.6364
sabers,1,0.6364
inoperatiu,1,0.6364
estrangular,1,0.6364
encomanen,1,0.6364
pactades,1,0.6364
subvencione,1,0.6364
eusebio,1,0.6364
divertixen,1,0.6364
visualitzaran,1,0.6364
innovaria,1,0.6364
contextualitzar,1,0.6364
arxivadors,1,0.6364
mariano,1,0.6364
fraind,1,0.6364
agraïments,1,0.6364
estudiarem,1,0.6364
salivares,1,0.6364
laboradores,1,0.6364
etimologies,1,0.6364
conclourà,1,0.6364
destacarà,1,0.6364
raonarà,1,0.6364
vistent,1,0.6364
mallorquinitzat,1,0.6364
boro,1,0.6364
puromoro,1,0.6364
divertits,1,0.6364
ensenyem,1,0.6364
infravalorat,1,0.6364
calmada,1,0.6364
mcdiego,1,0.6364
reproduccions,1,0.6364
vinyeta,1,0.6364
començaran,1,0.6364
alegra,1,0.6364
coneixences,1,0.6364
desvalguts,1,0.6364
revalua,1,0.6364
ibarsians,1,0.6364
biobibliogràfiques,1,0.6364
visitada,1,0.6364
calidoscòpica,1,0.6364
reivindicades,1,0.6364
maltractades,1,0.6364
vitrina,1,0.6364
descobrirà,1,0.6364
gayarre,1,0.6364
escaldà,1,0.6364
saby,1,0.6364
projectarà,1,0.6364
valentes,1,0.6364
acolorida,1,0.6364
denier,1,0.6364
inèdites,1,0.6364
conservaven,1,0.6364
rebesneta,1,0.6364
xxxiv,1,0.6364
gamón,1,0.6364
disfrutaran,1,0.6364
detalladíssimes,1,0.6364
machí,1,0.6364
guadas,1,0.6364
arévalo,1,0.6364
barrejarà,1,0.6364
mita,1,0.6364
revoltejos,1,0.6364
campanera,1,0.6364
aprendrà,1,0.6364
confessen,1,0.6364
sacristà,1,0.6364
accionar,1,0.6364
habituar,1,0.6364
sents,1,0.6364
voltegen,1,0.6364
menudeta,1,0.6364
embogit,1,0.6364
calcàries,1,0.6364
vibracions,1,0.6364
subratllen,1,0.6364
agradarà,1,0.6364
dramaturga,1,0.6364
graduada,1,0.6364
bestiari,1,0.6364
escorpins,1,0.6364
piscina,1,0.6364
faulelles,1,0.6364
profun,1,0.6364
bàlsam,1,0.6364
inesgota,1,0.6364
innovadors,1,0.6364
aficionada,1,0.6364
bibliote,1,0.6364
fatalisme,1,0.6364
estoïcisme,1,0.6364
plafonse,1,0.6364
carrió,1,0.6364
raúl,1,0.6364
convidant,1,0.6364
ès,1,0.6364
promocione,1,0.6364
cartelleria,1,0.6364
eixen,1,0.6364
reconeiximent,1,0.6364
morira,1,0.6364
desmuntar,1,0.6364
compatibilitzat,1,0.6364
musculatura,1,0.6364
ciments,1,0.6364
besneta,1,0.6364
besàvia,1,0.6364
proposarà,1,0.6364
telemàtiques,1,0.6364
montnegre,1,0.6364
coorganitzada,1,0.6364
repartiran,1,0.6364
immemorial,1,0.6364
esgrimit,1,0.6364
jonquera,1,0.6364
recaredo,1,0.6364
óscar,1,0.6364
barona,1,0.6364
dayana,1,0.6364
artea,1,0.6364
villacañas,1,0.6364
èxodes,1,0.6364
teixirà,1,0.6364
riquíssim,1,0.6364
íntimes,1,0.6364
motivador,1,0.6364
moderar,1,0.6364
subdirectora,1,0.6364
exinspector,1,0.6364
intervinents,1,0.6364
existiria,1,0.6364
mantes,1,0.6364
aliño,1,0.6364
mostrats,1,0.6364
hortolans,1,0.6364
ciega,1,0.6364
valentín,1,0.6364
zarabanda,1,0.6364
rizo,1,0.6364
projectaran,1,0.6364
bouarfa,1,0.6364
deportes,1,0.6364
onnis,1,0.6364
triay,1,0.6364
interpretades,1,0.6364
belarte,1,0.6364
mexicanita,1,0.6364
serigrafia,1,0.6364
bastid,1,0.6364
charlando,1,0.6364
manaut,1,0.6364
viglietti,1,0.6364
pensando,1,0.6364
bernad,1,0.6364
mendigos,1,0.6364
callaron,1,0.6364
campanas,1,0.6364
ardiente,1,0.6364
desnacer,1,0.6364
gorkin,1,0.6364
plantades,1,0.6364
honra,1,0.6364
crocant,1,0.6364
menjant,1,0.6364
posthardcore,1,0.6364
galàxia,1,0.6364
biorobòtica,1,0.6364
nanobiotecnologia,1,0.6364
violinista,1,0.6364
geolingüístiques,1,0.6364
menysteniment,1,0.6364
endèmics,1,0.6364
parèmics,1,0.6364
catorzena,1,0.6364
laxarxa,1,0.6364
vacalebri,1,0.6364
menystindre,1,0.6364
reafirmat,1,0.6364
sectarismes,1,0.6364
recordatori,1,0.6364
impostures,1,0.6364
emboirem,1,0.6364
convertirem,1,0.6364
evidenciar,1,0.6364
diletants,1,0.6364
plastilina,1,0.6364
litus,1,0.6364
abacus,1,0.6364
aterratge,1,0.6364
valriu,1,0.6364
aterrarà,1,0.6364
buïl,1,0.6364
contell,1,0.6364
dialoguen,1,0.6364
riaño,1,0.6364
lastra,1,0.6364
interinstitucionals,1,0.6364
asturianes,1,0.6364
firmarà,1,0.6364
revifar,1,0.6364
dignifique,1,0.6364
orgullosa,1,0.6364
amereu,1,0.6364
fruït,1,0.6364
ensenyaven,1,0.6364
destacaria,1,0.6364
comunicacio,1,0.6364
lavl,1,0.6364
cardiòleg,1,0.6364
cuartero,1,0.6364
balmis,1,0.6364
poveda,1,0.6364
boils,1,0.6364
continuïta,1,0.6364
esborrà,1,0.6364
fotomuntatge,1,0.6364
empodera,1,0.6364
torroella,1,0.6364
repassava,1,0.6364
pasionaria,1,0.6364
antifascistas,1,0.6364
torro,1,0.6364
obsequiat,1,0.6364
feyts,1,0.6364
dèlia,1,0.6364
exploraran,1,0.6364
borbotó,1,0.6364
montes,1,0.6364
retransmissions,1,0.6364
bernàcer,1,0.6364
rellegida,1,0.6364
dramatitzada,1,0.6364
portero,1,0.6364
dalfó,1,0.6364
aritzeta,1,0.6364
albella,1,0.6364
ictionímia,1,0.6364
tríptic,1,0.6364
leccionable,1,0.6364
enclavament,1,0.6364
consulars,1,0.6364
exportaven,1,0.6364
captures,1,0.6364
mariscos,1,0.6364
salinitat,1,0.6364
enriquides,1,0.6364
suquets,1,0.6364
llandetes,1,0.6364
patates,1,0.6364
sardines,1,0.6364
escabetx,1,0.6364
sulsit,1,0.6364
sépies,1,0.6364
brutesca,1,0.6364
cavalla,1,0.6364
xapada,1,0.6364
diablera,1,0.6364
ballen,1,0.6364
arquets,1,0.6364
ressenyen,1,0.6364
